file,norm,fold,epoch,avg_epoch_time,train_acc,test_acc,dataset,model,declared_epochs,norm_type_header,exp
bn_0.txt,bn,0,1,0.2787,0.5994,0.5893,PROTEINS,GIN,300,bn,proteins_gin_gn_fast
bn_0.txt,bn,0,2,0.2489,0.6613,0.6518,PROTEINS,GIN,300,bn,proteins_gin_gn_fast
bn_0.txt,bn,0,3,0.2375,0.5504,0.5625,PROTEINS,GIN,300,bn,proteins_gin_gn_fast
bn_0.txt,bn,0,4,0.2329,0.6464,0.6429,PROTEINS,GIN,300,bn,proteins_gin_gn_fast
bn_0.txt,bn,0,5,0.2302,0.6124,0.6071,PROTEINS,GIN,300,bn,proteins_gin_gn_fast
bn_0.txt,bn,0,6,0.2287,0.6743,0.6161,PROTEINS,GIN,300,bn,proteins_gin_gn_fast
bn_0.txt,bn,0,7,0.2276,0.6044,0.6161,PROTEINS,GIN,300,bn,proteins_gin_gn_fast
bn_0.txt,bn,0,8,0.227,0.6593,0.6696,PROTEINS,GIN,300,bn,proteins_gin_gn_fast
bn_0.txt,bn,0,9,0.2261,0.5974,0.5982,PROTEINS,GIN,300,bn,proteins_gin_gn_fast
bn_0.txt,bn,0,10,0.2254,0.6244,0.625,PROTEINS,GIN,300,bn,proteins_gin_gn_fast
bn_0.txt,bn,0,11,0.2252,0.6733,0.6964,PROTEINS,GIN,300,bn,proteins_gin_gn_fast
bn_0.txt,bn,0,12,0.225,0.6434,0.6429,PROTEINS,GIN,300,bn,proteins_gin_gn_fast
bn_0.txt,bn,0,13,0.2247,0.6693,0.6429,PROTEINS,GIN,300,bn,proteins_gin_gn_fast
bn_0.txt,bn,0,14,0.2245,0.7003,0.6964,PROTEINS,GIN,300,bn,proteins_gin_gn_fast
bn_0.txt,bn,0,15,0.2242,0.7363,0.6964,PROTEINS,GIN,300,bn,proteins_gin_gn_fast
bn_0.txt,bn,0,16,0.2239,0.6983,0.6786,PROTEINS,GIN,300,bn,proteins_gin_gn_fast
bn_0.txt,bn,0,17,0.2239,0.6843,0.6786,PROTEINS,GIN,300,bn,proteins_gin_gn_fast
bn_0.txt,bn,0,18,0.2234,0.7502,0.7232,PROTEINS,GIN,300,bn,proteins_gin_gn_fast
bn_0.txt,bn,0,19,0.2232,0.7233,0.7143,PROTEINS,GIN,300,bn,proteins_gin_gn_fast
bn_0.txt,bn,0,20,0.223,0.7343,0.7143,PROTEINS,GIN,300,bn,proteins_gin_gn_fast
bn_0.txt,bn,0,21,0.2228,0.7522,0.7321,PROTEINS,GIN,300,bn,proteins_gin_gn_fast
bn_0.txt,bn,0,22,0.2226,0.7343,0.7232,PROTEINS,GIN,300,bn,proteins_gin_gn_fast
bn_0.txt,bn,0,23,0.2225,0.7243,0.7679,PROTEINS,GIN,300,bn,proteins_gin_gn_fast
bn_0.txt,bn,0,24,0.2223,0.6523,0.6339,PROTEINS,GIN,300,bn,proteins_gin_gn_fast
bn_0.txt,bn,0,25,0.2222,0.7333,0.7232,PROTEINS,GIN,300,bn,proteins_gin_gn_fast
bn_0.txt,bn,0,26,0.2221,0.7493,0.7232,PROTEINS,GIN,300,bn,proteins_gin_gn_fast
bn_0.txt,bn,0,27,0.2219,0.7003,0.7321,PROTEINS,GIN,300,bn,proteins_gin_gn_fast
bn_0.txt,bn,0,28,0.2218,0.7502,0.7232,PROTEINS,GIN,300,bn,proteins_gin_gn_fast
bn_0.txt,bn,0,29,0.2216,0.7542,0.7054,PROTEINS,GIN,300,bn,proteins_gin_gn_fast
bn_0.txt,bn,0,30,0.2216,0.6933,0.7054,PROTEINS,GIN,300,bn,proteins_gin_gn_fast
bn_0.txt,bn,0,31,0.2214,0.7343,0.7321,PROTEINS,GIN,300,bn,proteins_gin_gn_fast
bn_0.txt,bn,0,32,0.2214,0.6394,0.5804,PROTEINS,GIN,300,bn,proteins_gin_gn_fast
bn_0.txt,bn,0,33,0.2221,0.7053,0.7054,PROTEINS,GIN,300,bn,proteins_gin_gn_fast
bn_0.txt,bn,0,34,0.2219,0.6793,0.625,PROTEINS,GIN,300,bn,proteins_gin_gn_fast
bn_0.txt,bn,0,35,0.2218,0.7153,0.7143,PROTEINS,GIN,300,bn,proteins_gin_gn_fast
bn_0.txt,bn,0,36,0.2218,0.7183,0.6429,PROTEINS,GIN,300,bn,proteins_gin_gn_fast
bn_0.txt,bn,0,37,0.2217,0.6983,0.6964,PROTEINS,GIN,300,bn,proteins_gin_gn_fast
bn_0.txt,bn,0,38,0.2216,0.7522,0.7411,PROTEINS,GIN,300,bn,proteins_gin_gn_fast
bn_0.txt,bn,0,39,0.2215,0.7453,0.7143,PROTEINS,GIN,300,bn,proteins_gin_gn_fast
bn_0.txt,bn,0,40,0.2214,0.7363,0.7411,PROTEINS,GIN,300,bn,proteins_gin_gn_fast
bn_0.txt,bn,0,41,0.2213,0.7133,0.6696,PROTEINS,GIN,300,bn,proteins_gin_gn_fast
bn_0.txt,bn,0,42,0.2212,0.6733,0.6786,PROTEINS,GIN,300,bn,proteins_gin_gn_fast
bn_0.txt,bn,0,43,0.2211,0.6024,0.5536,PROTEINS,GIN,300,bn,proteins_gin_gn_fast
bn_0.txt,bn,0,44,0.2211,0.6993,0.6607,PROTEINS,GIN,300,bn,proteins_gin_gn_fast
bn_0.txt,bn,0,45,0.221,0.7013,0.6786,PROTEINS,GIN,300,bn,proteins_gin_gn_fast
bn_0.txt,bn,0,46,0.221,0.7133,0.6875,PROTEINS,GIN,300,bn,proteins_gin_gn_fast
bn_0.txt,bn,0,47,0.2209,0.7662,0.75,PROTEINS,GIN,300,bn,proteins_gin_gn_fast
bn_0.txt,bn,0,48,0.2208,0.7552,0.75,PROTEINS,GIN,300,bn,proteins_gin_gn_fast
bn_0.txt,bn,0,49,0.2208,0.7493,0.7321,PROTEINS,GIN,300,bn,proteins_gin_gn_fast
bn_0.txt,bn,0,50,0.2208,0.7363,0.7411,PROTEINS,GIN,300,bn,proteins_gin_gn_fast
bn_0.txt,bn,0,51,0.2207,0.7453,0.7143,PROTEINS,GIN,300,bn,proteins_gin_gn_fast
bn_0.txt,bn,0,52,0.2206,0.7313,0.75,PROTEINS,GIN,300,bn,proteins_gin_gn_fast
bn_0.txt,bn,0,53,0.2206,0.7433,0.7321,PROTEINS,GIN,300,bn,proteins_gin_gn_fast
bn_0.txt,bn,0,54,0.2206,0.7273,0.7232,PROTEINS,GIN,300,bn,proteins_gin_gn_fast
bn_0.txt,bn,0,55,0.2205,0.7383,0.75,PROTEINS,GIN,300,bn,proteins_gin_gn_fast
bn_0.txt,bn,0,56,0.2204,0.7483,0.75,PROTEINS,GIN,300,bn,proteins_gin_gn_fast
bn_0.txt,bn,0,57,0.2204,0.7443,0.7679,PROTEINS,GIN,300,bn,proteins_gin_gn_fast
bn_0.txt,bn,0,58,0.2204,0.7473,0.7321,PROTEINS,GIN,300,bn,proteins_gin_gn_fast
bn_0.txt,bn,0,59,0.2204,0.7512,0.75,PROTEINS,GIN,300,bn,proteins_gin_gn_fast
bn_0.txt,bn,0,60,0.2204,0.7473,0.75,PROTEINS,GIN,300,bn,proteins_gin_gn_fast
bn_0.txt,bn,0,61,0.2204,0.7133,0.6696,PROTEINS,GIN,300,bn,proteins_gin_gn_fast
bn_0.txt,bn,0,62,0.2204,0.7483,0.7589,PROTEINS,GIN,300,bn,proteins_gin_gn_fast
bn_0.txt,bn,0,63,0.2204,0.7542,0.7321,PROTEINS,GIN,300,bn,proteins_gin_gn_fast
bn_0.txt,bn,0,64,0.2204,0.7582,0.7768,PROTEINS,GIN,300,bn,proteins_gin_gn_fast
bn_0.txt,bn,0,65,0.2204,0.7532,0.7589,PROTEINS,GIN,300,bn,proteins_gin_gn_fast
bn_0.txt,bn,0,66,0.2204,0.7473,0.7321,PROTEINS,GIN,300,bn,proteins_gin_gn_fast
bn_0.txt,bn,0,67,0.2204,0.7672,0.7679,PROTEINS,GIN,300,bn,proteins_gin_gn_fast
bn_0.txt,bn,0,68,0.2204,0.7572,0.7679,PROTEINS,GIN,300,bn,proteins_gin_gn_fast
bn_0.txt,bn,0,69,0.2204,0.7542,0.7589,PROTEINS,GIN,300,bn,proteins_gin_gn_fast
bn_0.txt,bn,0,70,0.2204,0.7562,0.7589,PROTEINS,GIN,300,bn,proteins_gin_gn_fast
bn_0.txt,bn,0,71,0.2205,0.7582,0.7679,PROTEINS,GIN,300,bn,proteins_gin_gn_fast
bn_0.txt,bn,0,72,0.2206,0.7522,0.7589,PROTEINS,GIN,300,bn,proteins_gin_gn_fast
bn_0.txt,bn,0,73,0.2205,0.7562,0.7589,PROTEINS,GIN,300,bn,proteins_gin_gn_fast
bn_0.txt,bn,0,74,0.2205,0.7473,0.7411,PROTEINS,GIN,300,bn,proteins_gin_gn_fast
bn_0.txt,bn,0,75,0.2205,0.7463,0.7143,PROTEINS,GIN,300,bn,proteins_gin_gn_fast
bn_0.txt,bn,0,76,0.2206,0.7053,0.6964,PROTEINS,GIN,300,bn,proteins_gin_gn_fast
bn_0.txt,bn,0,77,0.2205,0.7323,0.75,PROTEINS,GIN,300,bn,proteins_gin_gn_fast
bn_0.txt,bn,0,78,0.2206,0.7502,0.7589,PROTEINS,GIN,300,bn,proteins_gin_gn_fast
bn_0.txt,bn,0,79,0.2206,0.7273,0.7054,PROTEINS,GIN,300,bn,proteins_gin_gn_fast
bn_0.txt,bn,0,80,0.2206,0.7483,0.7589,PROTEINS,GIN,300,bn,proteins_gin_gn_fast
bn_0.txt,bn,0,81,0.2206,0.6843,0.6429,PROTEINS,GIN,300,bn,proteins_gin_gn_fast
bn_0.txt,bn,0,82,0.2206,0.5684,0.5446,PROTEINS,GIN,300,bn,proteins_gin_gn_fast
bn_0.txt,bn,0,83,0.2206,0.5175,0.5268,PROTEINS,GIN,300,bn,proteins_gin_gn_fast
bn_0.txt,bn,0,84,0.2206,0.7263,0.6518,PROTEINS,GIN,300,bn,proteins_gin_gn_fast
bn_0.txt,bn,0,85,0.2206,0.7433,0.7054,PROTEINS,GIN,300,bn,proteins_gin_gn_fast
bn_0.txt,bn,0,86,0.2207,0.7143,0.6607,PROTEINS,GIN,300,bn,proteins_gin_gn_fast
bn_0.txt,bn,0,87,0.2207,0.7602,0.7857,PROTEINS,GIN,300,bn,proteins_gin_gn_fast
bn_0.txt,bn,0,88,0.2207,0.7652,0.7679,PROTEINS,GIN,300,bn,proteins_gin_gn_fast
bn_0.txt,bn,0,89,0.2208,0.7512,0.7768,PROTEINS,GIN,300,bn,proteins_gin_gn_fast
bn_0.txt,bn,0,90,0.2208,0.7453,0.7768,PROTEINS,GIN,300,bn,proteins_gin_gn_fast
bn_0.txt,bn,0,91,0.2207,0.7483,0.7054,PROTEINS,GIN,300,bn,proteins_gin_gn_fast
bn_0.txt,bn,0,92,0.2208,0.7532,0.7679,PROTEINS,GIN,300,bn,proteins_gin_gn_fast
bn_0.txt,bn,0,93,0.2208,0.7463,0.6964,PROTEINS,GIN,300,bn,proteins_gin_gn_fast
bn_0.txt,bn,0,94,0.2208,0.7542,0.7768,PROTEINS,GIN,300,bn,proteins_gin_gn_fast
bn_0.txt,bn,0,95,0.2208,0.7572,0.7232,PROTEINS,GIN,300,bn,proteins_gin_gn_fast
bn_0.txt,bn,0,96,0.2209,0.7323,0.7411,PROTEINS,GIN,300,bn,proteins_gin_gn_fast
bn_0.txt,bn,0,97,0.2209,0.7512,0.7857,PROTEINS,GIN,300,bn,proteins_gin_gn_fast
bn_0.txt,bn,0,98,0.2209,0.6244,0.5893,PROTEINS,GIN,300,bn,proteins_gin_gn_fast
bn_0.txt,bn,0,99,0.2209,0.7473,0.7232,PROTEINS,GIN,300,bn,proteins_gin_gn_fast
bn_0.txt,bn,0,100,0.2209,0.7662,0.7768,PROTEINS,GIN,300,bn,proteins_gin_gn_fast
bn_0.txt,bn,0,101,0.221,0.7502,0.7411,PROTEINS,GIN,300,bn,proteins_gin_gn_fast
bn_0.txt,bn,0,102,0.221,0.7582,0.7679,PROTEINS,GIN,300,bn,proteins_gin_gn_fast
bn_0.txt,bn,0,103,0.2211,0.7403,0.6875,PROTEINS,GIN,300,bn,proteins_gin_gn_fast
bn_0.txt,bn,0,104,0.221,0.7113,0.7054,PROTEINS,GIN,300,bn,proteins_gin_gn_fast
bn_0.txt,bn,0,105,0.2211,0.7572,0.7321,PROTEINS,GIN,300,bn,proteins_gin_gn_fast
bn_0.txt,bn,0,106,0.2211,0.7413,0.7143,PROTEINS,GIN,300,bn,proteins_gin_gn_fast
bn_0.txt,bn,0,107,0.2212,0.7622,0.7321,PROTEINS,GIN,300,bn,proteins_gin_gn_fast
bn_0.txt,bn,0,108,0.2212,0.7662,0.75,PROTEINS,GIN,300,bn,proteins_gin_gn_fast
bn_0.txt,bn,0,109,0.2212,0.7652,0.75,PROTEINS,GIN,300,bn,proteins_gin_gn_fast
bn_0.txt,bn,0,110,0.2213,0.7662,0.7768,PROTEINS,GIN,300,bn,proteins_gin_gn_fast
bn_0.txt,bn,0,111,0.2213,0.7283,0.6875,PROTEINS,GIN,300,bn,proteins_gin_gn_fast
bn_0.txt,bn,0,112,0.2213,0.7233,0.6964,PROTEINS,GIN,300,bn,proteins_gin_gn_fast
bn_0.txt,bn,0,113,0.2214,0.7253,0.6607,PROTEINS,GIN,300,bn,proteins_gin_gn_fast
bn_0.txt,bn,0,114,0.2214,0.7582,0.7679,PROTEINS,GIN,300,bn,proteins_gin_gn_fast
bn_0.txt,bn,0,115,0.2215,0.7103,0.75,PROTEINS,GIN,300,bn,proteins_gin_gn_fast
bn_0.txt,bn,0,116,0.2215,0.7562,0.7589,PROTEINS,GIN,300,bn,proteins_gin_gn_fast
bn_0.txt,bn,0,117,0.2215,0.7532,0.7321,PROTEINS,GIN,300,bn,proteins_gin_gn_fast
bn_0.txt,bn,0,118,0.2215,0.7622,0.7589,PROTEINS,GIN,300,bn,proteins_gin_gn_fast
bn_0.txt,bn,0,119,0.2215,0.6913,0.6339,PROTEINS,GIN,300,bn,proteins_gin_gn_fast
bn_0.txt,bn,0,120,0.2216,0.7542,0.7232,PROTEINS,GIN,300,bn,proteins_gin_gn_fast
bn_0.txt,bn,0,121,0.2216,0.7612,0.7857,PROTEINS,GIN,300,bn,proteins_gin_gn_fast
bn_0.txt,bn,0,122,0.2216,0.7493,0.7679,PROTEINS,GIN,300,bn,proteins_gin_gn_fast
bn_0.txt,bn,0,123,0.2216,0.7642,0.7589,PROTEINS,GIN,300,bn,proteins_gin_gn_fast
bn_0.txt,bn,0,124,0.2216,0.7592,0.7589,PROTEINS,GIN,300,bn,proteins_gin_gn_fast
bn_0.txt,bn,0,125,0.2216,0.7363,0.7143,PROTEINS,GIN,300,bn,proteins_gin_gn_fast
bn_0.txt,bn,0,126,0.2217,0.7602,0.7589,PROTEINS,GIN,300,bn,proteins_gin_gn_fast
bn_0.txt,bn,0,127,0.2218,0.7083,0.6875,PROTEINS,GIN,300,bn,proteins_gin_gn_fast
bn_0.txt,bn,0,128,0.2218,0.7483,0.7143,PROTEINS,GIN,300,bn,proteins_gin_gn_fast
bn_0.txt,bn,0,129,0.2218,0.7612,0.7589,PROTEINS,GIN,300,bn,proteins_gin_gn_fast
bn_0.txt,bn,0,130,0.2218,0.7483,0.7143,PROTEINS,GIN,300,bn,proteins_gin_gn_fast
bn_0.txt,bn,0,131,0.2218,0.7173,0.7232,PROTEINS,GIN,300,bn,proteins_gin_gn_fast
bn_0.txt,bn,0,132,0.2219,0.7443,0.7054,PROTEINS,GIN,300,bn,proteins_gin_gn_fast
bn_0.txt,bn,0,133,0.2221,0.7493,0.7321,PROTEINS,GIN,300,bn,proteins_gin_gn_fast
bn_0.txt,bn,0,134,0.2221,0.7483,0.75,PROTEINS,GIN,300,bn,proteins_gin_gn_fast
bn_0.txt,bn,0,135,0.2221,0.7632,0.7589,PROTEINS,GIN,300,bn,proteins_gin_gn_fast
bn_0.txt,bn,0,136,0.2221,0.7463,0.7679,PROTEINS,GIN,300,bn,proteins_gin_gn_fast
bn_0.txt,bn,0,137,0.222,0.5894,0.5714,PROTEINS,GIN,300,bn,proteins_gin_gn_fast
bn_0.txt,bn,0,138,0.2221,0.6374,0.6071,PROTEINS,GIN,300,bn,proteins_gin_gn_fast
bn_0.txt,bn,0,139,0.2221,0.6713,0.6339,PROTEINS,GIN,300,bn,proteins_gin_gn_fast
bn_0.txt,bn,0,140,0.2221,0.7433,0.75,PROTEINS,GIN,300,bn,proteins_gin_gn_fast
bn_0.txt,bn,0,141,0.2221,0.7413,0.7143,PROTEINS,GIN,300,bn,proteins_gin_gn_fast
bn_0.txt,bn,0,142,0.2221,0.7702,0.75,PROTEINS,GIN,300,bn,proteins_gin_gn_fast
bn_0.txt,bn,0,143,0.2222,0.7552,0.7411,PROTEINS,GIN,300,bn,proteins_gin_gn_fast
bn_0.txt,bn,0,144,0.2223,0.7373,0.7054,PROTEINS,GIN,300,bn,proteins_gin_gn_fast
bn_0.txt,bn,0,145,0.2223,0.7443,0.6964,PROTEINS,GIN,300,bn,proteins_gin_gn_fast
bn_0.txt,bn,0,146,0.2223,0.7463,0.7857,PROTEINS,GIN,300,bn,proteins_gin_gn_fast
bn_0.txt,bn,0,147,0.2223,0.7582,0.7768,PROTEINS,GIN,300,bn,proteins_gin_gn_fast
bn_0.txt,bn,0,148,0.2223,0.7542,0.7589,PROTEINS,GIN,300,bn,proteins_gin_gn_fast
bn_0.txt,bn,0,149,0.2223,0.7542,0.7589,PROTEINS,GIN,300,bn,proteins_gin_gn_fast
bn_0.txt,bn,0,150,0.2223,0.7512,0.7143,PROTEINS,GIN,300,bn,proteins_gin_gn_fast
bn_0.txt,bn,0,151,0.2224,0.7582,0.7589,PROTEINS,GIN,300,bn,proteins_gin_gn_fast
bn_0.txt,bn,0,152,0.2224,0.7582,0.75,PROTEINS,GIN,300,bn,proteins_gin_gn_fast
bn_0.txt,bn,0,153,0.2224,0.7672,0.7857,PROTEINS,GIN,300,bn,proteins_gin_gn_fast
bn_0.txt,bn,0,154,0.2225,0.7592,0.7411,PROTEINS,GIN,300,bn,proteins_gin_gn_fast
bn_0.txt,bn,0,155,0.2225,0.7662,0.7589,PROTEINS,GIN,300,bn,proteins_gin_gn_fast
bn_0.txt,bn,0,156,0.2225,0.7622,0.7411,PROTEINS,GIN,300,bn,proteins_gin_gn_fast
bn_0.txt,bn,0,157,0.2225,0.7612,0.7054,PROTEINS,GIN,300,bn,proteins_gin_gn_fast
bn_0.txt,bn,0,158,0.2226,0.7712,0.7679,PROTEINS,GIN,300,bn,proteins_gin_gn_fast
bn_0.txt,bn,0,159,0.2226,0.7622,0.75,PROTEINS,GIN,300,bn,proteins_gin_gn_fast
bn_0.txt,bn,0,160,0.2226,0.7173,0.6875,PROTEINS,GIN,300,bn,proteins_gin_gn_fast
bn_0.txt,bn,0,161,0.2226,0.7502,0.7143,PROTEINS,GIN,300,bn,proteins_gin_gn_fast
bn_0.txt,bn,0,162,0.2226,0.7582,0.7411,PROTEINS,GIN,300,bn,proteins_gin_gn_fast
bn_0.txt,bn,0,163,0.2226,0.7672,0.7321,PROTEINS,GIN,300,bn,proteins_gin_gn_fast
bn_0.txt,bn,0,164,0.2226,0.7512,0.7232,PROTEINS,GIN,300,bn,proteins_gin_gn_fast
bn_0.txt,bn,0,165,0.2226,0.7532,0.7589,PROTEINS,GIN,300,bn,proteins_gin_gn_fast
bn_0.txt,bn,0,166,0.2229,0.7502,0.7679,PROTEINS,GIN,300,bn,proteins_gin_gn_fast
bn_0.txt,bn,0,167,0.2229,0.7582,0.6964,PROTEINS,GIN,300,bn,proteins_gin_gn_fast
bn_0.txt,bn,0,168,0.2229,0.7552,0.7054,PROTEINS,GIN,300,bn,proteins_gin_gn_fast
bn_0.txt,bn,0,169,0.2229,0.7612,0.75,PROTEINS,GIN,300,bn,proteins_gin_gn_fast
bn_0.txt,bn,0,170,0.2229,0.7602,0.7768,PROTEINS,GIN,300,bn,proteins_gin_gn_fast
bn_0.txt,bn,0,171,0.2229,0.7592,0.7321,PROTEINS,GIN,300,bn,proteins_gin_gn_fast
bn_0.txt,bn,0,172,0.2229,0.7652,0.7411,PROTEINS,GIN,300,bn,proteins_gin_gn_fast
bn_0.txt,bn,0,173,0.2229,0.7622,0.7589,PROTEINS,GIN,300,bn,proteins_gin_gn_fast
bn_0.txt,bn,0,174,0.223,0.7443,0.7054,PROTEINS,GIN,300,bn,proteins_gin_gn_fast
bn_0.txt,bn,0,175,0.223,0.7522,0.7411,PROTEINS,GIN,300,bn,proteins_gin_gn_fast
bn_0.txt,bn,0,176,0.223,0.7552,0.7143,PROTEINS,GIN,300,bn,proteins_gin_gn_fast
bn_0.txt,bn,0,177,0.223,0.7592,0.7411,PROTEINS,GIN,300,bn,proteins_gin_gn_fast
bn_0.txt,bn,0,178,0.223,0.7532,0.7143,PROTEINS,GIN,300,bn,proteins_gin_gn_fast
bn_0.txt,bn,0,179,0.223,0.7592,0.75,PROTEINS,GIN,300,bn,proteins_gin_gn_fast
bn_0.txt,bn,0,180,0.223,0.7552,0.7589,PROTEINS,GIN,300,bn,proteins_gin_gn_fast
bn_0.txt,bn,0,181,0.223,0.7253,0.6964,PROTEINS,GIN,300,bn,proteins_gin_gn_fast
bn_0.txt,bn,0,182,0.223,0.7343,0.6786,PROTEINS,GIN,300,bn,proteins_gin_gn_fast
bn_0.txt,bn,0,183,0.223,0.7642,0.7679,PROTEINS,GIN,300,bn,proteins_gin_gn_fast
bn_0.txt,bn,0,184,0.223,0.7632,0.75,PROTEINS,GIN,300,bn,proteins_gin_gn_fast
bn_0.txt,bn,0,185,0.223,0.7652,0.7679,PROTEINS,GIN,300,bn,proteins_gin_gn_fast
bn_0.txt,bn,0,186,0.223,0.7532,0.7589,PROTEINS,GIN,300,bn,proteins_gin_gn_fast
bn_0.txt,bn,0,187,0.2231,0.7512,0.7679,PROTEINS,GIN,300,bn,proteins_gin_gn_fast
bn_0.txt,bn,0,188,0.2231,0.7582,0.7679,PROTEINS,GIN,300,bn,proteins_gin_gn_fast
bn_0.txt,bn,0,189,0.2234,0.7582,0.7232,PROTEINS,GIN,300,bn,proteins_gin_gn_fast
bn_0.txt,bn,0,190,0.2236,0.7672,0.7411,PROTEINS,GIN,300,bn,proteins_gin_gn_fast
bn_0.txt,bn,0,191,0.2237,0.7552,0.7143,PROTEINS,GIN,300,bn,proteins_gin_gn_fast
bn_0.txt,bn,0,192,0.2239,0.7423,0.6964,PROTEINS,GIN,300,bn,proteins_gin_gn_fast
bn_0.txt,bn,0,193,0.2239,0.7602,0.7411,PROTEINS,GIN,300,bn,proteins_gin_gn_fast
bn_0.txt,bn,0,194,0.2239,0.7532,0.7143,PROTEINS,GIN,300,bn,proteins_gin_gn_fast
bn_0.txt,bn,0,195,0.224,0.7652,0.75,PROTEINS,GIN,300,bn,proteins_gin_gn_fast
bn_0.txt,bn,0,196,0.224,0.7642,0.7411,PROTEINS,GIN,300,bn,proteins_gin_gn_fast
bn_0.txt,bn,0,197,0.224,0.7692,0.7768,PROTEINS,GIN,300,bn,proteins_gin_gn_fast
bn_0.txt,bn,0,198,0.2241,0.7642,0.75,PROTEINS,GIN,300,bn,proteins_gin_gn_fast
bn_0.txt,bn,0,199,0.2242,0.7453,0.6964,PROTEINS,GIN,300,bn,proteins_gin_gn_fast
bn_0.txt,bn,0,200,0.2242,0.6853,0.6339,PROTEINS,GIN,300,bn,proteins_gin_gn_fast
bn_0.txt,bn,0,201,0.2242,0.7612,0.7679,PROTEINS,GIN,300,bn,proteins_gin_gn_fast
bn_0.txt,bn,0,202,0.2243,0.7632,0.7411,PROTEINS,GIN,300,bn,proteins_gin_gn_fast
bn_0.txt,bn,0,203,0.2243,0.7662,0.7679,PROTEINS,GIN,300,bn,proteins_gin_gn_fast
bn_0.txt,bn,0,204,0.2244,0.7522,0.6964,PROTEINS,GIN,300,bn,proteins_gin_gn_fast
bn_0.txt,bn,0,205,0.2244,0.7552,0.7589,PROTEINS,GIN,300,bn,proteins_gin_gn_fast
bn_0.txt,bn,0,206,0.2244,0.7682,0.7589,PROTEINS,GIN,300,bn,proteins_gin_gn_fast
bn_0.txt,bn,0,207,0.2245,0.7582,0.7589,PROTEINS,GIN,300,bn,proteins_gin_gn_fast
bn_0.txt,bn,0,208,0.2246,0.7502,0.7054,PROTEINS,GIN,300,bn,proteins_gin_gn_fast
bn_0.txt,bn,0,209,0.2246,0.7672,0.7679,PROTEINS,GIN,300,bn,proteins_gin_gn_fast
bn_0.txt,bn,0,210,0.2247,0.7652,0.7679,PROTEINS,GIN,300,bn,proteins_gin_gn_fast
bn_0.txt,bn,0,211,0.2247,0.7642,0.7054,PROTEINS,GIN,300,bn,proteins_gin_gn_fast
bn_0.txt,bn,0,212,0.2247,0.6404,0.5714,PROTEINS,GIN,300,bn,proteins_gin_gn_fast
bn_0.txt,bn,0,213,0.2248,0.7612,0.7589,PROTEINS,GIN,300,bn,proteins_gin_gn_fast
bn_0.txt,bn,0,214,0.2249,0.7552,0.7321,PROTEINS,GIN,300,bn,proteins_gin_gn_fast
bn_0.txt,bn,0,215,0.2249,0.7502,0.7679,PROTEINS,GIN,300,bn,proteins_gin_gn_fast
bn_0.txt,bn,0,216,0.2249,0.7692,0.7321,PROTEINS,GIN,300,bn,proteins_gin_gn_fast
bn_0.txt,bn,0,217,0.2249,0.7702,0.7589,PROTEINS,GIN,300,bn,proteins_gin_gn_fast
bn_0.txt,bn,0,218,0.225,0.7622,0.7411,PROTEINS,GIN,300,bn,proteins_gin_gn_fast
bn_0.txt,bn,0,219,0.225,0.7682,0.75,PROTEINS,GIN,300,bn,proteins_gin_gn_fast
bn_0.txt,bn,0,220,0.225,0.7612,0.7321,PROTEINS,GIN,300,bn,proteins_gin_gn_fast
bn_0.txt,bn,0,221,0.2251,0.7682,0.7679,PROTEINS,GIN,300,bn,proteins_gin_gn_fast
bn_0.txt,bn,0,222,0.2251,0.7602,0.7411,PROTEINS,GIN,300,bn,proteins_gin_gn_fast
bn_0.txt,bn,0,223,0.2251,0.7722,0.7768,PROTEINS,GIN,300,bn,proteins_gin_gn_fast
bn_0.txt,bn,0,224,0.2251,0.7622,0.75,PROTEINS,GIN,300,bn,proteins_gin_gn_fast
bn_0.txt,bn,0,225,0.2251,0.7522,0.7232,PROTEINS,GIN,300,bn,proteins_gin_gn_fast
bn_0.txt,bn,0,226,0.2251,0.7602,0.7321,PROTEINS,GIN,300,bn,proteins_gin_gn_fast
bn_0.txt,bn,0,227,0.2251,0.7692,0.7321,PROTEINS,GIN,300,bn,proteins_gin_gn_fast
bn_0.txt,bn,0,228,0.2251,0.7642,0.7679,PROTEINS,GIN,300,bn,proteins_gin_gn_fast
bn_0.txt,bn,0,229,0.2251,0.7592,0.75,PROTEINS,GIN,300,bn,proteins_gin_gn_fast
bn_0.txt,bn,0,230,0.2251,0.7682,0.75,PROTEINS,GIN,300,bn,proteins_gin_gn_fast
bn_0.txt,bn,0,231,0.225,0.7502,0.7857,PROTEINS,GIN,300,bn,proteins_gin_gn_fast
bn_0.txt,bn,0,232,0.225,0.7672,0.7679,PROTEINS,GIN,300,bn,proteins_gin_gn_fast
bn_0.txt,bn,0,233,0.225,0.7652,0.75,PROTEINS,GIN,300,bn,proteins_gin_gn_fast
bn_0.txt,bn,0,234,0.225,0.7682,0.7321,PROTEINS,GIN,300,bn,proteins_gin_gn_fast
bn_0.txt,bn,0,235,0.2251,0.7562,0.7054,PROTEINS,GIN,300,bn,proteins_gin_gn_fast
bn_0.txt,bn,0,236,0.225,0.7483,0.6786,PROTEINS,GIN,300,bn,proteins_gin_gn_fast
bn_0.txt,bn,0,237,0.2251,0.7532,0.6964,PROTEINS,GIN,300,bn,proteins_gin_gn_fast
bn_0.txt,bn,0,238,0.2251,0.7582,0.7857,PROTEINS,GIN,300,bn,proteins_gin_gn_fast
bn_0.txt,bn,0,239,0.2251,0.7602,0.7054,PROTEINS,GIN,300,bn,proteins_gin_gn_fast
bn_0.txt,bn,0,240,0.2251,0.7483,0.6964,PROTEINS,GIN,300,bn,proteins_gin_gn_fast
bn_0.txt,bn,0,241,0.2252,0.7473,0.7143,PROTEINS,GIN,300,bn,proteins_gin_gn_fast
bn_0.txt,bn,0,242,0.2253,0.7532,0.7679,PROTEINS,GIN,300,bn,proteins_gin_gn_fast
bn_0.txt,bn,0,243,0.2253,0.7622,0.7589,PROTEINS,GIN,300,bn,proteins_gin_gn_fast
bn_0.txt,bn,0,244,0.2253,0.7682,0.7768,PROTEINS,GIN,300,bn,proteins_gin_gn_fast
bn_0.txt,bn,0,245,0.2253,0.7522,0.7321,PROTEINS,GIN,300,bn,proteins_gin_gn_fast
bn_0.txt,bn,0,246,0.2253,0.7612,0.7411,PROTEINS,GIN,300,bn,proteins_gin_gn_fast
bn_0.txt,bn,0,247,0.2254,0.7602,0.7679,PROTEINS,GIN,300,bn,proteins_gin_gn_fast
bn_0.txt,bn,0,248,0.2254,0.7622,0.7857,PROTEINS,GIN,300,bn,proteins_gin_gn_fast
bn_0.txt,bn,0,249,0.2255,0.7652,0.7679,PROTEINS,GIN,300,bn,proteins_gin_gn_fast
bn_0.txt,bn,0,250,0.2255,0.7682,0.7768,PROTEINS,GIN,300,bn,proteins_gin_gn_fast
bn_0.txt,bn,0,251,0.2255,0.7692,0.7679,PROTEINS,GIN,300,bn,proteins_gin_gn_fast
bn_0.txt,bn,0,252,0.2256,0.7662,0.7232,PROTEINS,GIN,300,bn,proteins_gin_gn_fast
bn_0.txt,bn,0,253,0.2256,0.7632,0.7321,PROTEINS,GIN,300,bn,proteins_gin_gn_fast
bn_0.txt,bn,0,254,0.2256,0.7662,0.75,PROTEINS,GIN,300,bn,proteins_gin_gn_fast
bn_0.txt,bn,0,255,0.2256,0.7672,0.7589,PROTEINS,GIN,300,bn,proteins_gin_gn_fast
bn_0.txt,bn,0,256,0.2256,0.7622,0.7321,PROTEINS,GIN,300,bn,proteins_gin_gn_fast
bn_0.txt,bn,0,257,0.2256,0.7652,0.7321,PROTEINS,GIN,300,bn,proteins_gin_gn_fast
bn_0.txt,bn,0,258,0.2256,0.7622,0.7411,PROTEINS,GIN,300,bn,proteins_gin_gn_fast
bn_0.txt,bn,0,259,0.2257,0.7682,0.7321,PROTEINS,GIN,300,bn,proteins_gin_gn_fast
bn_0.txt,bn,0,260,0.2257,0.7253,0.6875,PROTEINS,GIN,300,bn,proteins_gin_gn_fast
bn_0.txt,bn,0,261,0.2257,0.7692,0.75,PROTEINS,GIN,300,bn,proteins_gin_gn_fast
bn_0.txt,bn,0,262,0.2257,0.7682,0.7679,PROTEINS,GIN,300,bn,proteins_gin_gn_fast
bn_0.txt,bn,0,263,0.2257,0.7682,0.7679,PROTEINS,GIN,300,bn,proteins_gin_gn_fast
bn_0.txt,bn,0,264,0.2257,0.7652,0.7589,PROTEINS,GIN,300,bn,proteins_gin_gn_fast
bn_0.txt,bn,0,265,0.2258,0.7612,0.7589,PROTEINS,GIN,300,bn,proteins_gin_gn_fast
bn_0.txt,bn,0,266,0.2258,0.7572,0.7589,PROTEINS,GIN,300,bn,proteins_gin_gn_fast
bn_0.txt,bn,0,267,0.2258,0.7632,0.7232,PROTEINS,GIN,300,bn,proteins_gin_gn_fast
bn_0.txt,bn,0,268,0.2258,0.7672,0.7143,PROTEINS,GIN,300,bn,proteins_gin_gn_fast
bn_0.txt,bn,0,269,0.2258,0.7483,0.7321,PROTEINS,GIN,300,bn,proteins_gin_gn_fast
bn_0.txt,bn,0,270,0.2259,0.7642,0.7679,PROTEINS,GIN,300,bn,proteins_gin_gn_fast
bn_0.txt,bn,0,271,0.2258,0.7682,0.75,PROTEINS,GIN,300,bn,proteins_gin_gn_fast
bn_0.txt,bn,0,272,0.2259,0.7682,0.7589,PROTEINS,GIN,300,bn,proteins_gin_gn_fast
bn_0.txt,bn,0,273,0.2259,0.7692,0.7679,PROTEINS,GIN,300,bn,proteins_gin_gn_fast
bn_0.txt,bn,0,274,0.2259,0.7722,0.7589,PROTEINS,GIN,300,bn,proteins_gin_gn_fast
bn_0.txt,bn,0,275,0.2259,0.7592,0.7054,PROTEINS,GIN,300,bn,proteins_gin_gn_fast
bn_0.txt,bn,0,276,0.226,0.7662,0.75,PROTEINS,GIN,300,bn,proteins_gin_gn_fast
bn_0.txt,bn,0,277,0.226,0.7682,0.7589,PROTEINS,GIN,300,bn,proteins_gin_gn_fast
bn_0.txt,bn,0,278,0.2261,0.7692,0.7411,PROTEINS,GIN,300,bn,proteins_gin_gn_fast
bn_0.txt,bn,0,279,0.226,0.7632,0.7589,PROTEINS,GIN,300,bn,proteins_gin_gn_fast
bn_0.txt,bn,0,280,0.2261,0.7662,0.75,PROTEINS,GIN,300,bn,proteins_gin_gn_fast
bn_0.txt,bn,0,281,0.2263,0.7662,0.75,PROTEINS,GIN,300,bn,proteins_gin_gn_fast
bn_0.txt,bn,0,282,0.2264,0.7562,0.75,PROTEINS,GIN,300,bn,proteins_gin_gn_fast
bn_0.txt,bn,0,283,0.2264,0.7692,0.7411,PROTEINS,GIN,300,bn,proteins_gin_gn_fast
bn_0.txt,bn,0,284,0.2265,0.7682,0.7679,PROTEINS,GIN,300,bn,proteins_gin_gn_fast
bn_0.txt,bn,0,285,0.2265,0.7722,0.7679,PROTEINS,GIN,300,bn,proteins_gin_gn_fast
bn_0.txt,bn,0,286,0.2266,0.7742,0.7679,PROTEINS,GIN,300,bn,proteins_gin_gn_fast
bn_0.txt,bn,0,287,0.2266,0.7732,0.7589,PROTEINS,GIN,300,bn,proteins_gin_gn_fast
bn_0.txt,bn,0,288,0.2266,0.7742,0.7411,PROTEINS,GIN,300,bn,proteins_gin_gn_fast
bn_0.txt,bn,0,289,0.2266,0.7782,0.7321,PROTEINS,GIN,300,bn,proteins_gin_gn_fast
bn_0.txt,bn,0,290,0.2267,0.7742,0.7411,PROTEINS,GIN,300,bn,proteins_gin_gn_fast
bn_0.txt,bn,0,291,0.2267,0.7752,0.75,PROTEINS,GIN,300,bn,proteins_gin_gn_fast
bn_0.txt,bn,0,292,0.2267,0.7742,0.75,PROTEINS,GIN,300,bn,proteins_gin_gn_fast
bn_0.txt,bn,0,293,0.2267,0.7752,0.75,PROTEINS,GIN,300,bn,proteins_gin_gn_fast
bn_0.txt,bn,0,294,0.2267,0.7752,0.75,PROTEINS,GIN,300,bn,proteins_gin_gn_fast
bn_0.txt,bn,0,295,0.2267,0.7742,0.7411,PROTEINS,GIN,300,bn,proteins_gin_gn_fast
bn_0.txt,bn,0,296,0.2267,0.7692,0.7589,PROTEINS,GIN,300,bn,proteins_gin_gn_fast
bn_0.txt,bn,0,297,0.227,0.7712,0.75,PROTEINS,GIN,300,bn,proteins_gin_gn_fast
bn_0.txt,bn,0,298,0.227,0.7732,0.7589,PROTEINS,GIN,300,bn,proteins_gin_gn_fast
bn_0.txt,bn,0,299,0.2272,0.7732,0.75,PROTEINS,GIN,300,bn,proteins_gin_gn_fast
bn_0.txt,bn,0,300,0.2272,0.7752,0.7589,PROTEINS,GIN,300,bn,proteins_gin_gn_fast
bn_1.txt,bn,1,1,0.2759,0.4076,0.4196,PROTEINS,GIN,300,bn,proteins_gin_gn_fast
bn_1.txt,bn,1,2,0.2459,0.4785,0.4554,PROTEINS,GIN,300,bn,proteins_gin_gn_fast
bn_1.txt,bn,1,3,0.2348,0.5964,0.5982,PROTEINS,GIN,300,bn,proteins_gin_gn_fast
bn_1.txt,bn,1,4,0.23,0.6673,0.6339,PROTEINS,GIN,300,bn,proteins_gin_gn_fast
bn_1.txt,bn,1,5,0.2266,0.6643,0.6071,PROTEINS,GIN,300,bn,proteins_gin_gn_fast
bn_1.txt,bn,1,6,0.2246,0.6913,0.6607,PROTEINS,GIN,300,bn,proteins_gin_gn_fast
bn_1.txt,bn,1,7,0.2235,0.6214,0.6161,PROTEINS,GIN,300,bn,proteins_gin_gn_fast
bn_1.txt,bn,1,8,0.2225,0.5724,0.5357,PROTEINS,GIN,300,bn,proteins_gin_gn_fast
bn_1.txt,bn,1,9,0.2216,0.6733,0.6339,PROTEINS,GIN,300,bn,proteins_gin_gn_fast
bn_1.txt,bn,1,10,0.2206,0.6813,0.6607,PROTEINS,GIN,300,bn,proteins_gin_gn_fast
bn_1.txt,bn,1,11,0.2199,0.6464,0.6518,PROTEINS,GIN,300,bn,proteins_gin_gn_fast
bn_1.txt,bn,1,12,0.2197,0.7193,0.7054,PROTEINS,GIN,300,bn,proteins_gin_gn_fast
bn_1.txt,bn,1,13,0.2193,0.7343,0.7054,PROTEINS,GIN,300,bn,proteins_gin_gn_fast
bn_1.txt,bn,1,14,0.2192,0.6454,0.5714,PROTEINS,GIN,300,bn,proteins_gin_gn_fast
bn_1.txt,bn,1,15,0.2192,0.6743,0.6964,PROTEINS,GIN,300,bn,proteins_gin_gn_fast
bn_1.txt,bn,1,16,0.2188,0.7493,0.7232,PROTEINS,GIN,300,bn,proteins_gin_gn_fast
bn_1.txt,bn,1,17,0.2184,0.6523,0.6071,PROTEINS,GIN,300,bn,proteins_gin_gn_fast
bn_1.txt,bn,1,18,0.2181,0.7133,0.6429,PROTEINS,GIN,300,bn,proteins_gin_gn_fast
bn_1.txt,bn,1,19,0.2179,0.6953,0.7411,PROTEINS,GIN,300,bn,proteins_gin_gn_fast
bn_1.txt,bn,1,20,0.2176,0.7033,0.7143,PROTEINS,GIN,300,bn,proteins_gin_gn_fast
bn_1.txt,bn,1,21,0.2175,0.6284,0.6339,PROTEINS,GIN,300,bn,proteins_gin_gn_fast
bn_1.txt,bn,1,22,0.2173,0.4945,0.4464,PROTEINS,GIN,300,bn,proteins_gin_gn_fast
bn_1.txt,bn,1,23,0.217,0.6833,0.7232,PROTEINS,GIN,300,bn,proteins_gin_gn_fast
bn_1.txt,bn,1,24,0.2168,0.6503,0.625,PROTEINS,GIN,300,bn,proteins_gin_gn_fast
bn_1.txt,bn,1,25,0.2169,0.7093,0.7411,PROTEINS,GIN,300,bn,proteins_gin_gn_fast
bn_1.txt,bn,1,26,0.2168,0.5994,0.5357,PROTEINS,GIN,300,bn,proteins_gin_gn_fast
bn_1.txt,bn,1,27,0.2167,0.7483,0.7411,PROTEINS,GIN,300,bn,proteins_gin_gn_fast
bn_1.txt,bn,1,28,0.2168,0.7483,0.75,PROTEINS,GIN,300,bn,proteins_gin_gn_fast
bn_1.txt,bn,1,29,0.2167,0.7552,0.7679,PROTEINS,GIN,300,bn,proteins_gin_gn_fast
bn_1.txt,bn,1,30,0.2166,0.7453,0.7321,PROTEINS,GIN,300,bn,proteins_gin_gn_fast
bn_1.txt,bn,1,31,0.2166,0.7592,0.7321,PROTEINS,GIN,300,bn,proteins_gin_gn_fast
bn_1.txt,bn,1,32,0.2166,0.7263,0.7411,PROTEINS,GIN,300,bn,proteins_gin_gn_fast
bn_1.txt,bn,1,33,0.2175,0.7652,0.7411,PROTEINS,GIN,300,bn,proteins_gin_gn_fast
bn_1.txt,bn,1,34,0.2181,0.7572,0.7589,PROTEINS,GIN,300,bn,proteins_gin_gn_fast
bn_1.txt,bn,1,35,0.2182,0.7672,0.7321,PROTEINS,GIN,300,bn,proteins_gin_gn_fast
bn_1.txt,bn,1,36,0.219,0.7403,0.75,PROTEINS,GIN,300,bn,proteins_gin_gn_fast
bn_1.txt,bn,1,37,0.2192,0.7043,0.7232,PROTEINS,GIN,300,bn,proteins_gin_gn_fast
bn_1.txt,bn,1,38,0.2197,0.7463,0.7321,PROTEINS,GIN,300,bn,proteins_gin_gn_fast
bn_1.txt,bn,1,39,0.2196,0.7053,0.6964,PROTEINS,GIN,300,bn,proteins_gin_gn_fast
bn_1.txt,bn,1,40,0.2197,0.7093,0.75,PROTEINS,GIN,300,bn,proteins_gin_gn_fast
bn_1.txt,bn,1,41,0.2196,0.7233,0.6964,PROTEINS,GIN,300,bn,proteins_gin_gn_fast
bn_1.txt,bn,1,42,0.2196,0.6833,0.6518,PROTEINS,GIN,300,bn,proteins_gin_gn_fast
bn_1.txt,bn,1,43,0.2194,0.7243,0.7321,PROTEINS,GIN,300,bn,proteins_gin_gn_fast
bn_1.txt,bn,1,44,0.2193,0.7512,0.7411,PROTEINS,GIN,300,bn,proteins_gin_gn_fast
bn_1.txt,bn,1,45,0.2198,0.7612,0.7768,PROTEINS,GIN,300,bn,proteins_gin_gn_fast
bn_1.txt,bn,1,46,0.2198,0.7483,0.7589,PROTEINS,GIN,300,bn,proteins_gin_gn_fast
bn_1.txt,bn,1,47,0.22,0.7243,0.7054,PROTEINS,GIN,300,bn,proteins_gin_gn_fast
bn_1.txt,bn,1,48,0.2204,0.7383,0.7411,PROTEINS,GIN,300,bn,proteins_gin_gn_fast
bn_1.txt,bn,1,49,0.2203,0.7532,0.7768,PROTEINS,GIN,300,bn,proteins_gin_gn_fast
bn_1.txt,bn,1,50,0.2203,0.7213,0.7143,PROTEINS,GIN,300,bn,proteins_gin_gn_fast
bn_1.txt,bn,1,51,0.2204,0.6374,0.6071,PROTEINS,GIN,300,bn,proteins_gin_gn_fast
bn_1.txt,bn,1,52,0.2203,0.7562,0.7857,PROTEINS,GIN,300,bn,proteins_gin_gn_fast
bn_1.txt,bn,1,53,0.2208,0.7403,0.7679,PROTEINS,GIN,300,bn,proteins_gin_gn_fast
bn_1.txt,bn,1,54,0.2212,0.7592,0.7679,PROTEINS,GIN,300,bn,proteins_gin_gn_fast
bn_1.txt,bn,1,55,0.2214,0.7562,0.75,PROTEINS,GIN,300,bn,proteins_gin_gn_fast
bn_1.txt,bn,1,56,0.2213,0.7582,0.7589,PROTEINS,GIN,300,bn,proteins_gin_gn_fast
bn_1.txt,bn,1,57,0.2214,0.7433,0.7143,PROTEINS,GIN,300,bn,proteins_gin_gn_fast
bn_1.txt,bn,1,58,0.2213,0.7413,0.6964,PROTEINS,GIN,300,bn,proteins_gin_gn_fast
bn_1.txt,bn,1,59,0.2212,0.7083,0.7054,PROTEINS,GIN,300,bn,proteins_gin_gn_fast
bn_1.txt,bn,1,60,0.2211,0.7353,0.7589,PROTEINS,GIN,300,bn,proteins_gin_gn_fast
bn_1.txt,bn,1,61,0.2212,0.7632,0.7679,PROTEINS,GIN,300,bn,proteins_gin_gn_fast
bn_1.txt,bn,1,62,0.2211,0.7602,0.7768,PROTEINS,GIN,300,bn,proteins_gin_gn_fast
bn_1.txt,bn,1,63,0.2213,0.7512,0.7411,PROTEINS,GIN,300,bn,proteins_gin_gn_fast
bn_1.txt,bn,1,64,0.2213,0.7572,0.7768,PROTEINS,GIN,300,bn,proteins_gin_gn_fast
bn_1.txt,bn,1,65,0.2214,0.7143,0.7589,PROTEINS,GIN,300,bn,proteins_gin_gn_fast
bn_1.txt,bn,1,66,0.2213,0.7542,0.7589,PROTEINS,GIN,300,bn,proteins_gin_gn_fast
bn_1.txt,bn,1,67,0.2214,0.7393,0.7411,PROTEINS,GIN,300,bn,proteins_gin_gn_fast
bn_1.txt,bn,1,68,0.2214,0.7572,0.7857,PROTEINS,GIN,300,bn,proteins_gin_gn_fast
bn_1.txt,bn,1,69,0.2214,0.6713,0.6518,PROTEINS,GIN,300,bn,proteins_gin_gn_fast
bn_1.txt,bn,1,70,0.2217,0.7562,0.7857,PROTEINS,GIN,300,bn,proteins_gin_gn_fast
bn_1.txt,bn,1,71,0.2215,0.5674,0.5625,PROTEINS,GIN,300,bn,proteins_gin_gn_fast
bn_1.txt,bn,1,72,0.2215,0.7632,0.7589,PROTEINS,GIN,300,bn,proteins_gin_gn_fast
bn_1.txt,bn,1,73,0.2215,0.7542,0.7232,PROTEINS,GIN,300,bn,proteins_gin_gn_fast
bn_1.txt,bn,1,74,0.2214,0.7622,0.7768,PROTEINS,GIN,300,bn,proteins_gin_gn_fast
bn_1.txt,bn,1,75,0.2214,0.7552,0.7589,PROTEINS,GIN,300,bn,proteins_gin_gn_fast
bn_1.txt,bn,1,76,0.2214,0.7453,0.7232,PROTEINS,GIN,300,bn,proteins_gin_gn_fast
bn_1.txt,bn,1,77,0.2213,0.6813,0.6518,PROTEINS,GIN,300,bn,proteins_gin_gn_fast
bn_1.txt,bn,1,78,0.2213,0.7483,0.75,PROTEINS,GIN,300,bn,proteins_gin_gn_fast
bn_1.txt,bn,1,79,0.2213,0.7473,0.75,PROTEINS,GIN,300,bn,proteins_gin_gn_fast
bn_1.txt,bn,1,80,0.2213,0.7522,0.7679,PROTEINS,GIN,300,bn,proteins_gin_gn_fast
bn_1.txt,bn,1,81,0.2214,0.7542,0.7321,PROTEINS,GIN,300,bn,proteins_gin_gn_fast
bn_1.txt,bn,1,82,0.2215,0.7393,0.7321,PROTEINS,GIN,300,bn,proteins_gin_gn_fast
bn_1.txt,bn,1,83,0.2217,0.7493,0.7232,PROTEINS,GIN,300,bn,proteins_gin_gn_fast
bn_1.txt,bn,1,84,0.2217,0.7592,0.7857,PROTEINS,GIN,300,bn,proteins_gin_gn_fast
bn_1.txt,bn,1,85,0.2217,0.7083,0.6875,PROTEINS,GIN,300,bn,proteins_gin_gn_fast
bn_1.txt,bn,1,86,0.2216,0.7682,0.75,PROTEINS,GIN,300,bn,proteins_gin_gn_fast
bn_1.txt,bn,1,87,0.2215,0.7173,0.6786,PROTEINS,GIN,300,bn,proteins_gin_gn_fast
bn_1.txt,bn,1,88,0.2215,0.7483,0.7321,PROTEINS,GIN,300,bn,proteins_gin_gn_fast
bn_1.txt,bn,1,89,0.2216,0.7722,0.7768,PROTEINS,GIN,300,bn,proteins_gin_gn_fast
bn_1.txt,bn,1,90,0.2216,0.7293,0.6964,PROTEINS,GIN,300,bn,proteins_gin_gn_fast
bn_1.txt,bn,1,91,0.2216,0.7652,0.7768,PROTEINS,GIN,300,bn,proteins_gin_gn_fast
bn_1.txt,bn,1,92,0.2216,0.7572,0.7054,PROTEINS,GIN,300,bn,proteins_gin_gn_fast
bn_1.txt,bn,1,93,0.2215,0.7542,0.7321,PROTEINS,GIN,300,bn,proteins_gin_gn_fast
bn_1.txt,bn,1,94,0.2215,0.7473,0.7411,PROTEINS,GIN,300,bn,proteins_gin_gn_fast
bn_1.txt,bn,1,95,0.2215,0.7413,0.7321,PROTEINS,GIN,300,bn,proteins_gin_gn_fast
bn_1.txt,bn,1,96,0.2215,0.7343,0.7321,PROTEINS,GIN,300,bn,proteins_gin_gn_fast
bn_1.txt,bn,1,97,0.2214,0.6014,0.5714,PROTEINS,GIN,300,bn,proteins_gin_gn_fast
bn_1.txt,bn,1,98,0.2214,0.6833,0.6875,PROTEINS,GIN,300,bn,proteins_gin_gn_fast
bn_1.txt,bn,1,99,0.2214,0.6484,0.6518,PROTEINS,GIN,300,bn,proteins_gin_gn_fast
bn_1.txt,bn,1,100,0.2213,0.7283,0.7232,PROTEINS,GIN,300,bn,proteins_gin_gn_fast
bn_1.txt,bn,1,101,0.2213,0.7612,0.7679,PROTEINS,GIN,300,bn,proteins_gin_gn_fast
bn_1.txt,bn,1,102,0.2212,0.6793,0.6964,PROTEINS,GIN,300,bn,proteins_gin_gn_fast
bn_1.txt,bn,1,103,0.2212,0.7692,0.7411,PROTEINS,GIN,300,bn,proteins_gin_gn_fast
bn_1.txt,bn,1,104,0.2212,0.7512,0.7321,PROTEINS,GIN,300,bn,proteins_gin_gn_fast
bn_1.txt,bn,1,105,0.2211,0.7363,0.7768,PROTEINS,GIN,300,bn,proteins_gin_gn_fast
bn_1.txt,bn,1,106,0.2211,0.7652,0.7679,PROTEINS,GIN,300,bn,proteins_gin_gn_fast
bn_1.txt,bn,1,107,0.2211,0.7423,0.7411,PROTEINS,GIN,300,bn,proteins_gin_gn_fast
bn_1.txt,bn,1,108,0.2211,0.7512,0.75,PROTEINS,GIN,300,bn,proteins_gin_gn_fast
bn_1.txt,bn,1,109,0.221,0.7662,0.7768,PROTEINS,GIN,300,bn,proteins_gin_gn_fast
bn_1.txt,bn,1,110,0.221,0.7243,0.6607,PROTEINS,GIN,300,bn,proteins_gin_gn_fast
bn_1.txt,bn,1,111,0.221,0.7562,0.7232,PROTEINS,GIN,300,bn,proteins_gin_gn_fast
bn_1.txt,bn,1,112,0.2209,0.7532,0.7411,PROTEINS,GIN,300,bn,proteins_gin_gn_fast
bn_1.txt,bn,1,113,0.2209,0.7632,0.7411,PROTEINS,GIN,300,bn,proteins_gin_gn_fast
bn_1.txt,bn,1,114,0.2208,0.7672,0.7589,PROTEINS,GIN,300,bn,proteins_gin_gn_fast
bn_1.txt,bn,1,115,0.2208,0.7642,0.7679,PROTEINS,GIN,300,bn,proteins_gin_gn_fast
bn_1.txt,bn,1,116,0.2207,0.7602,0.7768,PROTEINS,GIN,300,bn,proteins_gin_gn_fast
bn_1.txt,bn,1,117,0.2208,0.7642,0.8036,PROTEINS,GIN,300,bn,proteins_gin_gn_fast
bn_1.txt,bn,1,118,0.2207,0.7413,0.7411,PROTEINS,GIN,300,bn,proteins_gin_gn_fast
bn_1.txt,bn,1,119,0.2207,0.7552,0.7411,PROTEINS,GIN,300,bn,proteins_gin_gn_fast
bn_1.txt,bn,1,120,0.2208,0.7552,0.7411,PROTEINS,GIN,300,bn,proteins_gin_gn_fast
bn_1.txt,bn,1,121,0.2209,0.7582,0.7768,PROTEINS,GIN,300,bn,proteins_gin_gn_fast
bn_1.txt,bn,1,122,0.2209,0.7512,0.7232,PROTEINS,GIN,300,bn,proteins_gin_gn_fast
bn_1.txt,bn,1,123,0.221,0.7253,0.6786,PROTEINS,GIN,300,bn,proteins_gin_gn_fast
bn_1.txt,bn,1,124,0.221,0.7473,0.7321,PROTEINS,GIN,300,bn,proteins_gin_gn_fast
bn_1.txt,bn,1,125,0.221,0.7622,0.7679,PROTEINS,GIN,300,bn,proteins_gin_gn_fast
bn_1.txt,bn,1,126,0.2211,0.7373,0.7232,PROTEINS,GIN,300,bn,proteins_gin_gn_fast
bn_1.txt,bn,1,127,0.221,0.7632,0.75,PROTEINS,GIN,300,bn,proteins_gin_gn_fast
bn_1.txt,bn,1,128,0.221,0.7582,0.7679,PROTEINS,GIN,300,bn,proteins_gin_gn_fast
bn_1.txt,bn,1,129,0.221,0.7542,0.7321,PROTEINS,GIN,300,bn,proteins_gin_gn_fast
bn_1.txt,bn,1,130,0.221,0.7682,0.75,PROTEINS,GIN,300,bn,proteins_gin_gn_fast
bn_1.txt,bn,1,131,0.221,0.7602,0.7321,PROTEINS,GIN,300,bn,proteins_gin_gn_fast
bn_1.txt,bn,1,132,0.221,0.7243,0.6786,PROTEINS,GIN,300,bn,proteins_gin_gn_fast
bn_1.txt,bn,1,133,0.2213,0.7393,0.6875,PROTEINS,GIN,300,bn,proteins_gin_gn_fast
bn_1.txt,bn,1,134,0.2214,0.7592,0.7679,PROTEINS,GIN,300,bn,proteins_gin_gn_fast
bn_1.txt,bn,1,135,0.2213,0.7253,0.6875,PROTEINS,GIN,300,bn,proteins_gin_gn_fast
bn_1.txt,bn,1,136,0.2213,0.7682,0.7143,PROTEINS,GIN,300,bn,proteins_gin_gn_fast
bn_1.txt,bn,1,137,0.2212,0.7542,0.7321,PROTEINS,GIN,300,bn,proteins_gin_gn_fast
bn_1.txt,bn,1,138,0.2212,0.7522,0.7321,PROTEINS,GIN,300,bn,proteins_gin_gn_fast
bn_1.txt,bn,1,139,0.2214,0.7672,0.75,PROTEINS,GIN,300,bn,proteins_gin_gn_fast
bn_1.txt,bn,1,140,0.2214,0.7552,0.7232,PROTEINS,GIN,300,bn,proteins_gin_gn_fast
bn_1.txt,bn,1,141,0.2216,0.7502,0.7143,PROTEINS,GIN,300,bn,proteins_gin_gn_fast
bn_1.txt,bn,1,142,0.2215,0.7662,0.7768,PROTEINS,GIN,300,bn,proteins_gin_gn_fast
bn_1.txt,bn,1,143,0.2215,0.7363,0.7589,PROTEINS,GIN,300,bn,proteins_gin_gn_fast
bn_1.txt,bn,1,144,0.2215,0.7592,0.7411,PROTEINS,GIN,300,bn,proteins_gin_gn_fast
bn_1.txt,bn,1,145,0.2215,0.7552,0.7143,PROTEINS,GIN,300,bn,proteins_gin_gn_fast
bn_1.txt,bn,1,146,0.2214,0.7612,0.7321,PROTEINS,GIN,300,bn,proteins_gin_gn_fast
bn_1.txt,bn,1,147,0.2214,0.7682,0.7768,PROTEINS,GIN,300,bn,proteins_gin_gn_fast
bn_1.txt,bn,1,148,0.2214,0.7263,0.7232,PROTEINS,GIN,300,bn,proteins_gin_gn_fast
bn_1.txt,bn,1,149,0.2214,0.7542,0.7411,PROTEINS,GIN,300,bn,proteins_gin_gn_fast
bn_1.txt,bn,1,150,0.2213,0.7632,0.7143,PROTEINS,GIN,300,bn,proteins_gin_gn_fast
bn_1.txt,bn,1,151,0.2213,0.7512,0.7232,PROTEINS,GIN,300,bn,proteins_gin_gn_fast
bn_1.txt,bn,1,152,0.2213,0.7582,0.75,PROTEINS,GIN,300,bn,proteins_gin_gn_fast
bn_1.txt,bn,1,153,0.2213,0.7722,0.7589,PROTEINS,GIN,300,bn,proteins_gin_gn_fast
bn_1.txt,bn,1,154,0.2212,0.7602,0.7589,PROTEINS,GIN,300,bn,proteins_gin_gn_fast
bn_1.txt,bn,1,155,0.2212,0.7572,0.7589,PROTEINS,GIN,300,bn,proteins_gin_gn_fast
bn_1.txt,bn,1,156,0.2212,0.7552,0.75,PROTEINS,GIN,300,bn,proteins_gin_gn_fast
bn_1.txt,bn,1,157,0.2212,0.7732,0.7679,PROTEINS,GIN,300,bn,proteins_gin_gn_fast
bn_1.txt,bn,1,158,0.2212,0.7502,0.7589,PROTEINS,GIN,300,bn,proteins_gin_gn_fast
bn_1.txt,bn,1,159,0.2211,0.7433,0.7321,PROTEINS,GIN,300,bn,proteins_gin_gn_fast
bn_1.txt,bn,1,160,0.2211,0.7383,0.7768,PROTEINS,GIN,300,bn,proteins_gin_gn_fast
bn_1.txt,bn,1,161,0.2211,0.7652,0.75,PROTEINS,GIN,300,bn,proteins_gin_gn_fast
bn_1.txt,bn,1,162,0.2211,0.7712,0.7768,PROTEINS,GIN,300,bn,proteins_gin_gn_fast
bn_1.txt,bn,1,163,0.2211,0.7722,0.75,PROTEINS,GIN,300,bn,proteins_gin_gn_fast
bn_1.txt,bn,1,164,0.221,0.7662,0.7946,PROTEINS,GIN,300,bn,proteins_gin_gn_fast
bn_1.txt,bn,1,165,0.221,0.7652,0.7679,PROTEINS,GIN,300,bn,proteins_gin_gn_fast
bn_1.txt,bn,1,166,0.2211,0.7582,0.6964,PROTEINS,GIN,300,bn,proteins_gin_gn_fast
bn_1.txt,bn,1,167,0.2211,0.6833,0.6339,PROTEINS,GIN,300,bn,proteins_gin_gn_fast
bn_1.txt,bn,1,168,0.2211,0.7512,0.7589,PROTEINS,GIN,300,bn,proteins_gin_gn_fast
bn_1.txt,bn,1,169,0.2211,0.7283,0.7054,PROTEINS,GIN,300,bn,proteins_gin_gn_fast
bn_1.txt,bn,1,170,0.2211,0.7642,0.75,PROTEINS,GIN,300,bn,proteins_gin_gn_fast
bn_1.txt,bn,1,171,0.221,0.7542,0.7054,PROTEINS,GIN,300,bn,proteins_gin_gn_fast
bn_1.txt,bn,1,172,0.221,0.7582,0.7411,PROTEINS,GIN,300,bn,proteins_gin_gn_fast
bn_1.txt,bn,1,173,0.221,0.7652,0.7589,PROTEINS,GIN,300,bn,proteins_gin_gn_fast
bn_1.txt,bn,1,174,0.221,0.7632,0.7679,PROTEINS,GIN,300,bn,proteins_gin_gn_fast
bn_1.txt,bn,1,175,0.2209,0.7542,0.7679,PROTEINS,GIN,300,bn,proteins_gin_gn_fast
bn_1.txt,bn,1,176,0.2209,0.7652,0.7768,PROTEINS,GIN,300,bn,proteins_gin_gn_fast
bn_1.txt,bn,1,177,0.2209,0.7722,0.75,PROTEINS,GIN,300,bn,proteins_gin_gn_fast
bn_1.txt,bn,1,178,0.2208,0.7592,0.7589,PROTEINS,GIN,300,bn,proteins_gin_gn_fast
bn_1.txt,bn,1,179,0.2208,0.7652,0.7589,PROTEINS,GIN,300,bn,proteins_gin_gn_fast
bn_1.txt,bn,1,180,0.2208,0.7702,0.7679,PROTEINS,GIN,300,bn,proteins_gin_gn_fast
bn_1.txt,bn,1,181,0.2208,0.7672,0.7589,PROTEINS,GIN,300,bn,proteins_gin_gn_fast
bn_1.txt,bn,1,182,0.2207,0.7572,0.7411,PROTEINS,GIN,300,bn,proteins_gin_gn_fast
bn_1.txt,bn,1,183,0.2207,0.7712,0.7589,PROTEINS,GIN,300,bn,proteins_gin_gn_fast
bn_1.txt,bn,1,184,0.2207,0.7672,0.7411,PROTEINS,GIN,300,bn,proteins_gin_gn_fast
bn_1.txt,bn,1,185,0.2207,0.7682,0.7321,PROTEINS,GIN,300,bn,proteins_gin_gn_fast
bn_1.txt,bn,1,186,0.2207,0.7742,0.7589,PROTEINS,GIN,300,bn,proteins_gin_gn_fast
bn_1.txt,bn,1,187,0.2207,0.7213,0.7054,PROTEINS,GIN,300,bn,proteins_gin_gn_fast
bn_1.txt,bn,1,188,0.2206,0.7572,0.7411,PROTEINS,GIN,300,bn,proteins_gin_gn_fast
bn_1.txt,bn,1,189,0.2206,0.7383,0.75,PROTEINS,GIN,300,bn,proteins_gin_gn_fast
bn_1.txt,bn,1,190,0.2206,0.7373,0.7411,PROTEINS,GIN,300,bn,proteins_gin_gn_fast
bn_1.txt,bn,1,191,0.2206,0.7463,0.7321,PROTEINS,GIN,300,bn,proteins_gin_gn_fast
bn_1.txt,bn,1,192,0.2205,0.7742,0.7411,PROTEINS,GIN,300,bn,proteins_gin_gn_fast
bn_1.txt,bn,1,193,0.2205,0.7612,0.7232,PROTEINS,GIN,300,bn,proteins_gin_gn_fast
bn_1.txt,bn,1,194,0.2205,0.7712,0.7321,PROTEINS,GIN,300,bn,proteins_gin_gn_fast
bn_1.txt,bn,1,195,0.2205,0.7702,0.75,PROTEINS,GIN,300,bn,proteins_gin_gn_fast
bn_1.txt,bn,1,196,0.2205,0.7542,0.7411,PROTEINS,GIN,300,bn,proteins_gin_gn_fast
bn_1.txt,bn,1,197,0.2205,0.7612,0.7411,PROTEINS,GIN,300,bn,proteins_gin_gn_fast
bn_1.txt,bn,1,198,0.2204,0.7712,0.75,PROTEINS,GIN,300,bn,proteins_gin_gn_fast
bn_1.txt,bn,1,199,0.2204,0.7702,0.7768,PROTEINS,GIN,300,bn,proteins_gin_gn_fast
bn_1.txt,bn,1,200,0.2204,0.7642,0.7321,PROTEINS,GIN,300,bn,proteins_gin_gn_fast
bn_1.txt,bn,1,201,0.2203,0.7413,0.7232,PROTEINS,GIN,300,bn,proteins_gin_gn_fast
bn_1.txt,bn,1,202,0.2203,0.7732,0.75,PROTEINS,GIN,300,bn,proteins_gin_gn_fast
bn_1.txt,bn,1,203,0.2203,0.7772,0.75,PROTEINS,GIN,300,bn,proteins_gin_gn_fast
bn_1.txt,bn,1,204,0.2203,0.7652,0.6964,PROTEINS,GIN,300,bn,proteins_gin_gn_fast
bn_1.txt,bn,1,205,0.2203,0.7612,0.7411,PROTEINS,GIN,300,bn,proteins_gin_gn_fast
bn_1.txt,bn,1,206,0.2202,0.7772,0.7679,PROTEINS,GIN,300,bn,proteins_gin_gn_fast
bn_1.txt,bn,1,207,0.2202,0.7712,0.7589,PROTEINS,GIN,300,bn,proteins_gin_gn_fast
bn_1.txt,bn,1,208,0.2202,0.7712,0.7679,PROTEINS,GIN,300,bn,proteins_gin_gn_fast
bn_1.txt,bn,1,209,0.2202,0.7602,0.6875,PROTEINS,GIN,300,bn,proteins_gin_gn_fast
bn_1.txt,bn,1,210,0.2202,0.7732,0.7589,PROTEINS,GIN,300,bn,proteins_gin_gn_fast
bn_1.txt,bn,1,211,0.2202,0.7712,0.75,PROTEINS,GIN,300,bn,proteins_gin_gn_fast
bn_1.txt,bn,1,212,0.2202,0.7752,0.7679,PROTEINS,GIN,300,bn,proteins_gin_gn_fast
bn_1.txt,bn,1,213,0.2202,0.7642,0.7232,PROTEINS,GIN,300,bn,proteins_gin_gn_fast
bn_1.txt,bn,1,214,0.2203,0.7672,0.7411,PROTEINS,GIN,300,bn,proteins_gin_gn_fast
bn_1.txt,bn,1,215,0.2203,0.7652,0.7321,PROTEINS,GIN,300,bn,proteins_gin_gn_fast
bn_1.txt,bn,1,216,0.2203,0.7662,0.6875,PROTEINS,GIN,300,bn,proteins_gin_gn_fast
bn_1.txt,bn,1,217,0.2206,0.7702,0.7411,PROTEINS,GIN,300,bn,proteins_gin_gn_fast
bn_1.txt,bn,1,218,0.2206,0.7692,0.7411,PROTEINS,GIN,300,bn,proteins_gin_gn_fast
bn_1.txt,bn,1,219,0.2206,0.7702,0.7768,PROTEINS,GIN,300,bn,proteins_gin_gn_fast
bn_1.txt,bn,1,220,0.2206,0.7502,0.7411,PROTEINS,GIN,300,bn,proteins_gin_gn_fast
bn_1.txt,bn,1,221,0.2206,0.7812,0.7679,PROTEINS,GIN,300,bn,proteins_gin_gn_fast
bn_1.txt,bn,1,222,0.2206,0.7742,0.7411,PROTEINS,GIN,300,bn,proteins_gin_gn_fast
bn_1.txt,bn,1,223,0.2206,0.7692,0.75,PROTEINS,GIN,300,bn,proteins_gin_gn_fast
bn_1.txt,bn,1,224,0.2207,0.7652,0.7589,PROTEINS,GIN,300,bn,proteins_gin_gn_fast
bn_1.txt,bn,1,225,0.2207,0.7702,0.7411,PROTEINS,GIN,300,bn,proteins_gin_gn_fast
bn_1.txt,bn,1,226,0.2208,0.7722,0.7411,PROTEINS,GIN,300,bn,proteins_gin_gn_fast
bn_1.txt,bn,1,227,0.2208,0.7732,0.7232,PROTEINS,GIN,300,bn,proteins_gin_gn_fast
bn_1.txt,bn,1,228,0.2208,0.7782,0.7411,PROTEINS,GIN,300,bn,proteins_gin_gn_fast
bn_1.txt,bn,1,229,0.2208,0.7642,0.75,PROTEINS,GIN,300,bn,proteins_gin_gn_fast
bn_1.txt,bn,1,230,0.2208,0.7822,0.7411,PROTEINS,GIN,300,bn,proteins_gin_gn_fast
bn_1.txt,bn,1,231,0.2207,0.7612,0.75,PROTEINS,GIN,300,bn,proteins_gin_gn_fast
bn_1.txt,bn,1,232,0.2207,0.7612,0.7589,PROTEINS,GIN,300,bn,proteins_gin_gn_fast
bn_1.txt,bn,1,233,0.2207,0.7672,0.7321,PROTEINS,GIN,300,bn,proteins_gin_gn_fast
bn_1.txt,bn,1,234,0.2207,0.7662,0.7589,PROTEINS,GIN,300,bn,proteins_gin_gn_fast
bn_1.txt,bn,1,235,0.2207,0.7682,0.7589,PROTEINS,GIN,300,bn,proteins_gin_gn_fast
bn_1.txt,bn,1,236,0.2208,0.7682,0.7411,PROTEINS,GIN,300,bn,proteins_gin_gn_fast
bn_1.txt,bn,1,237,0.2208,0.7682,0.75,PROTEINS,GIN,300,bn,proteins_gin_gn_fast
bn_1.txt,bn,1,238,0.2207,0.7752,0.7679,PROTEINS,GIN,300,bn,proteins_gin_gn_fast
bn_1.txt,bn,1,239,0.2207,0.7772,0.7768,PROTEINS,GIN,300,bn,proteins_gin_gn_fast
bn_1.txt,bn,1,240,0.2207,0.7632,0.7857,PROTEINS,GIN,300,bn,proteins_gin_gn_fast
bn_1.txt,bn,1,241,0.2207,0.7692,0.7679,PROTEINS,GIN,300,bn,proteins_gin_gn_fast
bn_1.txt,bn,1,242,0.2207,0.7732,0.75,PROTEINS,GIN,300,bn,proteins_gin_gn_fast
bn_1.txt,bn,1,243,0.2207,0.7732,0.75,PROTEINS,GIN,300,bn,proteins_gin_gn_fast
bn_1.txt,bn,1,244,0.2207,0.7722,0.75,PROTEINS,GIN,300,bn,proteins_gin_gn_fast
bn_1.txt,bn,1,245,0.2206,0.7712,0.7679,PROTEINS,GIN,300,bn,proteins_gin_gn_fast
bn_1.txt,bn,1,246,0.2206,0.7752,0.7589,PROTEINS,GIN,300,bn,proteins_gin_gn_fast
bn_1.txt,bn,1,247,0.2206,0.7592,0.7411,PROTEINS,GIN,300,bn,proteins_gin_gn_fast
bn_1.txt,bn,1,248,0.2206,0.7712,0.75,PROTEINS,GIN,300,bn,proteins_gin_gn_fast
bn_1.txt,bn,1,249,0.2206,0.7612,0.75,PROTEINS,GIN,300,bn,proteins_gin_gn_fast
bn_1.txt,bn,1,250,0.2206,0.7622,0.7143,PROTEINS,GIN,300,bn,proteins_gin_gn_fast
bn_1.txt,bn,1,251,0.2206,0.7732,0.75,PROTEINS,GIN,300,bn,proteins_gin_gn_fast
bn_1.txt,bn,1,252,0.2206,0.7702,0.75,PROTEINS,GIN,300,bn,proteins_gin_gn_fast
bn_1.txt,bn,1,253,0.2206,0.7642,0.7589,PROTEINS,GIN,300,bn,proteins_gin_gn_fast
bn_1.txt,bn,1,254,0.2205,0.7652,0.7321,PROTEINS,GIN,300,bn,proteins_gin_gn_fast
bn_1.txt,bn,1,255,0.2205,0.7762,0.75,PROTEINS,GIN,300,bn,proteins_gin_gn_fast
bn_1.txt,bn,1,256,0.2205,0.7742,0.7679,PROTEINS,GIN,300,bn,proteins_gin_gn_fast
bn_1.txt,bn,1,257,0.2205,0.7742,0.7679,PROTEINS,GIN,300,bn,proteins_gin_gn_fast
bn_1.txt,bn,1,258,0.2205,0.7732,0.7589,PROTEINS,GIN,300,bn,proteins_gin_gn_fast
bn_1.txt,bn,1,259,0.2205,0.7722,0.75,PROTEINS,GIN,300,bn,proteins_gin_gn_fast
bn_1.txt,bn,1,260,0.2205,0.7812,0.8036,PROTEINS,GIN,300,bn,proteins_gin_gn_fast
bn_1.txt,bn,1,261,0.2205,0.7812,0.7679,PROTEINS,GIN,300,bn,proteins_gin_gn_fast
bn_1.txt,bn,1,262,0.2205,0.7752,0.7768,PROTEINS,GIN,300,bn,proteins_gin_gn_fast
bn_1.txt,bn,1,263,0.2204,0.7782,0.7679,PROTEINS,GIN,300,bn,proteins_gin_gn_fast
bn_1.txt,bn,1,264,0.2204,0.7802,0.7232,PROTEINS,GIN,300,bn,proteins_gin_gn_fast
bn_1.txt,bn,1,265,0.2204,0.7812,0.7411,PROTEINS,GIN,300,bn,proteins_gin_gn_fast
bn_1.txt,bn,1,266,0.2205,0.7812,0.75,PROTEINS,GIN,300,bn,proteins_gin_gn_fast
bn_1.txt,bn,1,267,0.2205,0.7722,0.7679,PROTEINS,GIN,300,bn,proteins_gin_gn_fast
bn_1.txt,bn,1,268,0.2205,0.7692,0.7411,PROTEINS,GIN,300,bn,proteins_gin_gn_fast
bn_1.txt,bn,1,269,0.2205,0.7752,0.7321,PROTEINS,GIN,300,bn,proteins_gin_gn_fast
bn_1.txt,bn,1,270,0.2205,0.7732,0.7321,PROTEINS,GIN,300,bn,proteins_gin_gn_fast
bn_1.txt,bn,1,271,0.2205,0.7772,0.75,PROTEINS,GIN,300,bn,proteins_gin_gn_fast
bn_1.txt,bn,1,272,0.2205,0.7762,0.7589,PROTEINS,GIN,300,bn,proteins_gin_gn_fast
bn_1.txt,bn,1,273,0.2205,0.7742,0.7411,PROTEINS,GIN,300,bn,proteins_gin_gn_fast
bn_1.txt,bn,1,274,0.2205,0.7762,0.75,PROTEINS,GIN,300,bn,proteins_gin_gn_fast
bn_1.txt,bn,1,275,0.2205,0.7602,0.75,PROTEINS,GIN,300,bn,proteins_gin_gn_fast
bn_1.txt,bn,1,276,0.2205,0.7602,0.7411,PROTEINS,GIN,300,bn,proteins_gin_gn_fast
bn_1.txt,bn,1,277,0.2205,0.7692,0.7411,PROTEINS,GIN,300,bn,proteins_gin_gn_fast
bn_1.txt,bn,1,278,0.2205,0.7742,0.7411,PROTEINS,GIN,300,bn,proteins_gin_gn_fast
bn_1.txt,bn,1,279,0.2205,0.7802,0.7411,PROTEINS,GIN,300,bn,proteins_gin_gn_fast
bn_1.txt,bn,1,280,0.2204,0.7722,0.75,PROTEINS,GIN,300,bn,proteins_gin_gn_fast
bn_1.txt,bn,1,281,0.2205,0.7782,0.7589,PROTEINS,GIN,300,bn,proteins_gin_gn_fast
bn_1.txt,bn,1,282,0.2205,0.7782,0.75,PROTEINS,GIN,300,bn,proteins_gin_gn_fast
bn_1.txt,bn,1,283,0.2204,0.7802,0.75,PROTEINS,GIN,300,bn,proteins_gin_gn_fast
bn_1.txt,bn,1,284,0.2204,0.7822,0.7679,PROTEINS,GIN,300,bn,proteins_gin_gn_fast
bn_1.txt,bn,1,285,0.2204,0.7792,0.7768,PROTEINS,GIN,300,bn,proteins_gin_gn_fast
bn_1.txt,bn,1,286,0.2204,0.7762,0.7768,PROTEINS,GIN,300,bn,proteins_gin_gn_fast
bn_1.txt,bn,1,287,0.2204,0.7762,0.7589,PROTEINS,GIN,300,bn,proteins_gin_gn_fast
bn_1.txt,bn,1,288,0.2204,0.7802,0.7679,PROTEINS,GIN,300,bn,proteins_gin_gn_fast
bn_1.txt,bn,1,289,0.2204,0.7792,0.7589,PROTEINS,GIN,300,bn,proteins_gin_gn_fast
bn_1.txt,bn,1,290,0.2204,0.7822,0.7857,PROTEINS,GIN,300,bn,proteins_gin_gn_fast
bn_1.txt,bn,1,291,0.2204,0.7772,0.7768,PROTEINS,GIN,300,bn,proteins_gin_gn_fast
bn_1.txt,bn,1,292,0.2204,0.7772,0.7768,PROTEINS,GIN,300,bn,proteins_gin_gn_fast
bn_1.txt,bn,1,293,0.2204,0.7762,0.7857,PROTEINS,GIN,300,bn,proteins_gin_gn_fast
bn_1.txt,bn,1,294,0.2204,0.7752,0.7857,PROTEINS,GIN,300,bn,proteins_gin_gn_fast
bn_1.txt,bn,1,295,0.2204,0.7762,0.7857,PROTEINS,GIN,300,bn,proteins_gin_gn_fast
bn_1.txt,bn,1,296,0.2204,0.7722,0.7857,PROTEINS,GIN,300,bn,proteins_gin_gn_fast
bn_1.txt,bn,1,297,0.2204,0.7742,0.7857,PROTEINS,GIN,300,bn,proteins_gin_gn_fast
bn_1.txt,bn,1,298,0.2204,0.7742,0.7857,PROTEINS,GIN,300,bn,proteins_gin_gn_fast
bn_1.txt,bn,1,299,0.2205,0.7722,0.7857,PROTEINS,GIN,300,bn,proteins_gin_gn_fast
bn_1.txt,bn,1,300,0.2205,0.7742,0.7857,PROTEINS,GIN,300,bn,proteins_gin_gn_fast
bn_2.txt,bn,2,1,0.2822,0.4236,0.4196,PROTEINS,GIN,300,bn,proteins_gin_gn_fast
bn_2.txt,bn,2,2,0.2494,0.6024,0.6071,PROTEINS,GIN,300,bn,proteins_gin_gn_fast
bn_2.txt,bn,2,3,0.2379,0.6184,0.7143,PROTEINS,GIN,300,bn,proteins_gin_gn_fast
bn_2.txt,bn,2,4,0.2325,0.6803,0.7411,PROTEINS,GIN,300,bn,proteins_gin_gn_fast
bn_2.txt,bn,2,5,0.2294,0.6484,0.7411,PROTEINS,GIN,300,bn,proteins_gin_gn_fast
bn_2.txt,bn,2,6,0.2268,0.5954,0.5982,PROTEINS,GIN,300,bn,proteins_gin_gn_fast
bn_2.txt,bn,2,7,0.2254,0.6563,0.6339,PROTEINS,GIN,300,bn,proteins_gin_gn_fast
bn_2.txt,bn,2,8,0.2246,0.6214,0.6518,PROTEINS,GIN,300,bn,proteins_gin_gn_fast
bn_2.txt,bn,2,9,0.2242,0.6364,0.6071,PROTEINS,GIN,300,bn,proteins_gin_gn_fast
bn_2.txt,bn,2,10,0.2239,0.6833,0.7054,PROTEINS,GIN,300,bn,proteins_gin_gn_fast
bn_2.txt,bn,2,11,0.2234,0.6274,0.6071,PROTEINS,GIN,300,bn,proteins_gin_gn_fast
bn_2.txt,bn,2,12,0.223,0.7003,0.7143,PROTEINS,GIN,300,bn,proteins_gin_gn_fast
bn_2.txt,bn,2,13,0.2225,0.6613,0.6429,PROTEINS,GIN,300,bn,proteins_gin_gn_fast
bn_2.txt,bn,2,14,0.2243,0.6623,0.6607,PROTEINS,GIN,300,bn,proteins_gin_gn_fast
bn_2.txt,bn,2,15,0.2244,0.6134,0.5982,PROTEINS,GIN,300,bn,proteins_gin_gn_fast
bn_2.txt,bn,2,16,0.2246,0.6883,0.7054,PROTEINS,GIN,300,bn,proteins_gin_gn_fast
bn_2.txt,bn,2,17,0.2247,0.7423,0.7857,PROTEINS,GIN,300,bn,proteins_gin_gn_fast
bn_2.txt,bn,2,18,0.2246,0.7303,0.7857,PROTEINS,GIN,300,bn,proteins_gin_gn_fast
bn_2.txt,bn,2,19,0.2245,0.6334,0.6518,PROTEINS,GIN,300,bn,proteins_gin_gn_fast
bn_2.txt,bn,2,20,0.2243,0.7223,0.7589,PROTEINS,GIN,300,bn,proteins_gin_gn_fast
bn_2.txt,bn,2,21,0.2243,0.7253,0.7857,PROTEINS,GIN,300,bn,proteins_gin_gn_fast
bn_2.txt,bn,2,22,0.2242,0.7343,0.7679,PROTEINS,GIN,300,bn,proteins_gin_gn_fast
bn_2.txt,bn,2,23,0.2241,0.6114,0.6429,PROTEINS,GIN,300,bn,proteins_gin_gn_fast
bn_2.txt,bn,2,24,0.224,0.7353,0.7589,PROTEINS,GIN,300,bn,proteins_gin_gn_fast
bn_2.txt,bn,2,25,0.224,0.6723,0.7143,PROTEINS,GIN,300,bn,proteins_gin_gn_fast
bn_2.txt,bn,2,26,0.2239,0.7373,0.7768,PROTEINS,GIN,300,bn,proteins_gin_gn_fast
bn_2.txt,bn,2,27,0.2237,0.7053,0.6964,PROTEINS,GIN,300,bn,proteins_gin_gn_fast
bn_2.txt,bn,2,28,0.2236,0.7313,0.8214,PROTEINS,GIN,300,bn,proteins_gin_gn_fast
bn_2.txt,bn,2,29,0.2234,0.7403,0.7768,PROTEINS,GIN,300,bn,proteins_gin_gn_fast
bn_2.txt,bn,2,30,0.2233,0.7453,0.7768,PROTEINS,GIN,300,bn,proteins_gin_gn_fast
bn_2.txt,bn,2,31,0.2233,0.7113,0.7857,PROTEINS,GIN,300,bn,proteins_gin_gn_fast
bn_2.txt,bn,2,32,0.2232,0.6733,0.7143,PROTEINS,GIN,300,bn,proteins_gin_gn_fast
bn_2.txt,bn,2,33,0.2238,0.7542,0.7946,PROTEINS,GIN,300,bn,proteins_gin_gn_fast
bn_2.txt,bn,2,34,0.2239,0.7562,0.7946,PROTEINS,GIN,300,bn,proteins_gin_gn_fast
bn_2.txt,bn,2,35,0.2237,0.7193,0.7321,PROTEINS,GIN,300,bn,proteins_gin_gn_fast
bn_2.txt,bn,2,36,0.2237,0.6773,0.7054,PROTEINS,GIN,300,bn,proteins_gin_gn_fast
bn_2.txt,bn,2,37,0.2236,0.7303,0.7589,PROTEINS,GIN,300,bn,proteins_gin_gn_fast
bn_2.txt,bn,2,38,0.2234,0.7403,0.8036,PROTEINS,GIN,300,bn,proteins_gin_gn_fast
bn_2.txt,bn,2,39,0.2234,0.6743,0.6964,PROTEINS,GIN,300,bn,proteins_gin_gn_fast
bn_2.txt,bn,2,40,0.2233,0.7293,0.7411,PROTEINS,GIN,300,bn,proteins_gin_gn_fast
bn_2.txt,bn,2,41,0.2233,0.7223,0.7679,PROTEINS,GIN,300,bn,proteins_gin_gn_fast
bn_2.txt,bn,2,42,0.2232,0.7243,0.7946,PROTEINS,GIN,300,bn,proteins_gin_gn_fast
bn_2.txt,bn,2,43,0.2232,0.7353,0.7589,PROTEINS,GIN,300,bn,proteins_gin_gn_fast
bn_2.txt,bn,2,44,0.2231,0.6733,0.6696,PROTEINS,GIN,300,bn,proteins_gin_gn_fast
bn_2.txt,bn,2,45,0.223,0.7363,0.8036,PROTEINS,GIN,300,bn,proteins_gin_gn_fast
bn_2.txt,bn,2,46,0.2229,0.7293,0.7679,PROTEINS,GIN,300,bn,proteins_gin_gn_fast
bn_2.txt,bn,2,47,0.2229,0.7433,0.7768,PROTEINS,GIN,300,bn,proteins_gin_gn_fast
bn_2.txt,bn,2,48,0.2229,0.7453,0.7411,PROTEINS,GIN,300,bn,proteins_gin_gn_fast
bn_2.txt,bn,2,49,0.2228,0.7273,0.8036,PROTEINS,GIN,300,bn,proteins_gin_gn_fast
bn_2.txt,bn,2,50,0.2229,0.7443,0.7679,PROTEINS,GIN,300,bn,proteins_gin_gn_fast
bn_2.txt,bn,2,51,0.2229,0.6723,0.6875,PROTEINS,GIN,300,bn,proteins_gin_gn_fast
bn_2.txt,bn,2,52,0.2228,0.7552,0.8036,PROTEINS,GIN,300,bn,proteins_gin_gn_fast
bn_2.txt,bn,2,53,0.2228,0.7483,0.7857,PROTEINS,GIN,300,bn,proteins_gin_gn_fast
bn_2.txt,bn,2,54,0.2227,0.7233,0.7589,PROTEINS,GIN,300,bn,proteins_gin_gn_fast
bn_2.txt,bn,2,55,0.2226,0.7293,0.7768,PROTEINS,GIN,300,bn,proteins_gin_gn_fast
bn_2.txt,bn,2,56,0.2225,0.7483,0.7946,PROTEINS,GIN,300,bn,proteins_gin_gn_fast
bn_2.txt,bn,2,57,0.2225,0.7552,0.8125,PROTEINS,GIN,300,bn,proteins_gin_gn_fast
bn_2.txt,bn,2,58,0.2225,0.7493,0.8214,PROTEINS,GIN,300,bn,proteins_gin_gn_fast
bn_2.txt,bn,2,59,0.2226,0.7562,0.8036,PROTEINS,GIN,300,bn,proteins_gin_gn_fast
bn_2.txt,bn,2,60,0.2224,0.7602,0.8125,PROTEINS,GIN,300,bn,proteins_gin_gn_fast
bn_2.txt,bn,2,61,0.2224,0.7423,0.7946,PROTEINS,GIN,300,bn,proteins_gin_gn_fast
bn_2.txt,bn,2,62,0.2224,0.7443,0.7946,PROTEINS,GIN,300,bn,proteins_gin_gn_fast
bn_2.txt,bn,2,63,0.2224,0.7223,0.7857,PROTEINS,GIN,300,bn,proteins_gin_gn_fast
bn_2.txt,bn,2,64,0.2223,0.6983,0.7679,PROTEINS,GIN,300,bn,proteins_gin_gn_fast
bn_2.txt,bn,2,65,0.2223,0.7343,0.8125,PROTEINS,GIN,300,bn,proteins_gin_gn_fast
bn_2.txt,bn,2,66,0.2223,0.6633,0.7321,PROTEINS,GIN,300,bn,proteins_gin_gn_fast
bn_2.txt,bn,2,67,0.2222,0.7522,0.8125,PROTEINS,GIN,300,bn,proteins_gin_gn_fast
bn_2.txt,bn,2,68,0.2222,0.7532,0.7857,PROTEINS,GIN,300,bn,proteins_gin_gn_fast
bn_2.txt,bn,2,69,0.2221,0.7393,0.7946,PROTEINS,GIN,300,bn,proteins_gin_gn_fast
bn_2.txt,bn,2,70,0.2221,0.7453,0.7679,PROTEINS,GIN,300,bn,proteins_gin_gn_fast
bn_2.txt,bn,2,71,0.222,0.7383,0.7768,PROTEINS,GIN,300,bn,proteins_gin_gn_fast
bn_2.txt,bn,2,72,0.222,0.7453,0.7857,PROTEINS,GIN,300,bn,proteins_gin_gn_fast
bn_2.txt,bn,2,73,0.2219,0.7483,0.7857,PROTEINS,GIN,300,bn,proteins_gin_gn_fast
bn_2.txt,bn,2,74,0.222,0.7493,0.8036,PROTEINS,GIN,300,bn,proteins_gin_gn_fast
bn_2.txt,bn,2,75,0.222,0.7692,0.7857,PROTEINS,GIN,300,bn,proteins_gin_gn_fast
bn_2.txt,bn,2,76,0.222,0.7662,0.7589,PROTEINS,GIN,300,bn,proteins_gin_gn_fast
bn_2.txt,bn,2,77,0.222,0.7473,0.7768,PROTEINS,GIN,300,bn,proteins_gin_gn_fast
bn_2.txt,bn,2,78,0.222,0.7512,0.7768,PROTEINS,GIN,300,bn,proteins_gin_gn_fast
bn_2.txt,bn,2,79,0.222,0.7203,0.7768,PROTEINS,GIN,300,bn,proteins_gin_gn_fast
bn_2.txt,bn,2,80,0.222,0.7622,0.8036,PROTEINS,GIN,300,bn,proteins_gin_gn_fast
bn_2.txt,bn,2,81,0.2219,0.7692,0.8125,PROTEINS,GIN,300,bn,proteins_gin_gn_fast
bn_2.txt,bn,2,82,0.2219,0.7463,0.7857,PROTEINS,GIN,300,bn,proteins_gin_gn_fast
bn_2.txt,bn,2,83,0.2219,0.7512,0.7768,PROTEINS,GIN,300,bn,proteins_gin_gn_fast
bn_2.txt,bn,2,84,0.2219,0.7103,0.75,PROTEINS,GIN,300,bn,proteins_gin_gn_fast
bn_2.txt,bn,2,85,0.2219,0.7493,0.7857,PROTEINS,GIN,300,bn,proteins_gin_gn_fast
bn_2.txt,bn,2,86,0.2219,0.7283,0.7768,PROTEINS,GIN,300,bn,proteins_gin_gn_fast
bn_2.txt,bn,2,87,0.222,0.6563,0.6518,PROTEINS,GIN,300,bn,proteins_gin_gn_fast
bn_2.txt,bn,2,88,0.222,0.7333,0.7857,PROTEINS,GIN,300,bn,proteins_gin_gn_fast
bn_2.txt,bn,2,89,0.222,0.7463,0.7857,PROTEINS,GIN,300,bn,proteins_gin_gn_fast
bn_2.txt,bn,2,90,0.222,0.7263,0.7768,PROTEINS,GIN,300,bn,proteins_gin_gn_fast
bn_2.txt,bn,2,91,0.222,0.7642,0.7857,PROTEINS,GIN,300,bn,proteins_gin_gn_fast
bn_2.txt,bn,2,92,0.222,0.7592,0.7857,PROTEINS,GIN,300,bn,proteins_gin_gn_fast
bn_2.txt,bn,2,93,0.222,0.7632,0.75,PROTEINS,GIN,300,bn,proteins_gin_gn_fast
bn_2.txt,bn,2,94,0.222,0.7403,0.7857,PROTEINS,GIN,300,bn,proteins_gin_gn_fast
bn_2.txt,bn,2,95,0.2221,0.7522,0.7768,PROTEINS,GIN,300,bn,proteins_gin_gn_fast
bn_2.txt,bn,2,96,0.2221,0.7423,0.8125,PROTEINS,GIN,300,bn,proteins_gin_gn_fast
bn_2.txt,bn,2,97,0.2221,0.7483,0.8125,PROTEINS,GIN,300,bn,proteins_gin_gn_fast
bn_2.txt,bn,2,98,0.2221,0.7562,0.7946,PROTEINS,GIN,300,bn,proteins_gin_gn_fast
bn_2.txt,bn,2,99,0.222,0.7522,0.7768,PROTEINS,GIN,300,bn,proteins_gin_gn_fast
bn_2.txt,bn,2,100,0.2221,0.7672,0.7857,PROTEINS,GIN,300,bn,proteins_gin_gn_fast
bn_2.txt,bn,2,101,0.2221,0.7652,0.7857,PROTEINS,GIN,300,bn,proteins_gin_gn_fast
bn_2.txt,bn,2,102,0.2223,0.7463,0.7857,PROTEINS,GIN,300,bn,proteins_gin_gn_fast
bn_2.txt,bn,2,103,0.2224,0.7502,0.8036,PROTEINS,GIN,300,bn,proteins_gin_gn_fast
bn_2.txt,bn,2,104,0.2224,0.7493,0.7946,PROTEINS,GIN,300,bn,proteins_gin_gn_fast
bn_2.txt,bn,2,105,0.2224,0.7463,0.7768,PROTEINS,GIN,300,bn,proteins_gin_gn_fast
bn_2.txt,bn,2,106,0.2224,0.7582,0.7857,PROTEINS,GIN,300,bn,proteins_gin_gn_fast
bn_2.txt,bn,2,107,0.2224,0.7582,0.8036,PROTEINS,GIN,300,bn,proteins_gin_gn_fast
bn_2.txt,bn,2,108,0.2224,0.7562,0.7946,PROTEINS,GIN,300,bn,proteins_gin_gn_fast
bn_2.txt,bn,2,109,0.2224,0.7582,0.7857,PROTEINS,GIN,300,bn,proteins_gin_gn_fast
bn_2.txt,bn,2,110,0.2225,0.7642,0.8036,PROTEINS,GIN,300,bn,proteins_gin_gn_fast
bn_2.txt,bn,2,111,0.2225,0.7572,0.7679,PROTEINS,GIN,300,bn,proteins_gin_gn_fast
bn_2.txt,bn,2,112,0.2225,0.7562,0.7679,PROTEINS,GIN,300,bn,proteins_gin_gn_fast
bn_2.txt,bn,2,113,0.2224,0.7592,0.7857,PROTEINS,GIN,300,bn,proteins_gin_gn_fast
bn_2.txt,bn,2,114,0.2224,0.7562,0.7857,PROTEINS,GIN,300,bn,proteins_gin_gn_fast
bn_2.txt,bn,2,115,0.2224,0.7602,0.8036,PROTEINS,GIN,300,bn,proteins_gin_gn_fast
bn_2.txt,bn,2,116,0.2224,0.7552,0.7946,PROTEINS,GIN,300,bn,proteins_gin_gn_fast
bn_2.txt,bn,2,117,0.2225,0.7682,0.7946,PROTEINS,GIN,300,bn,proteins_gin_gn_fast
bn_2.txt,bn,2,118,0.2225,0.7642,0.75,PROTEINS,GIN,300,bn,proteins_gin_gn_fast
bn_2.txt,bn,2,119,0.2225,0.7712,0.7946,PROTEINS,GIN,300,bn,proteins_gin_gn_fast
bn_2.txt,bn,2,120,0.2226,0.7562,0.7679,PROTEINS,GIN,300,bn,proteins_gin_gn_fast
bn_2.txt,bn,2,121,0.2226,0.7552,0.7946,PROTEINS,GIN,300,bn,proteins_gin_gn_fast
bn_2.txt,bn,2,122,0.2226,0.7602,0.7857,PROTEINS,GIN,300,bn,proteins_gin_gn_fast
bn_2.txt,bn,2,123,0.2226,0.7592,0.7857,PROTEINS,GIN,300,bn,proteins_gin_gn_fast
bn_2.txt,bn,2,124,0.2227,0.7423,0.7589,PROTEINS,GIN,300,bn,proteins_gin_gn_fast
bn_2.txt,bn,2,125,0.2227,0.7353,0.7857,PROTEINS,GIN,300,bn,proteins_gin_gn_fast
bn_2.txt,bn,2,126,0.2226,0.7622,0.7946,PROTEINS,GIN,300,bn,proteins_gin_gn_fast
bn_2.txt,bn,2,127,0.2226,0.7712,0.8036,PROTEINS,GIN,300,bn,proteins_gin_gn_fast
bn_2.txt,bn,2,128,0.2226,0.7772,0.7589,PROTEINS,GIN,300,bn,proteins_gin_gn_fast
bn_2.txt,bn,2,129,0.2226,0.7662,0.7679,PROTEINS,GIN,300,bn,proteins_gin_gn_fast
bn_2.txt,bn,2,130,0.2227,0.7712,0.7946,PROTEINS,GIN,300,bn,proteins_gin_gn_fast
bn_2.txt,bn,2,131,0.2227,0.7622,0.75,PROTEINS,GIN,300,bn,proteins_gin_gn_fast
bn_2.txt,bn,2,132,0.2227,0.7562,0.7411,PROTEINS,GIN,300,bn,proteins_gin_gn_fast
bn_2.txt,bn,2,133,0.2229,0.7602,0.7946,PROTEINS,GIN,300,bn,proteins_gin_gn_fast
bn_2.txt,bn,2,134,0.2229,0.6923,0.7321,PROTEINS,GIN,300,bn,proteins_gin_gn_fast
bn_2.txt,bn,2,135,0.2229,0.7233,0.7679,PROTEINS,GIN,300,bn,proteins_gin_gn_fast
bn_2.txt,bn,2,136,0.2229,0.7662,0.7768,PROTEINS,GIN,300,bn,proteins_gin_gn_fast
bn_2.txt,bn,2,137,0.223,0.7183,0.7411,PROTEINS,GIN,300,bn,proteins_gin_gn_fast
bn_2.txt,bn,2,138,0.223,0.7682,0.8125,PROTEINS,GIN,300,bn,proteins_gin_gn_fast
bn_2.txt,bn,2,139,0.223,0.7652,0.7679,PROTEINS,GIN,300,bn,proteins_gin_gn_fast
bn_2.txt,bn,2,140,0.223,0.7542,0.7768,PROTEINS,GIN,300,bn,proteins_gin_gn_fast
bn_2.txt,bn,2,141,0.223,0.7532,0.7679,PROTEINS,GIN,300,bn,proteins_gin_gn_fast
bn_2.txt,bn,2,142,0.223,0.7522,0.7946,PROTEINS,GIN,300,bn,proteins_gin_gn_fast
bn_2.txt,bn,2,143,0.223,0.7652,0.7857,PROTEINS,GIN,300,bn,proteins_gin_gn_fast
bn_2.txt,bn,2,144,0.223,0.7642,0.7946,PROTEINS,GIN,300,bn,proteins_gin_gn_fast
bn_2.txt,bn,2,145,0.223,0.7522,0.7679,PROTEINS,GIN,300,bn,proteins_gin_gn_fast
bn_2.txt,bn,2,146,0.223,0.7562,0.7589,PROTEINS,GIN,300,bn,proteins_gin_gn_fast
bn_2.txt,bn,2,147,0.223,0.7512,0.75,PROTEINS,GIN,300,bn,proteins_gin_gn_fast
bn_2.txt,bn,2,148,0.2231,0.7403,0.7857,PROTEINS,GIN,300,bn,proteins_gin_gn_fast
bn_2.txt,bn,2,149,0.2231,0.7283,0.7589,PROTEINS,GIN,300,bn,proteins_gin_gn_fast
bn_2.txt,bn,2,150,0.2231,0.7443,0.7768,PROTEINS,GIN,300,bn,proteins_gin_gn_fast
bn_2.txt,bn,2,151,0.2231,0.7582,0.7857,PROTEINS,GIN,300,bn,proteins_gin_gn_fast
bn_2.txt,bn,2,152,0.2231,0.7373,0.7143,PROTEINS,GIN,300,bn,proteins_gin_gn_fast
bn_2.txt,bn,2,153,0.2231,0.7493,0.8125,PROTEINS,GIN,300,bn,proteins_gin_gn_fast
bn_2.txt,bn,2,154,0.2232,0.7742,0.8036,PROTEINS,GIN,300,bn,proteins_gin_gn_fast
bn_2.txt,bn,2,155,0.2232,0.7732,0.7679,PROTEINS,GIN,300,bn,proteins_gin_gn_fast
bn_2.txt,bn,2,156,0.2232,0.7522,0.75,PROTEINS,GIN,300,bn,proteins_gin_gn_fast
bn_2.txt,bn,2,157,0.2232,0.7552,0.8036,PROTEINS,GIN,300,bn,proteins_gin_gn_fast
bn_2.txt,bn,2,158,0.2232,0.7552,0.8036,PROTEINS,GIN,300,bn,proteins_gin_gn_fast
bn_2.txt,bn,2,159,0.2232,0.7652,0.7679,PROTEINS,GIN,300,bn,proteins_gin_gn_fast
bn_2.txt,bn,2,160,0.2232,0.7682,0.75,PROTEINS,GIN,300,bn,proteins_gin_gn_fast
bn_2.txt,bn,2,161,0.2232,0.7303,0.7768,PROTEINS,GIN,300,bn,proteins_gin_gn_fast
bn_2.txt,bn,2,162,0.2232,0.7742,0.7768,PROTEINS,GIN,300,bn,proteins_gin_gn_fast
bn_2.txt,bn,2,163,0.2232,0.7582,0.7589,PROTEINS,GIN,300,bn,proteins_gin_gn_fast
bn_2.txt,bn,2,164,0.2232,0.7672,0.7946,PROTEINS,GIN,300,bn,proteins_gin_gn_fast
bn_2.txt,bn,2,165,0.2232,0.7652,0.8036,PROTEINS,GIN,300,bn,proteins_gin_gn_fast
bn_2.txt,bn,2,166,0.2234,0.7632,0.8036,PROTEINS,GIN,300,bn,proteins_gin_gn_fast
bn_2.txt,bn,2,167,0.2234,0.7682,0.8036,PROTEINS,GIN,300,bn,proteins_gin_gn_fast
bn_2.txt,bn,2,168,0.2234,0.7622,0.7589,PROTEINS,GIN,300,bn,proteins_gin_gn_fast
bn_2.txt,bn,2,169,0.2234,0.7453,0.7321,PROTEINS,GIN,300,bn,proteins_gin_gn_fast
bn_2.txt,bn,2,170,0.2234,0.7602,0.7768,PROTEINS,GIN,300,bn,proteins_gin_gn_fast
bn_2.txt,bn,2,171,0.2234,0.7532,0.7946,PROTEINS,GIN,300,bn,proteins_gin_gn_fast
bn_2.txt,bn,2,172,0.2235,0.7263,0.7679,PROTEINS,GIN,300,bn,proteins_gin_gn_fast
bn_2.txt,bn,2,173,0.2235,0.7562,0.7946,PROTEINS,GIN,300,bn,proteins_gin_gn_fast
bn_2.txt,bn,2,174,0.2235,0.7682,0.7946,PROTEINS,GIN,300,bn,proteins_gin_gn_fast
bn_2.txt,bn,2,175,0.2235,0.7732,0.7946,PROTEINS,GIN,300,bn,proteins_gin_gn_fast
bn_2.txt,bn,2,176,0.2235,0.7572,0.7857,PROTEINS,GIN,300,bn,proteins_gin_gn_fast
bn_2.txt,bn,2,177,0.2235,0.7712,0.7857,PROTEINS,GIN,300,bn,proteins_gin_gn_fast
bn_2.txt,bn,2,178,0.2235,0.6763,0.7143,PROTEINS,GIN,300,bn,proteins_gin_gn_fast
bn_2.txt,bn,2,179,0.2235,0.7353,0.7411,PROTEINS,GIN,300,bn,proteins_gin_gn_fast
bn_2.txt,bn,2,180,0.2235,0.7622,0.8036,PROTEINS,GIN,300,bn,proteins_gin_gn_fast
bn_2.txt,bn,2,181,0.2235,0.7702,0.8036,PROTEINS,GIN,300,bn,proteins_gin_gn_fast
bn_2.txt,bn,2,182,0.2235,0.7702,0.7679,PROTEINS,GIN,300,bn,proteins_gin_gn_fast
bn_2.txt,bn,2,183,0.2235,0.7732,0.7946,PROTEINS,GIN,300,bn,proteins_gin_gn_fast
bn_2.txt,bn,2,184,0.2235,0.7772,0.7857,PROTEINS,GIN,300,bn,proteins_gin_gn_fast
bn_2.txt,bn,2,185,0.2235,0.7722,0.7857,PROTEINS,GIN,300,bn,proteins_gin_gn_fast
bn_2.txt,bn,2,186,0.2235,0.7782,0.7857,PROTEINS,GIN,300,bn,proteins_gin_gn_fast
bn_2.txt,bn,2,187,0.2234,0.7702,0.7946,PROTEINS,GIN,300,bn,proteins_gin_gn_fast
bn_2.txt,bn,2,188,0.2235,0.7762,0.8036,PROTEINS,GIN,300,bn,proteins_gin_gn_fast
bn_2.txt,bn,2,189,0.2235,0.7483,0.7946,PROTEINS,GIN,300,bn,proteins_gin_gn_fast
bn_2.txt,bn,2,190,0.2235,0.7702,0.7946,PROTEINS,GIN,300,bn,proteins_gin_gn_fast
bn_2.txt,bn,2,191,0.2234,0.7762,0.8214,PROTEINS,GIN,300,bn,proteins_gin_gn_fast
bn_2.txt,bn,2,192,0.2234,0.7582,0.7768,PROTEINS,GIN,300,bn,proteins_gin_gn_fast
bn_2.txt,bn,2,193,0.2234,0.7682,0.7946,PROTEINS,GIN,300,bn,proteins_gin_gn_fast
bn_2.txt,bn,2,194,0.2234,0.7682,0.7768,PROTEINS,GIN,300,bn,proteins_gin_gn_fast
bn_2.txt,bn,2,195,0.2234,0.7582,0.8036,PROTEINS,GIN,300,bn,proteins_gin_gn_fast
bn_2.txt,bn,2,196,0.2234,0.7433,0.7679,PROTEINS,GIN,300,bn,proteins_gin_gn_fast
bn_2.txt,bn,2,197,0.2234,0.7632,0.8214,PROTEINS,GIN,300,bn,proteins_gin_gn_fast
bn_2.txt,bn,2,198,0.2234,0.7672,0.7679,PROTEINS,GIN,300,bn,proteins_gin_gn_fast
bn_2.txt,bn,2,199,0.2234,0.7652,0.7946,PROTEINS,GIN,300,bn,proteins_gin_gn_fast
bn_2.txt,bn,2,200,0.2234,0.7403,0.7768,PROTEINS,GIN,300,bn,proteins_gin_gn_fast
bn_2.txt,bn,2,201,0.2234,0.7602,0.8125,PROTEINS,GIN,300,bn,proteins_gin_gn_fast
bn_2.txt,bn,2,202,0.2234,0.7612,0.7679,PROTEINS,GIN,300,bn,proteins_gin_gn_fast
bn_2.txt,bn,2,203,0.2234,0.7622,0.7946,PROTEINS,GIN,300,bn,proteins_gin_gn_fast
bn_2.txt,bn,2,204,0.2234,0.7642,0.8036,PROTEINS,GIN,300,bn,proteins_gin_gn_fast
bn_2.txt,bn,2,205,0.2234,0.7802,0.75,PROTEINS,GIN,300,bn,proteins_gin_gn_fast
bn_2.txt,bn,2,206,0.2235,0.7762,0.7411,PROTEINS,GIN,300,bn,proteins_gin_gn_fast
bn_2.txt,bn,2,207,0.2236,0.7652,0.7768,PROTEINS,GIN,300,bn,proteins_gin_gn_fast
bn_2.txt,bn,2,208,0.2236,0.7642,0.8036,PROTEINS,GIN,300,bn,proteins_gin_gn_fast
bn_2.txt,bn,2,209,0.2236,0.7552,0.7857,PROTEINS,GIN,300,bn,proteins_gin_gn_fast
bn_2.txt,bn,2,210,0.2236,0.7652,0.8125,PROTEINS,GIN,300,bn,proteins_gin_gn_fast
bn_2.txt,bn,2,211,0.2236,0.7682,0.7679,PROTEINS,GIN,300,bn,proteins_gin_gn_fast
bn_2.txt,bn,2,212,0.2236,0.7732,0.7679,PROTEINS,GIN,300,bn,proteins_gin_gn_fast
bn_2.txt,bn,2,213,0.2236,0.7642,0.7589,PROTEINS,GIN,300,bn,proteins_gin_gn_fast
bn_2.txt,bn,2,214,0.2236,0.7742,0.7857,PROTEINS,GIN,300,bn,proteins_gin_gn_fast
bn_2.txt,bn,2,215,0.2235,0.7792,0.8125,PROTEINS,GIN,300,bn,proteins_gin_gn_fast
bn_2.txt,bn,2,216,0.2235,0.7592,0.7946,PROTEINS,GIN,300,bn,proteins_gin_gn_fast
bn_2.txt,bn,2,217,0.2235,0.7682,0.7857,PROTEINS,GIN,300,bn,proteins_gin_gn_fast
bn_2.txt,bn,2,218,0.2235,0.7642,0.7768,PROTEINS,GIN,300,bn,proteins_gin_gn_fast
bn_2.txt,bn,2,219,0.2235,0.7692,0.7768,PROTEINS,GIN,300,bn,proteins_gin_gn_fast
bn_2.txt,bn,2,220,0.2235,0.7313,0.7768,PROTEINS,GIN,300,bn,proteins_gin_gn_fast
bn_2.txt,bn,2,221,0.2236,0.7662,0.7946,PROTEINS,GIN,300,bn,proteins_gin_gn_fast
bn_2.txt,bn,2,222,0.2236,0.7712,0.7768,PROTEINS,GIN,300,bn,proteins_gin_gn_fast
bn_2.txt,bn,2,223,0.2236,0.7562,0.7857,PROTEINS,GIN,300,bn,proteins_gin_gn_fast
bn_2.txt,bn,2,224,0.2236,0.7612,0.8125,PROTEINS,GIN,300,bn,proteins_gin_gn_fast
bn_2.txt,bn,2,225,0.2236,0.7622,0.7857,PROTEINS,GIN,300,bn,proteins_gin_gn_fast
bn_2.txt,bn,2,226,0.2236,0.7722,0.7679,PROTEINS,GIN,300,bn,proteins_gin_gn_fast
bn_2.txt,bn,2,227,0.2236,0.7752,0.7589,PROTEINS,GIN,300,bn,proteins_gin_gn_fast
bn_2.txt,bn,2,228,0.2236,0.7802,0.7946,PROTEINS,GIN,300,bn,proteins_gin_gn_fast
bn_2.txt,bn,2,229,0.2236,0.7712,0.8036,PROTEINS,GIN,300,bn,proteins_gin_gn_fast
bn_2.txt,bn,2,230,0.2236,0.7602,0.7768,PROTEINS,GIN,300,bn,proteins_gin_gn_fast
bn_2.txt,bn,2,231,0.2236,0.7702,0.75,PROTEINS,GIN,300,bn,proteins_gin_gn_fast
bn_2.txt,bn,2,232,0.2236,0.7742,0.7857,PROTEINS,GIN,300,bn,proteins_gin_gn_fast
bn_2.txt,bn,2,233,0.2236,0.7612,0.7857,PROTEINS,GIN,300,bn,proteins_gin_gn_fast
bn_2.txt,bn,2,234,0.2236,0.7742,0.7857,PROTEINS,GIN,300,bn,proteins_gin_gn_fast
bn_2.txt,bn,2,235,0.2236,0.7453,0.8036,PROTEINS,GIN,300,bn,proteins_gin_gn_fast
bn_2.txt,bn,2,236,0.2236,0.7722,0.7857,PROTEINS,GIN,300,bn,proteins_gin_gn_fast
bn_2.txt,bn,2,237,0.2236,0.7303,0.7143,PROTEINS,GIN,300,bn,proteins_gin_gn_fast
bn_2.txt,bn,2,238,0.2236,0.7453,0.7679,PROTEINS,GIN,300,bn,proteins_gin_gn_fast
bn_2.txt,bn,2,239,0.2236,0.7602,0.7857,PROTEINS,GIN,300,bn,proteins_gin_gn_fast
bn_2.txt,bn,2,240,0.2236,0.7622,0.8125,PROTEINS,GIN,300,bn,proteins_gin_gn_fast
bn_2.txt,bn,2,241,0.2236,0.7712,0.7679,PROTEINS,GIN,300,bn,proteins_gin_gn_fast
bn_2.txt,bn,2,242,0.2236,0.7812,0.7768,PROTEINS,GIN,300,bn,proteins_gin_gn_fast
bn_2.txt,bn,2,243,0.2236,0.7862,0.7589,PROTEINS,GIN,300,bn,proteins_gin_gn_fast
bn_2.txt,bn,2,244,0.2237,0.7802,0.75,PROTEINS,GIN,300,bn,proteins_gin_gn_fast
bn_2.txt,bn,2,245,0.2237,0.7712,0.7679,PROTEINS,GIN,300,bn,proteins_gin_gn_fast
bn_2.txt,bn,2,246,0.2237,0.7812,0.7946,PROTEINS,GIN,300,bn,proteins_gin_gn_fast
bn_2.txt,bn,2,247,0.2237,0.7692,0.7589,PROTEINS,GIN,300,bn,proteins_gin_gn_fast
bn_2.txt,bn,2,248,0.2237,0.7552,0.8125,PROTEINS,GIN,300,bn,proteins_gin_gn_fast
bn_2.txt,bn,2,249,0.2237,0.7692,0.8304,PROTEINS,GIN,300,bn,proteins_gin_gn_fast
bn_2.txt,bn,2,250,0.2237,0.7792,0.8125,PROTEINS,GIN,300,bn,proteins_gin_gn_fast
bn_2.txt,bn,2,251,0.2237,0.7682,0.8036,PROTEINS,GIN,300,bn,proteins_gin_gn_fast
bn_2.txt,bn,2,252,0.2237,0.7782,0.7768,PROTEINS,GIN,300,bn,proteins_gin_gn_fast
bn_2.txt,bn,2,253,0.2237,0.7712,0.7679,PROTEINS,GIN,300,bn,proteins_gin_gn_fast
bn_2.txt,bn,2,254,0.2237,0.7892,0.75,PROTEINS,GIN,300,bn,proteins_gin_gn_fast
bn_2.txt,bn,2,255,0.2237,0.7852,0.7589,PROTEINS,GIN,300,bn,proteins_gin_gn_fast
bn_2.txt,bn,2,256,0.2237,0.7692,0.7768,PROTEINS,GIN,300,bn,proteins_gin_gn_fast
bn_2.txt,bn,2,257,0.2237,0.7652,0.7768,PROTEINS,GIN,300,bn,proteins_gin_gn_fast
bn_2.txt,bn,2,258,0.2237,0.7792,0.7679,PROTEINS,GIN,300,bn,proteins_gin_gn_fast
bn_2.txt,bn,2,259,0.2237,0.7772,0.8036,PROTEINS,GIN,300,bn,proteins_gin_gn_fast
bn_2.txt,bn,2,260,0.2239,0.7253,0.7411,PROTEINS,GIN,300,bn,proteins_gin_gn_fast
bn_2.txt,bn,2,261,0.2239,0.7772,0.7946,PROTEINS,GIN,300,bn,proteins_gin_gn_fast
bn_2.txt,bn,2,262,0.2239,0.7882,0.7946,PROTEINS,GIN,300,bn,proteins_gin_gn_fast
bn_2.txt,bn,2,263,0.2239,0.7782,0.7679,PROTEINS,GIN,300,bn,proteins_gin_gn_fast
bn_2.txt,bn,2,264,0.2239,0.7652,0.7946,PROTEINS,GIN,300,bn,proteins_gin_gn_fast
bn_2.txt,bn,2,265,0.2239,0.7752,0.7857,PROTEINS,GIN,300,bn,proteins_gin_gn_fast
bn_2.txt,bn,2,266,0.224,0.7702,0.7946,PROTEINS,GIN,300,bn,proteins_gin_gn_fast
bn_2.txt,bn,2,267,0.224,0.7732,0.7857,PROTEINS,GIN,300,bn,proteins_gin_gn_fast
bn_2.txt,bn,2,268,0.224,0.7802,0.7768,PROTEINS,GIN,300,bn,proteins_gin_gn_fast
bn_2.txt,bn,2,269,0.224,0.7702,0.7768,PROTEINS,GIN,300,bn,proteins_gin_gn_fast
bn_2.txt,bn,2,270,0.224,0.7752,0.8036,PROTEINS,GIN,300,bn,proteins_gin_gn_fast
bn_2.txt,bn,2,271,0.224,0.7722,0.8304,PROTEINS,GIN,300,bn,proteins_gin_gn_fast
bn_2.txt,bn,2,272,0.224,0.7852,0.8125,PROTEINS,GIN,300,bn,proteins_gin_gn_fast
bn_2.txt,bn,2,273,0.2239,0.7882,0.8125,PROTEINS,GIN,300,bn,proteins_gin_gn_fast
bn_2.txt,bn,2,274,0.2239,0.7822,0.7768,PROTEINS,GIN,300,bn,proteins_gin_gn_fast
bn_2.txt,bn,2,275,0.224,0.7732,0.7946,PROTEINS,GIN,300,bn,proteins_gin_gn_fast
bn_2.txt,bn,2,276,0.224,0.7742,0.7857,PROTEINS,GIN,300,bn,proteins_gin_gn_fast
bn_2.txt,bn,2,277,0.224,0.7802,0.7946,PROTEINS,GIN,300,bn,proteins_gin_gn_fast
bn_2.txt,bn,2,278,0.224,0.7732,0.8036,PROTEINS,GIN,300,bn,proteins_gin_gn_fast
bn_2.txt,bn,2,279,0.2241,0.7882,0.7857,PROTEINS,GIN,300,bn,proteins_gin_gn_fast
bn_2.txt,bn,2,280,0.2243,0.7832,0.7768,PROTEINS,GIN,300,bn,proteins_gin_gn_fast
bn_2.txt,bn,2,281,0.2245,0.7792,0.7857,PROTEINS,GIN,300,bn,proteins_gin_gn_fast
bn_2.txt,bn,2,282,0.2245,0.7822,0.7857,PROTEINS,GIN,300,bn,proteins_gin_gn_fast
bn_2.txt,bn,2,283,0.2245,0.7842,0.7946,PROTEINS,GIN,300,bn,proteins_gin_gn_fast
bn_2.txt,bn,2,284,0.2246,0.7872,0.7946,PROTEINS,GIN,300,bn,proteins_gin_gn_fast
bn_2.txt,bn,2,285,0.2247,0.7842,0.7768,PROTEINS,GIN,300,bn,proteins_gin_gn_fast
bn_2.txt,bn,2,286,0.2247,0.7882,0.7857,PROTEINS,GIN,300,bn,proteins_gin_gn_fast
bn_2.txt,bn,2,287,0.2249,0.7822,0.7857,PROTEINS,GIN,300,bn,proteins_gin_gn_fast
bn_2.txt,bn,2,288,0.225,0.7822,0.7857,PROTEINS,GIN,300,bn,proteins_gin_gn_fast
bn_2.txt,bn,2,289,0.2253,0.7802,0.7857,PROTEINS,GIN,300,bn,proteins_gin_gn_fast
bn_2.txt,bn,2,290,0.2258,0.7792,0.7857,PROTEINS,GIN,300,bn,proteins_gin_gn_fast
bn_2.txt,bn,2,291,0.2259,0.7822,0.7857,PROTEINS,GIN,300,bn,proteins_gin_gn_fast
bn_2.txt,bn,2,292,0.2259,0.7802,0.7768,PROTEINS,GIN,300,bn,proteins_gin_gn_fast
bn_2.txt,bn,2,293,0.226,0.7812,0.7768,PROTEINS,GIN,300,bn,proteins_gin_gn_fast
bn_2.txt,bn,2,294,0.2262,0.7802,0.7768,PROTEINS,GIN,300,bn,proteins_gin_gn_fast
bn_2.txt,bn,2,295,0.2263,0.7782,0.7768,PROTEINS,GIN,300,bn,proteins_gin_gn_fast
bn_2.txt,bn,2,296,0.2265,0.7802,0.7768,PROTEINS,GIN,300,bn,proteins_gin_gn_fast
bn_2.txt,bn,2,297,0.2265,0.7802,0.7768,PROTEINS,GIN,300,bn,proteins_gin_gn_fast
bn_2.txt,bn,2,298,0.2266,0.7782,0.7768,PROTEINS,GIN,300,bn,proteins_gin_gn_fast
bn_2.txt,bn,2,299,0.2267,0.7822,0.7857,PROTEINS,GIN,300,bn,proteins_gin_gn_fast
bn_2.txt,bn,2,300,0.2268,0.7822,0.7857,PROTEINS,GIN,300,bn,proteins_gin_gn_fast
dwgn_0.txt,dwgn,0,1,0.6394,0.4036,0.4018,PROTEINS,GIN,300,dwgn,proteins_gin_gn_fast
dwgn_0.txt,dwgn,0,2,0.5915,0.6244,0.6339,PROTEINS,GIN,300,dwgn,proteins_gin_gn_fast
dwgn_0.txt,dwgn,0,3,0.5777,0.6553,0.6696,PROTEINS,GIN,300,dwgn,proteins_gin_gn_fast
dwgn_0.txt,dwgn,0,4,0.5785,0.6523,0.6875,PROTEINS,GIN,300,dwgn,proteins_gin_gn_fast
dwgn_0.txt,dwgn,0,5,0.5764,0.7453,0.75,PROTEINS,GIN,300,dwgn,proteins_gin_gn_fast
dwgn_0.txt,dwgn,0,6,0.573,0.6713,0.625,PROTEINS,GIN,300,dwgn,proteins_gin_gn_fast
dwgn_0.txt,dwgn,0,7,0.5715,0.6973,0.7054,PROTEINS,GIN,300,dwgn,proteins_gin_gn_fast
dwgn_0.txt,dwgn,0,8,0.5732,0.7453,0.7054,PROTEINS,GIN,300,dwgn,proteins_gin_gn_fast
dwgn_0.txt,dwgn,0,9,0.5735,0.7592,0.7411,PROTEINS,GIN,300,dwgn,proteins_gin_gn_fast
dwgn_0.txt,dwgn,0,10,0.5737,0.7373,0.7411,PROTEINS,GIN,300,dwgn,proteins_gin_gn_fast
dwgn_0.txt,dwgn,0,11,0.5744,0.7552,0.7589,PROTEINS,GIN,300,dwgn,proteins_gin_gn_fast
dwgn_0.txt,dwgn,0,12,0.5741,0.7173,0.6964,PROTEINS,GIN,300,dwgn,proteins_gin_gn_fast
dwgn_0.txt,dwgn,0,13,0.5746,0.6024,0.5982,PROTEINS,GIN,300,dwgn,proteins_gin_gn_fast
dwgn_0.txt,dwgn,0,14,0.5769,0.6903,0.6786,PROTEINS,GIN,300,dwgn,proteins_gin_gn_fast
dwgn_0.txt,dwgn,0,15,0.5765,0.7023,0.7054,PROTEINS,GIN,300,dwgn,proteins_gin_gn_fast
dwgn_0.txt,dwgn,0,16,0.576,0.7622,0.7946,PROTEINS,GIN,300,dwgn,proteins_gin_gn_fast
dwgn_0.txt,dwgn,0,17,0.5782,0.7602,0.75,PROTEINS,GIN,300,dwgn,proteins_gin_gn_fast
dwgn_0.txt,dwgn,0,18,0.5774,0.7203,0.7232,PROTEINS,GIN,300,dwgn,proteins_gin_gn_fast
dwgn_0.txt,dwgn,0,19,0.5786,0.7682,0.7589,PROTEINS,GIN,300,dwgn,proteins_gin_gn_fast
dwgn_0.txt,dwgn,0,20,0.5792,0.7413,0.7411,PROTEINS,GIN,300,dwgn,proteins_gin_gn_fast
dwgn_0.txt,dwgn,0,21,0.579,0.7702,0.8036,PROTEINS,GIN,300,dwgn,proteins_gin_gn_fast
dwgn_0.txt,dwgn,0,22,0.5782,0.7592,0.7679,PROTEINS,GIN,300,dwgn,proteins_gin_gn_fast
dwgn_0.txt,dwgn,0,23,0.5777,0.7632,0.7143,PROTEINS,GIN,300,dwgn,proteins_gin_gn_fast
dwgn_0.txt,dwgn,0,24,0.5774,0.7872,0.7589,PROTEINS,GIN,300,dwgn,proteins_gin_gn_fast
dwgn_0.txt,dwgn,0,25,0.5773,0.7113,0.7054,PROTEINS,GIN,300,dwgn,proteins_gin_gn_fast
dwgn_0.txt,dwgn,0,26,0.5774,0.6563,0.6786,PROTEINS,GIN,300,dwgn,proteins_gin_gn_fast
dwgn_0.txt,dwgn,0,27,0.577,0.7033,0.6875,PROTEINS,GIN,300,dwgn,proteins_gin_gn_fast
dwgn_0.txt,dwgn,0,28,0.5795,0.6753,0.5982,PROTEINS,GIN,300,dwgn,proteins_gin_gn_fast
dwgn_0.txt,dwgn,0,29,0.5795,0.7063,0.7054,PROTEINS,GIN,300,dwgn,proteins_gin_gn_fast
dwgn_0.txt,dwgn,0,30,0.5797,0.7413,0.7679,PROTEINS,GIN,300,dwgn,proteins_gin_gn_fast
dwgn_0.txt,dwgn,0,31,0.5802,0.7632,0.7857,PROTEINS,GIN,300,dwgn,proteins_gin_gn_fast
dwgn_0.txt,dwgn,0,32,0.5803,0.7682,0.7768,PROTEINS,GIN,300,dwgn,proteins_gin_gn_fast
dwgn_0.txt,dwgn,0,33,0.5812,0.7373,0.6964,PROTEINS,GIN,300,dwgn,proteins_gin_gn_fast
dwgn_0.txt,dwgn,0,34,0.5813,0.6523,0.5446,PROTEINS,GIN,300,dwgn,proteins_gin_gn_fast
dwgn_0.txt,dwgn,0,35,0.5809,0.7552,0.7768,PROTEINS,GIN,300,dwgn,proteins_gin_gn_fast
dwgn_0.txt,dwgn,0,36,0.5806,0.6044,0.5982,PROTEINS,GIN,300,dwgn,proteins_gin_gn_fast
dwgn_0.txt,dwgn,0,37,0.5803,0.7343,0.7321,PROTEINS,GIN,300,dwgn,proteins_gin_gn_fast
dwgn_0.txt,dwgn,0,38,0.58,0.7512,0.7589,PROTEINS,GIN,300,dwgn,proteins_gin_gn_fast
dwgn_0.txt,dwgn,0,39,0.5799,0.7782,0.7768,PROTEINS,GIN,300,dwgn,proteins_gin_gn_fast
dwgn_0.txt,dwgn,0,40,0.5796,0.7213,0.7321,PROTEINS,GIN,300,dwgn,proteins_gin_gn_fast
dwgn_0.txt,dwgn,0,41,0.5794,0.7902,0.7411,PROTEINS,GIN,300,dwgn,proteins_gin_gn_fast
dwgn_0.txt,dwgn,0,42,0.5792,0.6154,0.6161,PROTEINS,GIN,300,dwgn,proteins_gin_gn_fast
dwgn_0.txt,dwgn,0,43,0.5792,0.6853,0.6875,PROTEINS,GIN,300,dwgn,proteins_gin_gn_fast
dwgn_0.txt,dwgn,0,44,0.5789,0.7532,0.7321,PROTEINS,GIN,300,dwgn,proteins_gin_gn_fast
dwgn_0.txt,dwgn,0,45,0.5788,0.6783,0.7232,PROTEINS,GIN,300,dwgn,proteins_gin_gn_fast
dwgn_0.txt,dwgn,0,46,0.5786,0.7143,0.7143,PROTEINS,GIN,300,dwgn,proteins_gin_gn_fast
dwgn_0.txt,dwgn,0,47,0.5782,0.7572,0.75,PROTEINS,GIN,300,dwgn,proteins_gin_gn_fast
dwgn_0.txt,dwgn,0,48,0.5782,0.7143,0.7321,PROTEINS,GIN,300,dwgn,proteins_gin_gn_fast
dwgn_0.txt,dwgn,0,49,0.578,0.7083,0.7054,PROTEINS,GIN,300,dwgn,proteins_gin_gn_fast
dwgn_0.txt,dwgn,0,50,0.5777,0.7033,0.7232,PROTEINS,GIN,300,dwgn,proteins_gin_gn_fast
dwgn_0.txt,dwgn,0,51,0.5781,0.7582,0.75,PROTEINS,GIN,300,dwgn,proteins_gin_gn_fast
dwgn_0.txt,dwgn,0,52,0.5779,0.7762,0.7589,PROTEINS,GIN,300,dwgn,proteins_gin_gn_fast
dwgn_0.txt,dwgn,0,53,0.5778,0.6364,0.6607,PROTEINS,GIN,300,dwgn,proteins_gin_gn_fast
dwgn_0.txt,dwgn,0,54,0.5777,0.7832,0.7679,PROTEINS,GIN,300,dwgn,proteins_gin_gn_fast
dwgn_0.txt,dwgn,0,55,0.5775,0.5325,0.5089,PROTEINS,GIN,300,dwgn,proteins_gin_gn_fast
dwgn_0.txt,dwgn,0,56,0.5775,0.7053,0.6696,PROTEINS,GIN,300,dwgn,proteins_gin_gn_fast
dwgn_0.txt,dwgn,0,57,0.5774,0.6893,0.7321,PROTEINS,GIN,300,dwgn,proteins_gin_gn_fast
dwgn_0.txt,dwgn,0,58,0.5774,0.6663,0.6964,PROTEINS,GIN,300,dwgn,proteins_gin_gn_fast
dwgn_0.txt,dwgn,0,59,0.5774,0.7552,0.7321,PROTEINS,GIN,300,dwgn,proteins_gin_gn_fast
dwgn_0.txt,dwgn,0,60,0.5774,0.7103,0.6786,PROTEINS,GIN,300,dwgn,proteins_gin_gn_fast
dwgn_0.txt,dwgn,0,61,0.5774,0.6843,0.6161,PROTEINS,GIN,300,dwgn,proteins_gin_gn_fast
dwgn_0.txt,dwgn,0,62,0.5775,0.7103,0.7411,PROTEINS,GIN,300,dwgn,proteins_gin_gn_fast
dwgn_0.txt,dwgn,0,63,0.5775,0.5574,0.5,PROTEINS,GIN,300,dwgn,proteins_gin_gn_fast
dwgn_0.txt,dwgn,0,64,0.5775,0.7433,0.75,PROTEINS,GIN,300,dwgn,proteins_gin_gn_fast
dwgn_0.txt,dwgn,0,65,0.5775,0.7532,0.7589,PROTEINS,GIN,300,dwgn,proteins_gin_gn_fast
dwgn_0.txt,dwgn,0,66,0.5776,0.7532,0.7679,PROTEINS,GIN,300,dwgn,proteins_gin_gn_fast
dwgn_0.txt,dwgn,0,67,0.5776,0.6883,0.6607,PROTEINS,GIN,300,dwgn,proteins_gin_gn_fast
dwgn_0.txt,dwgn,0,68,0.5775,0.7123,0.7321,PROTEINS,GIN,300,dwgn,proteins_gin_gn_fast
dwgn_0.txt,dwgn,0,69,0.5777,0.7443,0.75,PROTEINS,GIN,300,dwgn,proteins_gin_gn_fast
dwgn_0.txt,dwgn,0,70,0.5778,0.7722,0.7589,PROTEINS,GIN,300,dwgn,proteins_gin_gn_fast
dwgn_0.txt,dwgn,0,71,0.5779,0.7632,0.75,PROTEINS,GIN,300,dwgn,proteins_gin_gn_fast
dwgn_0.txt,dwgn,0,72,0.5779,0.7622,0.7589,PROTEINS,GIN,300,dwgn,proteins_gin_gn_fast
dwgn_0.txt,dwgn,0,73,0.5778,0.7403,0.7321,PROTEINS,GIN,300,dwgn,proteins_gin_gn_fast
dwgn_0.txt,dwgn,0,74,0.5778,0.7862,0.7946,PROTEINS,GIN,300,dwgn,proteins_gin_gn_fast
dwgn_0.txt,dwgn,0,75,0.5779,0.7762,0.7589,PROTEINS,GIN,300,dwgn,proteins_gin_gn_fast
dwgn_0.txt,dwgn,0,76,0.5779,0.6683,0.6696,PROTEINS,GIN,300,dwgn,proteins_gin_gn_fast
dwgn_0.txt,dwgn,0,77,0.578,0.7632,0.75,PROTEINS,GIN,300,dwgn,proteins_gin_gn_fast
dwgn_0.txt,dwgn,0,78,0.5781,0.7732,0.7589,PROTEINS,GIN,300,dwgn,proteins_gin_gn_fast
dwgn_0.txt,dwgn,0,79,0.5781,0.7812,0.75,PROTEINS,GIN,300,dwgn,proteins_gin_gn_fast
dwgn_0.txt,dwgn,0,80,0.5782,0.6853,0.6339,PROTEINS,GIN,300,dwgn,proteins_gin_gn_fast
dwgn_0.txt,dwgn,0,81,0.5783,0.7353,0.7321,PROTEINS,GIN,300,dwgn,proteins_gin_gn_fast
dwgn_0.txt,dwgn,0,82,0.5783,0.7572,0.7232,PROTEINS,GIN,300,dwgn,proteins_gin_gn_fast
dwgn_0.txt,dwgn,0,83,0.5784,0.7133,0.7143,PROTEINS,GIN,300,dwgn,proteins_gin_gn_fast
dwgn_0.txt,dwgn,0,84,0.5786,0.7612,0.7679,PROTEINS,GIN,300,dwgn,proteins_gin_gn_fast
dwgn_0.txt,dwgn,0,85,0.5785,0.7662,0.7679,PROTEINS,GIN,300,dwgn,proteins_gin_gn_fast
dwgn_0.txt,dwgn,0,86,0.5786,0.7782,0.75,PROTEINS,GIN,300,dwgn,proteins_gin_gn_fast
dwgn_0.txt,dwgn,0,87,0.5786,0.7572,0.7589,PROTEINS,GIN,300,dwgn,proteins_gin_gn_fast
dwgn_0.txt,dwgn,0,88,0.5787,0.7752,0.7589,PROTEINS,GIN,300,dwgn,proteins_gin_gn_fast
dwgn_0.txt,dwgn,0,89,0.5789,0.7812,0.7321,PROTEINS,GIN,300,dwgn,proteins_gin_gn_fast
dwgn_0.txt,dwgn,0,90,0.5789,0.7193,0.7321,PROTEINS,GIN,300,dwgn,proteins_gin_gn_fast
dwgn_0.txt,dwgn,0,91,0.5789,0.7293,0.7679,PROTEINS,GIN,300,dwgn,proteins_gin_gn_fast
dwgn_0.txt,dwgn,0,92,0.579,0.7443,0.7679,PROTEINS,GIN,300,dwgn,proteins_gin_gn_fast
dwgn_0.txt,dwgn,0,93,0.579,0.7253,0.7411,PROTEINS,GIN,300,dwgn,proteins_gin_gn_fast
dwgn_0.txt,dwgn,0,94,0.579,0.7233,0.7321,PROTEINS,GIN,300,dwgn,proteins_gin_gn_fast
dwgn_0.txt,dwgn,0,95,0.579,0.7353,0.7321,PROTEINS,GIN,300,dwgn,proteins_gin_gn_fast
dwgn_0.txt,dwgn,0,96,0.5791,0.6963,0.6429,PROTEINS,GIN,300,dwgn,proteins_gin_gn_fast
dwgn_0.txt,dwgn,0,97,0.5792,0.7672,0.7589,PROTEINS,GIN,300,dwgn,proteins_gin_gn_fast
dwgn_0.txt,dwgn,0,98,0.5792,0.7792,0.75,PROTEINS,GIN,300,dwgn,proteins_gin_gn_fast
dwgn_0.txt,dwgn,0,99,0.5793,0.7552,0.7679,PROTEINS,GIN,300,dwgn,proteins_gin_gn_fast
dwgn_0.txt,dwgn,0,100,0.5794,0.7782,0.7679,PROTEINS,GIN,300,dwgn,proteins_gin_gn_fast
dwgn_0.txt,dwgn,0,101,0.5795,0.7842,0.7679,PROTEINS,GIN,300,dwgn,proteins_gin_gn_fast
dwgn_0.txt,dwgn,0,102,0.5798,0.7642,0.7589,PROTEINS,GIN,300,dwgn,proteins_gin_gn_fast
dwgn_0.txt,dwgn,0,103,0.5799,0.7103,0.7232,PROTEINS,GIN,300,dwgn,proteins_gin_gn_fast
dwgn_0.txt,dwgn,0,104,0.58,0.7582,0.7321,PROTEINS,GIN,300,dwgn,proteins_gin_gn_fast
dwgn_0.txt,dwgn,0,105,0.5801,0.6563,0.6071,PROTEINS,GIN,300,dwgn,proteins_gin_gn_fast
dwgn_0.txt,dwgn,0,106,0.5802,0.7772,0.7768,PROTEINS,GIN,300,dwgn,proteins_gin_gn_fast
dwgn_0.txt,dwgn,0,107,0.5805,0.7772,0.75,PROTEINS,GIN,300,dwgn,proteins_gin_gn_fast
dwgn_0.txt,dwgn,0,108,0.5808,0.7263,0.7411,PROTEINS,GIN,300,dwgn,proteins_gin_gn_fast
dwgn_0.txt,dwgn,0,109,0.5813,0.7443,0.75,PROTEINS,GIN,300,dwgn,proteins_gin_gn_fast
dwgn_0.txt,dwgn,0,110,0.5817,0.7502,0.7679,PROTEINS,GIN,300,dwgn,proteins_gin_gn_fast
dwgn_0.txt,dwgn,0,111,0.5822,0.7722,0.7589,PROTEINS,GIN,300,dwgn,proteins_gin_gn_fast
dwgn_0.txt,dwgn,0,112,0.5825,0.7832,0.7321,PROTEINS,GIN,300,dwgn,proteins_gin_gn_fast
dwgn_0.txt,dwgn,0,113,0.5827,0.7772,0.7679,PROTEINS,GIN,300,dwgn,proteins_gin_gn_fast
dwgn_0.txt,dwgn,0,114,0.583,0.7582,0.7232,PROTEINS,GIN,300,dwgn,proteins_gin_gn_fast
dwgn_0.txt,dwgn,0,115,0.5833,0.7642,0.7589,PROTEINS,GIN,300,dwgn,proteins_gin_gn_fast
dwgn_0.txt,dwgn,0,116,0.5837,0.7562,0.7679,PROTEINS,GIN,300,dwgn,proteins_gin_gn_fast
dwgn_0.txt,dwgn,0,117,0.5841,0.7752,0.7589,PROTEINS,GIN,300,dwgn,proteins_gin_gn_fast
dwgn_0.txt,dwgn,0,118,0.5844,0.7602,0.7679,PROTEINS,GIN,300,dwgn,proteins_gin_gn_fast
dwgn_0.txt,dwgn,0,119,0.5846,0.7892,0.7857,PROTEINS,GIN,300,dwgn,proteins_gin_gn_fast
dwgn_0.txt,dwgn,0,120,0.5849,0.7642,0.7321,PROTEINS,GIN,300,dwgn,proteins_gin_gn_fast
dwgn_0.txt,dwgn,0,121,0.5852,0.7642,0.7679,PROTEINS,GIN,300,dwgn,proteins_gin_gn_fast
dwgn_0.txt,dwgn,0,122,0.5855,0.7722,0.7679,PROTEINS,GIN,300,dwgn,proteins_gin_gn_fast
dwgn_0.txt,dwgn,0,123,0.5858,0.7852,0.7946,PROTEINS,GIN,300,dwgn,proteins_gin_gn_fast
dwgn_0.txt,dwgn,0,124,0.5861,0.7822,0.7768,PROTEINS,GIN,300,dwgn,proteins_gin_gn_fast
dwgn_0.txt,dwgn,0,125,0.5864,0.7742,0.7768,PROTEINS,GIN,300,dwgn,proteins_gin_gn_fast
dwgn_0.txt,dwgn,0,126,0.5868,0.7672,0.75,PROTEINS,GIN,300,dwgn,proteins_gin_gn_fast
dwgn_0.txt,dwgn,0,127,0.5871,0.7602,0.7411,PROTEINS,GIN,300,dwgn,proteins_gin_gn_fast
dwgn_0.txt,dwgn,0,128,0.5875,0.7632,0.7589,PROTEINS,GIN,300,dwgn,proteins_gin_gn_fast
dwgn_0.txt,dwgn,0,129,0.5878,0.7932,0.7679,PROTEINS,GIN,300,dwgn,proteins_gin_gn_fast
dwgn_0.txt,dwgn,0,130,0.5883,0.7842,0.75,PROTEINS,GIN,300,dwgn,proteins_gin_gn_fast
dwgn_0.txt,dwgn,0,131,0.5887,0.7273,0.7589,PROTEINS,GIN,300,dwgn,proteins_gin_gn_fast
dwgn_0.txt,dwgn,0,132,0.589,0.7632,0.75,PROTEINS,GIN,300,dwgn,proteins_gin_gn_fast
dwgn_0.txt,dwgn,0,133,0.5894,0.7822,0.7589,PROTEINS,GIN,300,dwgn,proteins_gin_gn_fast
dwgn_0.txt,dwgn,0,134,0.5899,0.7792,0.7679,PROTEINS,GIN,300,dwgn,proteins_gin_gn_fast
dwgn_0.txt,dwgn,0,135,0.5903,0.7772,0.7589,PROTEINS,GIN,300,dwgn,proteins_gin_gn_fast
dwgn_0.txt,dwgn,0,136,0.5908,0.7872,0.7679,PROTEINS,GIN,300,dwgn,proteins_gin_gn_fast
dwgn_0.txt,dwgn,0,137,0.5912,0.6833,0.6875,PROTEINS,GIN,300,dwgn,proteins_gin_gn_fast
dwgn_0.txt,dwgn,0,138,0.5916,0.7473,0.7411,PROTEINS,GIN,300,dwgn,proteins_gin_gn_fast
dwgn_0.txt,dwgn,0,139,0.592,0.7303,0.75,PROTEINS,GIN,300,dwgn,proteins_gin_gn_fast
dwgn_0.txt,dwgn,0,140,0.5925,0.7233,0.75,PROTEINS,GIN,300,dwgn,proteins_gin_gn_fast
dwgn_0.txt,dwgn,0,141,0.593,0.7752,0.7768,PROTEINS,GIN,300,dwgn,proteins_gin_gn_fast
dwgn_0.txt,dwgn,0,142,0.5934,0.7782,0.7946,PROTEINS,GIN,300,dwgn,proteins_gin_gn_fast
dwgn_0.txt,dwgn,0,143,0.5939,0.7852,0.7679,PROTEINS,GIN,300,dwgn,proteins_gin_gn_fast
dwgn_0.txt,dwgn,0,144,0.5943,0.7742,0.75,PROTEINS,GIN,300,dwgn,proteins_gin_gn_fast
dwgn_0.txt,dwgn,0,145,0.5949,0.7752,0.7679,PROTEINS,GIN,300,dwgn,proteins_gin_gn_fast
dwgn_0.txt,dwgn,0,146,0.5954,0.7712,0.7768,PROTEINS,GIN,300,dwgn,proteins_gin_gn_fast
dwgn_0.txt,dwgn,0,147,0.5958,0.7642,0.7679,PROTEINS,GIN,300,dwgn,proteins_gin_gn_fast
dwgn_0.txt,dwgn,0,148,0.5962,0.7483,0.7589,PROTEINS,GIN,300,dwgn,proteins_gin_gn_fast
dwgn_0.txt,dwgn,0,149,0.5966,0.7493,0.75,PROTEINS,GIN,300,dwgn,proteins_gin_gn_fast
dwgn_0.txt,dwgn,0,150,0.5971,0.7812,0.7768,PROTEINS,GIN,300,dwgn,proteins_gin_gn_fast
dwgn_0.txt,dwgn,0,151,0.5975,0.7083,0.7232,PROTEINS,GIN,300,dwgn,proteins_gin_gn_fast
dwgn_0.txt,dwgn,0,152,0.598,0.7053,0.7321,PROTEINS,GIN,300,dwgn,proteins_gin_gn_fast
dwgn_0.txt,dwgn,0,153,0.5987,0.7552,0.7589,PROTEINS,GIN,300,dwgn,proteins_gin_gn_fast
dwgn_0.txt,dwgn,0,154,0.5991,0.7113,0.7054,PROTEINS,GIN,300,dwgn,proteins_gin_gn_fast
dwgn_0.txt,dwgn,0,155,0.5997,0.7812,0.7321,PROTEINS,GIN,300,dwgn,proteins_gin_gn_fast
dwgn_0.txt,dwgn,0,156,0.6001,0.7792,0.7589,PROTEINS,GIN,300,dwgn,proteins_gin_gn_fast
dwgn_0.txt,dwgn,0,157,0.6006,0.7802,0.7679,PROTEINS,GIN,300,dwgn,proteins_gin_gn_fast
dwgn_0.txt,dwgn,0,158,0.6011,0.7622,0.7768,PROTEINS,GIN,300,dwgn,proteins_gin_gn_fast
dwgn_0.txt,dwgn,0,159,0.6016,0.7752,0.7857,PROTEINS,GIN,300,dwgn,proteins_gin_gn_fast
dwgn_0.txt,dwgn,0,160,0.602,0.7562,0.7679,PROTEINS,GIN,300,dwgn,proteins_gin_gn_fast
dwgn_0.txt,dwgn,0,161,0.6026,0.7453,0.75,PROTEINS,GIN,300,dwgn,proteins_gin_gn_fast
dwgn_0.txt,dwgn,0,162,0.6031,0.7782,0.75,PROTEINS,GIN,300,dwgn,proteins_gin_gn_fast
dwgn_0.txt,dwgn,0,163,0.6035,0.7822,0.7411,PROTEINS,GIN,300,dwgn,proteins_gin_gn_fast
dwgn_0.txt,dwgn,0,164,0.604,0.7832,0.75,PROTEINS,GIN,300,dwgn,proteins_gin_gn_fast
dwgn_0.txt,dwgn,0,165,0.6045,0.7682,0.7411,PROTEINS,GIN,300,dwgn,proteins_gin_gn_fast
dwgn_0.txt,dwgn,0,166,0.6051,0.6813,0.7143,PROTEINS,GIN,300,dwgn,proteins_gin_gn_fast
dwgn_0.txt,dwgn,0,167,0.6055,0.7732,0.7679,PROTEINS,GIN,300,dwgn,proteins_gin_gn_fast
dwgn_0.txt,dwgn,0,168,0.606,0.7812,0.7589,PROTEINS,GIN,300,dwgn,proteins_gin_gn_fast
dwgn_0.txt,dwgn,0,169,0.6065,0.7792,0.7679,PROTEINS,GIN,300,dwgn,proteins_gin_gn_fast
dwgn_0.txt,dwgn,0,170,0.6069,0.7662,0.7411,PROTEINS,GIN,300,dwgn,proteins_gin_gn_fast
dwgn_0.txt,dwgn,0,171,0.6074,0.7662,0.7768,PROTEINS,GIN,300,dwgn,proteins_gin_gn_fast
dwgn_0.txt,dwgn,0,172,0.6079,0.7742,0.7857,PROTEINS,GIN,300,dwgn,proteins_gin_gn_fast
dwgn_0.txt,dwgn,0,173,0.6083,0.7742,0.7768,PROTEINS,GIN,300,dwgn,proteins_gin_gn_fast
dwgn_0.txt,dwgn,0,174,0.6088,0.7792,0.7768,PROTEINS,GIN,300,dwgn,proteins_gin_gn_fast
dwgn_0.txt,dwgn,0,175,0.6092,0.7363,0.7321,PROTEINS,GIN,300,dwgn,proteins_gin_gn_fast
dwgn_0.txt,dwgn,0,176,0.6097,0.7592,0.7411,PROTEINS,GIN,300,dwgn,proteins_gin_gn_fast
dwgn_0.txt,dwgn,0,177,0.6102,0.7682,0.75,PROTEINS,GIN,300,dwgn,proteins_gin_gn_fast
dwgn_0.txt,dwgn,0,178,0.6108,0.7622,0.75,PROTEINS,GIN,300,dwgn,proteins_gin_gn_fast
dwgn_0.txt,dwgn,0,179,0.6112,0.7732,0.7679,PROTEINS,GIN,300,dwgn,proteins_gin_gn_fast
dwgn_0.txt,dwgn,0,180,0.6117,0.7892,0.7589,PROTEINS,GIN,300,dwgn,proteins_gin_gn_fast
dwgn_0.txt,dwgn,0,181,0.6121,0.7213,0.7054,PROTEINS,GIN,300,dwgn,proteins_gin_gn_fast
dwgn_0.txt,dwgn,0,182,0.6126,0.7822,0.7589,PROTEINS,GIN,300,dwgn,proteins_gin_gn_fast
dwgn_0.txt,dwgn,0,183,0.6131,0.7612,0.7679,PROTEINS,GIN,300,dwgn,proteins_gin_gn_fast
dwgn_0.txt,dwgn,0,184,0.6134,0.7802,0.7768,PROTEINS,GIN,300,dwgn,proteins_gin_gn_fast
dwgn_0.txt,dwgn,0,185,0.6139,0.7812,0.75,PROTEINS,GIN,300,dwgn,proteins_gin_gn_fast
dwgn_0.txt,dwgn,0,186,0.6143,0.7642,0.75,PROTEINS,GIN,300,dwgn,proteins_gin_gn_fast
dwgn_0.txt,dwgn,0,187,0.6147,0.7892,0.7679,PROTEINS,GIN,300,dwgn,proteins_gin_gn_fast
dwgn_0.txt,dwgn,0,188,0.6152,0.7772,0.7411,PROTEINS,GIN,300,dwgn,proteins_gin_gn_fast
dwgn_0.txt,dwgn,0,189,0.6156,0.7562,0.7411,PROTEINS,GIN,300,dwgn,proteins_gin_gn_fast
dwgn_0.txt,dwgn,0,190,0.616,0.7812,0.7589,PROTEINS,GIN,300,dwgn,proteins_gin_gn_fast
dwgn_0.txt,dwgn,0,191,0.6165,0.7622,0.7679,PROTEINS,GIN,300,dwgn,proteins_gin_gn_fast
dwgn_0.txt,dwgn,0,192,0.617,0.7662,0.7589,PROTEINS,GIN,300,dwgn,proteins_gin_gn_fast
dwgn_0.txt,dwgn,0,193,0.6174,0.7822,0.7679,PROTEINS,GIN,300,dwgn,proteins_gin_gn_fast
dwgn_0.txt,dwgn,0,194,0.6178,0.7822,0.7679,PROTEINS,GIN,300,dwgn,proteins_gin_gn_fast
dwgn_0.txt,dwgn,0,195,0.6182,0.7812,0.7768,PROTEINS,GIN,300,dwgn,proteins_gin_gn_fast
dwgn_0.txt,dwgn,0,196,0.6186,0.7363,0.75,PROTEINS,GIN,300,dwgn,proteins_gin_gn_fast
dwgn_0.txt,dwgn,0,197,0.6189,0.7622,0.75,PROTEINS,GIN,300,dwgn,proteins_gin_gn_fast
dwgn_0.txt,dwgn,0,198,0.6193,0.7443,0.7232,PROTEINS,GIN,300,dwgn,proteins_gin_gn_fast
dwgn_0.txt,dwgn,0,199,0.6196,0.6474,0.6607,PROTEINS,GIN,300,dwgn,proteins_gin_gn_fast
dwgn_0.txt,dwgn,0,200,0.62,0.6344,0.5893,PROTEINS,GIN,300,dwgn,proteins_gin_gn_fast
dwgn_0.txt,dwgn,0,201,0.6203,0.7802,0.7589,PROTEINS,GIN,300,dwgn,proteins_gin_gn_fast
dwgn_0.txt,dwgn,0,202,0.6206,0.7612,0.7679,PROTEINS,GIN,300,dwgn,proteins_gin_gn_fast
dwgn_0.txt,dwgn,0,203,0.621,0.7702,0.7679,PROTEINS,GIN,300,dwgn,proteins_gin_gn_fast
dwgn_0.txt,dwgn,0,204,0.6215,0.7852,0.7768,PROTEINS,GIN,300,dwgn,proteins_gin_gn_fast
dwgn_0.txt,dwgn,0,205,0.6218,0.7562,0.7589,PROTEINS,GIN,300,dwgn,proteins_gin_gn_fast
dwgn_0.txt,dwgn,0,206,0.6222,0.7852,0.7589,PROTEINS,GIN,300,dwgn,proteins_gin_gn_fast
dwgn_0.txt,dwgn,0,207,0.6226,0.7782,0.7679,PROTEINS,GIN,300,dwgn,proteins_gin_gn_fast
dwgn_0.txt,dwgn,0,208,0.6229,0.7293,0.75,PROTEINS,GIN,300,dwgn,proteins_gin_gn_fast
dwgn_0.txt,dwgn,0,209,0.6232,0.7562,0.75,PROTEINS,GIN,300,dwgn,proteins_gin_gn_fast
dwgn_0.txt,dwgn,0,210,0.6236,0.7842,0.7857,PROTEINS,GIN,300,dwgn,proteins_gin_gn_fast
dwgn_0.txt,dwgn,0,211,0.624,0.7183,0.7321,PROTEINS,GIN,300,dwgn,proteins_gin_gn_fast
dwgn_0.txt,dwgn,0,212,0.6243,0.7752,0.7589,PROTEINS,GIN,300,dwgn,proteins_gin_gn_fast
dwgn_0.txt,dwgn,0,213,0.6247,0.7652,0.7589,PROTEINS,GIN,300,dwgn,proteins_gin_gn_fast
dwgn_0.txt,dwgn,0,214,0.625,0.7862,0.7768,PROTEINS,GIN,300,dwgn,proteins_gin_gn_fast
dwgn_0.txt,dwgn,0,215,0.6253,0.7762,0.75,PROTEINS,GIN,300,dwgn,proteins_gin_gn_fast
dwgn_0.txt,dwgn,0,216,0.6257,0.7692,0.7679,PROTEINS,GIN,300,dwgn,proteins_gin_gn_fast
dwgn_0.txt,dwgn,0,217,0.626,0.7712,0.7679,PROTEINS,GIN,300,dwgn,proteins_gin_gn_fast
dwgn_0.txt,dwgn,0,218,0.6264,0.7782,0.7679,PROTEINS,GIN,300,dwgn,proteins_gin_gn_fast
dwgn_0.txt,dwgn,0,219,0.6267,0.7872,0.7589,PROTEINS,GIN,300,dwgn,proteins_gin_gn_fast
dwgn_0.txt,dwgn,0,220,0.6271,0.7502,0.75,PROTEINS,GIN,300,dwgn,proteins_gin_gn_fast
dwgn_0.txt,dwgn,0,221,0.6273,0.7453,0.7589,PROTEINS,GIN,300,dwgn,proteins_gin_gn_fast
dwgn_0.txt,dwgn,0,222,0.6276,0.7872,0.7679,PROTEINS,GIN,300,dwgn,proteins_gin_gn_fast
dwgn_0.txt,dwgn,0,223,0.6279,0.7722,0.7946,PROTEINS,GIN,300,dwgn,proteins_gin_gn_fast
dwgn_0.txt,dwgn,0,224,0.6283,0.7672,0.7768,PROTEINS,GIN,300,dwgn,proteins_gin_gn_fast
dwgn_0.txt,dwgn,0,225,0.6286,0.7443,0.7589,PROTEINS,GIN,300,dwgn,proteins_gin_gn_fast
dwgn_0.txt,dwgn,0,226,0.6288,0.7772,0.75,PROTEINS,GIN,300,dwgn,proteins_gin_gn_fast
dwgn_0.txt,dwgn,0,227,0.6291,0.7423,0.7143,PROTEINS,GIN,300,dwgn,proteins_gin_gn_fast
dwgn_0.txt,dwgn,0,228,0.6294,0.7093,0.7589,PROTEINS,GIN,300,dwgn,proteins_gin_gn_fast
dwgn_0.txt,dwgn,0,229,0.6297,0.7283,0.7589,PROTEINS,GIN,300,dwgn,proteins_gin_gn_fast
dwgn_0.txt,dwgn,0,230,0.6299,0.7443,0.7232,PROTEINS,GIN,300,dwgn,proteins_gin_gn_fast
dwgn_0.txt,dwgn,0,231,0.6302,0.7732,0.7768,PROTEINS,GIN,300,dwgn,proteins_gin_gn_fast
dwgn_0.txt,dwgn,0,232,0.6305,0.7782,0.7768,PROTEINS,GIN,300,dwgn,proteins_gin_gn_fast
dwgn_0.txt,dwgn,0,233,0.6308,0.7882,0.7589,PROTEINS,GIN,300,dwgn,proteins_gin_gn_fast
dwgn_0.txt,dwgn,0,234,0.6311,0.7602,0.7589,PROTEINS,GIN,300,dwgn,proteins_gin_gn_fast
dwgn_0.txt,dwgn,0,235,0.6314,0.7632,0.7679,PROTEINS,GIN,300,dwgn,proteins_gin_gn_fast
dwgn_0.txt,dwgn,0,236,0.6316,0.7473,0.7589,PROTEINS,GIN,300,dwgn,proteins_gin_gn_fast
dwgn_0.txt,dwgn,0,237,0.632,0.7812,0.7857,PROTEINS,GIN,300,dwgn,proteins_gin_gn_fast
dwgn_0.txt,dwgn,0,238,0.6323,0.7832,0.7679,PROTEINS,GIN,300,dwgn,proteins_gin_gn_fast
dwgn_0.txt,dwgn,0,239,0.6325,0.7512,0.7321,PROTEINS,GIN,300,dwgn,proteins_gin_gn_fast
dwgn_0.txt,dwgn,0,240,0.6328,0.7892,0.7857,PROTEINS,GIN,300,dwgn,proteins_gin_gn_fast
dwgn_0.txt,dwgn,0,241,0.633,0.7802,0.7768,PROTEINS,GIN,300,dwgn,proteins_gin_gn_fast
dwgn_0.txt,dwgn,0,242,0.6334,0.7792,0.7589,PROTEINS,GIN,300,dwgn,proteins_gin_gn_fast
dwgn_0.txt,dwgn,0,243,0.6337,0.7602,0.7679,PROTEINS,GIN,300,dwgn,proteins_gin_gn_fast
dwgn_0.txt,dwgn,0,244,0.6339,0.7712,0.7679,PROTEINS,GIN,300,dwgn,proteins_gin_gn_fast
dwgn_0.txt,dwgn,0,245,0.6342,0.7892,0.7857,PROTEINS,GIN,300,dwgn,proteins_gin_gn_fast
dwgn_0.txt,dwgn,0,246,0.6348,0.7842,0.7768,PROTEINS,GIN,300,dwgn,proteins_gin_gn_fast
dwgn_0.txt,dwgn,0,247,0.6351,0.7882,0.7768,PROTEINS,GIN,300,dwgn,proteins_gin_gn_fast
dwgn_0.txt,dwgn,0,248,0.6354,0.7882,0.7589,PROTEINS,GIN,300,dwgn,proteins_gin_gn_fast
dwgn_0.txt,dwgn,0,249,0.6356,0.7782,0.7679,PROTEINS,GIN,300,dwgn,proteins_gin_gn_fast
dwgn_0.txt,dwgn,0,250,0.6358,0.7892,0.7768,PROTEINS,GIN,300,dwgn,proteins_gin_gn_fast
dwgn_0.txt,dwgn,0,251,0.636,0.7902,0.75,PROTEINS,GIN,300,dwgn,proteins_gin_gn_fast
dwgn_0.txt,dwgn,0,252,0.6362,0.7902,0.7857,PROTEINS,GIN,300,dwgn,proteins_gin_gn_fast
dwgn_0.txt,dwgn,0,253,0.6365,0.7812,0.7768,PROTEINS,GIN,300,dwgn,proteins_gin_gn_fast
dwgn_0.txt,dwgn,0,254,0.6367,0.7862,0.7768,PROTEINS,GIN,300,dwgn,proteins_gin_gn_fast
dwgn_0.txt,dwgn,0,255,0.6371,0.7742,0.75,PROTEINS,GIN,300,dwgn,proteins_gin_gn_fast
dwgn_0.txt,dwgn,0,256,0.6373,0.7602,0.7679,PROTEINS,GIN,300,dwgn,proteins_gin_gn_fast
dwgn_0.txt,dwgn,0,257,0.6375,0.7822,0.7768,PROTEINS,GIN,300,dwgn,proteins_gin_gn_fast
dwgn_0.txt,dwgn,0,258,0.6377,0.7752,0.7589,PROTEINS,GIN,300,dwgn,proteins_gin_gn_fast
dwgn_0.txt,dwgn,0,259,0.6379,0.7702,0.75,PROTEINS,GIN,300,dwgn,proteins_gin_gn_fast
dwgn_0.txt,dwgn,0,260,0.6381,0.7722,0.7679,PROTEINS,GIN,300,dwgn,proteins_gin_gn_fast
dwgn_0.txt,dwgn,0,261,0.6383,0.7822,0.7768,PROTEINS,GIN,300,dwgn,proteins_gin_gn_fast
dwgn_0.txt,dwgn,0,262,0.6386,0.7842,0.7946,PROTEINS,GIN,300,dwgn,proteins_gin_gn_fast
dwgn_0.txt,dwgn,0,263,0.6387,0.7922,0.7857,PROTEINS,GIN,300,dwgn,proteins_gin_gn_fast
dwgn_0.txt,dwgn,0,264,0.6389,0.7852,0.75,PROTEINS,GIN,300,dwgn,proteins_gin_gn_fast
dwgn_0.txt,dwgn,0,265,0.6391,0.7892,0.7589,PROTEINS,GIN,300,dwgn,proteins_gin_gn_fast
dwgn_0.txt,dwgn,0,266,0.6393,0.7852,0.7768,PROTEINS,GIN,300,dwgn,proteins_gin_gn_fast
dwgn_0.txt,dwgn,0,267,0.6394,0.7962,0.7679,PROTEINS,GIN,300,dwgn,proteins_gin_gn_fast
dwgn_0.txt,dwgn,0,268,0.6398,0.7852,0.7768,PROTEINS,GIN,300,dwgn,proteins_gin_gn_fast
dwgn_0.txt,dwgn,0,269,0.64,0.7842,0.7857,PROTEINS,GIN,300,dwgn,proteins_gin_gn_fast
dwgn_0.txt,dwgn,0,270,0.6402,0.7802,0.7768,PROTEINS,GIN,300,dwgn,proteins_gin_gn_fast
dwgn_0.txt,dwgn,0,271,0.6403,0.7872,0.7589,PROTEINS,GIN,300,dwgn,proteins_gin_gn_fast
dwgn_0.txt,dwgn,0,272,0.6405,0.7892,0.7768,PROTEINS,GIN,300,dwgn,proteins_gin_gn_fast
dwgn_0.txt,dwgn,0,273,0.6407,0.7872,0.7857,PROTEINS,GIN,300,dwgn,proteins_gin_gn_fast
dwgn_0.txt,dwgn,0,274,0.6409,0.7902,0.7679,PROTEINS,GIN,300,dwgn,proteins_gin_gn_fast
dwgn_0.txt,dwgn,0,275,0.641,0.7902,0.7946,PROTEINS,GIN,300,dwgn,proteins_gin_gn_fast
dwgn_0.txt,dwgn,0,276,0.6412,0.7852,0.7679,PROTEINS,GIN,300,dwgn,proteins_gin_gn_fast
dwgn_0.txt,dwgn,0,277,0.6414,0.7912,0.7946,PROTEINS,GIN,300,dwgn,proteins_gin_gn_fast
dwgn_0.txt,dwgn,0,278,0.6415,0.7892,0.7768,PROTEINS,GIN,300,dwgn,proteins_gin_gn_fast
dwgn_0.txt,dwgn,0,279,0.6416,0.7892,0.7589,PROTEINS,GIN,300,dwgn,proteins_gin_gn_fast
dwgn_0.txt,dwgn,0,280,0.6418,0.7932,0.7946,PROTEINS,GIN,300,dwgn,proteins_gin_gn_fast
dwgn_0.txt,dwgn,0,281,0.6419,0.7912,0.7857,PROTEINS,GIN,300,dwgn,proteins_gin_gn_fast
dwgn_0.txt,dwgn,0,282,0.642,0.7872,0.7768,PROTEINS,GIN,300,dwgn,proteins_gin_gn_fast
dwgn_0.txt,dwgn,0,283,0.6422,0.7882,0.7589,PROTEINS,GIN,300,dwgn,proteins_gin_gn_fast
dwgn_0.txt,dwgn,0,284,0.6423,0.7912,0.7589,PROTEINS,GIN,300,dwgn,proteins_gin_gn_fast
dwgn_0.txt,dwgn,0,285,0.6425,0.7902,0.7679,PROTEINS,GIN,300,dwgn,proteins_gin_gn_fast
dwgn_0.txt,dwgn,0,286,0.6426,0.7752,0.75,PROTEINS,GIN,300,dwgn,proteins_gin_gn_fast
dwgn_0.txt,dwgn,0,287,0.6428,0.7852,0.7946,PROTEINS,GIN,300,dwgn,proteins_gin_gn_fast
dwgn_0.txt,dwgn,0,288,0.6429,0.7922,0.7679,PROTEINS,GIN,300,dwgn,proteins_gin_gn_fast
dwgn_0.txt,dwgn,0,289,0.643,0.7872,0.7679,PROTEINS,GIN,300,dwgn,proteins_gin_gn_fast
dwgn_0.txt,dwgn,0,290,0.6431,0.7982,0.7768,PROTEINS,GIN,300,dwgn,proteins_gin_gn_fast
dwgn_0.txt,dwgn,0,291,0.6433,0.7932,0.7857,PROTEINS,GIN,300,dwgn,proteins_gin_gn_fast
dwgn_0.txt,dwgn,0,292,0.6434,0.7922,0.7857,PROTEINS,GIN,300,dwgn,proteins_gin_gn_fast
dwgn_0.txt,dwgn,0,293,0.6435,0.7942,0.7768,PROTEINS,GIN,300,dwgn,proteins_gin_gn_fast
dwgn_0.txt,dwgn,0,294,0.6436,0.7962,0.7857,PROTEINS,GIN,300,dwgn,proteins_gin_gn_fast
dwgn_0.txt,dwgn,0,295,0.6437,0.7992,0.7679,PROTEINS,GIN,300,dwgn,proteins_gin_gn_fast
dwgn_0.txt,dwgn,0,296,0.6438,0.8012,0.7679,PROTEINS,GIN,300,dwgn,proteins_gin_gn_fast
dwgn_0.txt,dwgn,0,297,0.6439,0.7962,0.7768,PROTEINS,GIN,300,dwgn,proteins_gin_gn_fast
dwgn_0.txt,dwgn,0,298,0.6441,0.7942,0.7768,PROTEINS,GIN,300,dwgn,proteins_gin_gn_fast
dwgn_0.txt,dwgn,0,299,0.6441,0.7932,0.7768,PROTEINS,GIN,300,dwgn,proteins_gin_gn_fast
dwgn_0.txt,dwgn,0,300,0.6443,0.7942,0.7768,PROTEINS,GIN,300,dwgn,proteins_gin_gn_fast
dwgn_1.txt,dwgn,1,1,0.6022,0.6394,0.6339,PROTEINS,GIN,300,dwgn,proteins_gin_gn_fast
dwgn_1.txt,dwgn,1,2,0.5754,0.6094,0.5982,PROTEINS,GIN,300,dwgn,proteins_gin_gn_fast
dwgn_1.txt,dwgn,1,3,0.5635,0.6653,0.6607,PROTEINS,GIN,300,dwgn,proteins_gin_gn_fast
dwgn_1.txt,dwgn,1,4,0.5586,0.6753,0.6607,PROTEINS,GIN,300,dwgn,proteins_gin_gn_fast
dwgn_1.txt,dwgn,1,5,0.5573,0.6973,0.7054,PROTEINS,GIN,300,dwgn,proteins_gin_gn_fast
dwgn_1.txt,dwgn,1,6,0.5552,0.6993,0.6696,PROTEINS,GIN,300,dwgn,proteins_gin_gn_fast
dwgn_1.txt,dwgn,1,7,0.5535,0.4446,0.4554,PROTEINS,GIN,300,dwgn,proteins_gin_gn_fast
dwgn_1.txt,dwgn,1,8,0.5533,0.7093,0.7321,PROTEINS,GIN,300,dwgn,proteins_gin_gn_fast
dwgn_1.txt,dwgn,1,9,0.5528,0.6374,0.625,PROTEINS,GIN,300,dwgn,proteins_gin_gn_fast
dwgn_1.txt,dwgn,1,10,0.5532,0.7383,0.7232,PROTEINS,GIN,300,dwgn,proteins_gin_gn_fast
dwgn_1.txt,dwgn,1,11,0.5516,0.7303,0.75,PROTEINS,GIN,300,dwgn,proteins_gin_gn_fast
dwgn_1.txt,dwgn,1,12,0.5535,0.6264,0.6161,PROTEINS,GIN,300,dwgn,proteins_gin_gn_fast
dwgn_1.txt,dwgn,1,13,0.5535,0.7413,0.7143,PROTEINS,GIN,300,dwgn,proteins_gin_gn_fast
dwgn_1.txt,dwgn,1,14,0.5535,0.7762,0.7589,PROTEINS,GIN,300,dwgn,proteins_gin_gn_fast
dwgn_1.txt,dwgn,1,15,0.5532,0.7373,0.7679,PROTEINS,GIN,300,dwgn,proteins_gin_gn_fast
dwgn_1.txt,dwgn,1,16,0.5533,0.6783,0.6696,PROTEINS,GIN,300,dwgn,proteins_gin_gn_fast
dwgn_1.txt,dwgn,1,17,0.5534,0.7153,0.7411,PROTEINS,GIN,300,dwgn,proteins_gin_gn_fast
dwgn_1.txt,dwgn,1,18,0.5537,0.7772,0.7768,PROTEINS,GIN,300,dwgn,proteins_gin_gn_fast
dwgn_1.txt,dwgn,1,19,0.5538,0.7353,0.7679,PROTEINS,GIN,300,dwgn,proteins_gin_gn_fast
dwgn_1.txt,dwgn,1,20,0.5534,0.7443,0.7768,PROTEINS,GIN,300,dwgn,proteins_gin_gn_fast
dwgn_1.txt,dwgn,1,21,0.5536,0.7502,0.75,PROTEINS,GIN,300,dwgn,proteins_gin_gn_fast
dwgn_1.txt,dwgn,1,22,0.554,0.6643,0.6786,PROTEINS,GIN,300,dwgn,proteins_gin_gn_fast
dwgn_1.txt,dwgn,1,23,0.5538,0.4875,0.5268,PROTEINS,GIN,300,dwgn,proteins_gin_gn_fast
dwgn_1.txt,dwgn,1,24,0.5537,0.4266,0.4107,PROTEINS,GIN,300,dwgn,proteins_gin_gn_fast
dwgn_1.txt,dwgn,1,25,0.5537,0.7552,0.7589,PROTEINS,GIN,300,dwgn,proteins_gin_gn_fast
dwgn_1.txt,dwgn,1,26,0.5539,0.7413,0.7411,PROTEINS,GIN,300,dwgn,proteins_gin_gn_fast
dwgn_1.txt,dwgn,1,27,0.5541,0.7632,0.75,PROTEINS,GIN,300,dwgn,proteins_gin_gn_fast
dwgn_1.txt,dwgn,1,28,0.5575,0.6513,0.6518,PROTEINS,GIN,300,dwgn,proteins_gin_gn_fast
dwgn_1.txt,dwgn,1,29,0.5582,0.7323,0.7411,PROTEINS,GIN,300,dwgn,proteins_gin_gn_fast
dwgn_1.txt,dwgn,1,30,0.5583,0.6414,0.6339,PROTEINS,GIN,300,dwgn,proteins_gin_gn_fast
dwgn_1.txt,dwgn,1,31,0.5585,0.6923,0.7143,PROTEINS,GIN,300,dwgn,proteins_gin_gn_fast
dwgn_1.txt,dwgn,1,32,0.5587,0.7532,0.7857,PROTEINS,GIN,300,dwgn,proteins_gin_gn_fast
dwgn_1.txt,dwgn,1,33,0.5586,0.6523,0.6518,PROTEINS,GIN,300,dwgn,proteins_gin_gn_fast
dwgn_1.txt,dwgn,1,34,0.5593,0.6773,0.6786,PROTEINS,GIN,300,dwgn,proteins_gin_gn_fast
dwgn_1.txt,dwgn,1,35,0.5599,0.6813,0.6696,PROTEINS,GIN,300,dwgn,proteins_gin_gn_fast
dwgn_1.txt,dwgn,1,36,0.5602,0.7183,0.7143,PROTEINS,GIN,300,dwgn,proteins_gin_gn_fast
dwgn_1.txt,dwgn,1,37,0.5604,0.7712,0.7321,PROTEINS,GIN,300,dwgn,proteins_gin_gn_fast
dwgn_1.txt,dwgn,1,38,0.5603,0.7692,0.7411,PROTEINS,GIN,300,dwgn,proteins_gin_gn_fast
dwgn_1.txt,dwgn,1,39,0.5604,0.7562,0.7946,PROTEINS,GIN,300,dwgn,proteins_gin_gn_fast
dwgn_1.txt,dwgn,1,40,0.5606,0.7602,0.7232,PROTEINS,GIN,300,dwgn,proteins_gin_gn_fast
dwgn_1.txt,dwgn,1,41,0.5607,0.6543,0.6429,PROTEINS,GIN,300,dwgn,proteins_gin_gn_fast
dwgn_1.txt,dwgn,1,42,0.5609,0.7383,0.75,PROTEINS,GIN,300,dwgn,proteins_gin_gn_fast
dwgn_1.txt,dwgn,1,43,0.5609,0.5854,0.625,PROTEINS,GIN,300,dwgn,proteins_gin_gn_fast
dwgn_1.txt,dwgn,1,44,0.561,0.7483,0.7768,PROTEINS,GIN,300,dwgn,proteins_gin_gn_fast
dwgn_1.txt,dwgn,1,45,0.5609,0.7572,0.7589,PROTEINS,GIN,300,dwgn,proteins_gin_gn_fast
dwgn_1.txt,dwgn,1,46,0.5611,0.7473,0.7857,PROTEINS,GIN,300,dwgn,proteins_gin_gn_fast
dwgn_1.txt,dwgn,1,47,0.5614,0.7063,0.7232,PROTEINS,GIN,300,dwgn,proteins_gin_gn_fast
dwgn_1.txt,dwgn,1,48,0.5614,0.7532,0.75,PROTEINS,GIN,300,dwgn,proteins_gin_gn_fast
dwgn_1.txt,dwgn,1,49,0.5614,0.7423,0.7411,PROTEINS,GIN,300,dwgn,proteins_gin_gn_fast
dwgn_1.txt,dwgn,1,50,0.5614,0.7173,0.7054,PROTEINS,GIN,300,dwgn,proteins_gin_gn_fast
dwgn_1.txt,dwgn,1,51,0.5619,0.7453,0.7679,PROTEINS,GIN,300,dwgn,proteins_gin_gn_fast
dwgn_1.txt,dwgn,1,52,0.5619,0.7193,0.7321,PROTEINS,GIN,300,dwgn,proteins_gin_gn_fast
dwgn_1.txt,dwgn,1,53,0.562,0.7692,0.7411,PROTEINS,GIN,300,dwgn,proteins_gin_gn_fast
dwgn_1.txt,dwgn,1,54,0.5621,0.7323,0.7589,PROTEINS,GIN,300,dwgn,proteins_gin_gn_fast
dwgn_1.txt,dwgn,1,55,0.5622,0.7473,0.75,PROTEINS,GIN,300,dwgn,proteins_gin_gn_fast
dwgn_1.txt,dwgn,1,56,0.5623,0.6943,0.7321,PROTEINS,GIN,300,dwgn,proteins_gin_gn_fast
dwgn_1.txt,dwgn,1,57,0.5624,0.6683,0.6875,PROTEINS,GIN,300,dwgn,proteins_gin_gn_fast
dwgn_1.txt,dwgn,1,58,0.5625,0.7522,0.7946,PROTEINS,GIN,300,dwgn,proteins_gin_gn_fast
dwgn_1.txt,dwgn,1,59,0.5626,0.6553,0.6696,PROTEINS,GIN,300,dwgn,proteins_gin_gn_fast
dwgn_1.txt,dwgn,1,60,0.5628,0.6643,0.6875,PROTEINS,GIN,300,dwgn,proteins_gin_gn_fast
dwgn_1.txt,dwgn,1,61,0.563,0.6324,0.6518,PROTEINS,GIN,300,dwgn,proteins_gin_gn_fast
dwgn_1.txt,dwgn,1,62,0.5631,0.7203,0.7232,PROTEINS,GIN,300,dwgn,proteins_gin_gn_fast
dwgn_1.txt,dwgn,1,63,0.5632,0.6713,0.6875,PROTEINS,GIN,300,dwgn,proteins_gin_gn_fast
dwgn_1.txt,dwgn,1,64,0.5635,0.6903,0.7143,PROTEINS,GIN,300,dwgn,proteins_gin_gn_fast
dwgn_1.txt,dwgn,1,65,0.5634,0.7622,0.7946,PROTEINS,GIN,300,dwgn,proteins_gin_gn_fast
dwgn_1.txt,dwgn,1,66,0.5635,0.7153,0.7143,PROTEINS,GIN,300,dwgn,proteins_gin_gn_fast
dwgn_1.txt,dwgn,1,67,0.5637,0.7333,0.7679,PROTEINS,GIN,300,dwgn,proteins_gin_gn_fast
dwgn_1.txt,dwgn,1,68,0.5638,0.6983,0.7232,PROTEINS,GIN,300,dwgn,proteins_gin_gn_fast
dwgn_1.txt,dwgn,1,69,0.564,0.7343,0.7411,PROTEINS,GIN,300,dwgn,proteins_gin_gn_fast
dwgn_1.txt,dwgn,1,70,0.5642,0.7463,0.7768,PROTEINS,GIN,300,dwgn,proteins_gin_gn_fast
dwgn_1.txt,dwgn,1,71,0.5644,0.7542,0.7679,PROTEINS,GIN,300,dwgn,proteins_gin_gn_fast
dwgn_1.txt,dwgn,1,72,0.5645,0.6873,0.6964,PROTEINS,GIN,300,dwgn,proteins_gin_gn_fast
dwgn_1.txt,dwgn,1,73,0.5646,0.4655,0.4643,PROTEINS,GIN,300,dwgn,proteins_gin_gn_fast
dwgn_1.txt,dwgn,1,74,0.5647,0.7393,0.7679,PROTEINS,GIN,300,dwgn,proteins_gin_gn_fast
dwgn_1.txt,dwgn,1,75,0.5648,0.7363,0.75,PROTEINS,GIN,300,dwgn,proteins_gin_gn_fast
dwgn_1.txt,dwgn,1,76,0.5649,0.7393,0.7589,PROTEINS,GIN,300,dwgn,proteins_gin_gn_fast
dwgn_1.txt,dwgn,1,77,0.5651,0.6154,0.625,PROTEINS,GIN,300,dwgn,proteins_gin_gn_fast
dwgn_1.txt,dwgn,1,78,0.5653,0.6703,0.6696,PROTEINS,GIN,300,dwgn,proteins_gin_gn_fast
dwgn_1.txt,dwgn,1,79,0.5656,0.7522,0.7679,PROTEINS,GIN,300,dwgn,proteins_gin_gn_fast
dwgn_1.txt,dwgn,1,80,0.566,0.7393,0.7768,PROTEINS,GIN,300,dwgn,proteins_gin_gn_fast
dwgn_1.txt,dwgn,1,81,0.5664,0.7502,0.7411,PROTEINS,GIN,300,dwgn,proteins_gin_gn_fast
dwgn_1.txt,dwgn,1,82,0.5669,0.7493,0.7946,PROTEINS,GIN,300,dwgn,proteins_gin_gn_fast
dwgn_1.txt,dwgn,1,83,0.5672,0.7552,0.7857,PROTEINS,GIN,300,dwgn,proteins_gin_gn_fast
dwgn_1.txt,dwgn,1,84,0.5677,0.7263,0.7411,PROTEINS,GIN,300,dwgn,proteins_gin_gn_fast
dwgn_1.txt,dwgn,1,85,0.5683,0.6893,0.6786,PROTEINS,GIN,300,dwgn,proteins_gin_gn_fast
dwgn_1.txt,dwgn,1,86,0.5688,0.7562,0.7946,PROTEINS,GIN,300,dwgn,proteins_gin_gn_fast
dwgn_1.txt,dwgn,1,87,0.5692,0.7443,0.7679,PROTEINS,GIN,300,dwgn,proteins_gin_gn_fast
dwgn_1.txt,dwgn,1,88,0.5697,0.4116,0.4018,PROTEINS,GIN,300,dwgn,proteins_gin_gn_fast
dwgn_1.txt,dwgn,1,89,0.5701,0.6883,0.6875,PROTEINS,GIN,300,dwgn,proteins_gin_gn_fast
dwgn_1.txt,dwgn,1,90,0.5706,0.7303,0.7321,PROTEINS,GIN,300,dwgn,proteins_gin_gn_fast
dwgn_1.txt,dwgn,1,91,0.5711,0.7353,0.7411,PROTEINS,GIN,300,dwgn,proteins_gin_gn_fast
dwgn_1.txt,dwgn,1,92,0.5715,0.5954,0.5982,PROTEINS,GIN,300,dwgn,proteins_gin_gn_fast
dwgn_1.txt,dwgn,1,93,0.572,0.4046,0.4018,PROTEINS,GIN,300,dwgn,proteins_gin_gn_fast
dwgn_1.txt,dwgn,1,94,0.5725,0.7003,0.75,PROTEINS,GIN,300,dwgn,proteins_gin_gn_fast
dwgn_1.txt,dwgn,1,95,0.573,0.7263,0.7411,PROTEINS,GIN,300,dwgn,proteins_gin_gn_fast
dwgn_1.txt,dwgn,1,96,0.5735,0.7303,0.7946,PROTEINS,GIN,300,dwgn,proteins_gin_gn_fast
dwgn_1.txt,dwgn,1,97,0.574,0.6813,0.6518,PROTEINS,GIN,300,dwgn,proteins_gin_gn_fast
dwgn_1.txt,dwgn,1,98,0.5745,0.6763,0.6696,PROTEINS,GIN,300,dwgn,proteins_gin_gn_fast
dwgn_1.txt,dwgn,1,99,0.5751,0.7393,0.75,PROTEINS,GIN,300,dwgn,proteins_gin_gn_fast
dwgn_1.txt,dwgn,1,100,0.5757,0.7353,0.75,PROTEINS,GIN,300,dwgn,proteins_gin_gn_fast
dwgn_1.txt,dwgn,1,101,0.5763,0.7213,0.7143,PROTEINS,GIN,300,dwgn,proteins_gin_gn_fast
dwgn_1.txt,dwgn,1,102,0.5772,0.7483,0.8125,PROTEINS,GIN,300,dwgn,proteins_gin_gn_fast
dwgn_1.txt,dwgn,1,103,0.5782,0.7483,0.8036,PROTEINS,GIN,300,dwgn,proteins_gin_gn_fast
dwgn_1.txt,dwgn,1,104,0.5789,0.7463,0.7857,PROTEINS,GIN,300,dwgn,proteins_gin_gn_fast
dwgn_1.txt,dwgn,1,105,0.5795,0.7522,0.7946,PROTEINS,GIN,300,dwgn,proteins_gin_gn_fast
dwgn_1.txt,dwgn,1,106,0.5803,0.7522,0.8036,PROTEINS,GIN,300,dwgn,proteins_gin_gn_fast
dwgn_1.txt,dwgn,1,107,0.5809,0.7542,0.8125,PROTEINS,GIN,300,dwgn,proteins_gin_gn_fast
dwgn_1.txt,dwgn,1,108,0.5816,0.7582,0.7946,PROTEINS,GIN,300,dwgn,proteins_gin_gn_fast
dwgn_1.txt,dwgn,1,109,0.5823,0.7532,0.7946,PROTEINS,GIN,300,dwgn,proteins_gin_gn_fast
dwgn_1.txt,dwgn,1,110,0.5832,0.7552,0.7857,PROTEINS,GIN,300,dwgn,proteins_gin_gn_fast
dwgn_1.txt,dwgn,1,111,0.5838,0.7463,0.7679,PROTEINS,GIN,300,dwgn,proteins_gin_gn_fast
dwgn_1.txt,dwgn,1,112,0.5844,0.7562,0.7857,PROTEINS,GIN,300,dwgn,proteins_gin_gn_fast
dwgn_1.txt,dwgn,1,113,0.5851,0.7532,0.7857,PROTEINS,GIN,300,dwgn,proteins_gin_gn_fast
dwgn_1.txt,dwgn,1,114,0.5858,0.7712,0.7857,PROTEINS,GIN,300,dwgn,proteins_gin_gn_fast
dwgn_1.txt,dwgn,1,115,0.5865,0.7682,0.7679,PROTEINS,GIN,300,dwgn,proteins_gin_gn_fast
dwgn_1.txt,dwgn,1,116,0.5872,0.7642,0.7857,PROTEINS,GIN,300,dwgn,proteins_gin_gn_fast
dwgn_1.txt,dwgn,1,117,0.5879,0.7582,0.7768,PROTEINS,GIN,300,dwgn,proteins_gin_gn_fast
dwgn_1.txt,dwgn,1,118,0.5887,0.7572,0.7946,PROTEINS,GIN,300,dwgn,proteins_gin_gn_fast
dwgn_1.txt,dwgn,1,119,0.5895,0.7582,0.7946,PROTEINS,GIN,300,dwgn,proteins_gin_gn_fast
dwgn_1.txt,dwgn,1,120,0.5902,0.7542,0.7857,PROTEINS,GIN,300,dwgn,proteins_gin_gn_fast
dwgn_1.txt,dwgn,1,121,0.5909,0.7622,0.7768,PROTEINS,GIN,300,dwgn,proteins_gin_gn_fast
dwgn_1.txt,dwgn,1,122,0.5917,0.7652,0.7857,PROTEINS,GIN,300,dwgn,proteins_gin_gn_fast
dwgn_1.txt,dwgn,1,123,0.5924,0.7612,0.7679,PROTEINS,GIN,300,dwgn,proteins_gin_gn_fast
dwgn_1.txt,dwgn,1,124,0.5932,0.7642,0.8036,PROTEINS,GIN,300,dwgn,proteins_gin_gn_fast
dwgn_1.txt,dwgn,1,125,0.5938,0.7632,0.7946,PROTEINS,GIN,300,dwgn,proteins_gin_gn_fast
dwgn_1.txt,dwgn,1,126,0.5946,0.6863,0.6696,PROTEINS,GIN,300,dwgn,proteins_gin_gn_fast
dwgn_1.txt,dwgn,1,127,0.5952,0.6893,0.7054,PROTEINS,GIN,300,dwgn,proteins_gin_gn_fast
dwgn_1.txt,dwgn,1,128,0.5959,0.7512,0.7857,PROTEINS,GIN,300,dwgn,proteins_gin_gn_fast
dwgn_1.txt,dwgn,1,129,0.5966,0.7532,0.7768,PROTEINS,GIN,300,dwgn,proteins_gin_gn_fast
dwgn_1.txt,dwgn,1,130,0.5973,0.7453,0.7589,PROTEINS,GIN,300,dwgn,proteins_gin_gn_fast
dwgn_1.txt,dwgn,1,131,0.598,0.7552,0.7768,PROTEINS,GIN,300,dwgn,proteins_gin_gn_fast
dwgn_1.txt,dwgn,1,132,0.5987,0.7742,0.7589,PROTEINS,GIN,300,dwgn,proteins_gin_gn_fast
dwgn_1.txt,dwgn,1,133,0.5993,0.7562,0.7768,PROTEINS,GIN,300,dwgn,proteins_gin_gn_fast
dwgn_1.txt,dwgn,1,134,0.6,0.7552,0.7946,PROTEINS,GIN,300,dwgn,proteins_gin_gn_fast
dwgn_1.txt,dwgn,1,135,0.6007,0.7562,0.7857,PROTEINS,GIN,300,dwgn,proteins_gin_gn_fast
dwgn_1.txt,dwgn,1,136,0.6013,0.7672,0.7679,PROTEINS,GIN,300,dwgn,proteins_gin_gn_fast
dwgn_1.txt,dwgn,1,137,0.6019,0.7552,0.7857,PROTEINS,GIN,300,dwgn,proteins_gin_gn_fast
dwgn_1.txt,dwgn,1,138,0.6027,0.7632,0.7679,PROTEINS,GIN,300,dwgn,proteins_gin_gn_fast
dwgn_1.txt,dwgn,1,139,0.6044,0.7502,0.7768,PROTEINS,GIN,300,dwgn,proteins_gin_gn_fast
dwgn_1.txt,dwgn,1,140,0.6051,0.7662,0.7768,PROTEINS,GIN,300,dwgn,proteins_gin_gn_fast
dwgn_1.txt,dwgn,1,141,0.6057,0.7702,0.7679,PROTEINS,GIN,300,dwgn,proteins_gin_gn_fast
dwgn_1.txt,dwgn,1,142,0.6062,0.7033,0.75,PROTEINS,GIN,300,dwgn,proteins_gin_gn_fast
dwgn_1.txt,dwgn,1,143,0.6068,0.7652,0.7589,PROTEINS,GIN,300,dwgn,proteins_gin_gn_fast
dwgn_1.txt,dwgn,1,144,0.6074,0.7542,0.7768,PROTEINS,GIN,300,dwgn,proteins_gin_gn_fast
dwgn_1.txt,dwgn,1,145,0.6079,0.7612,0.7857,PROTEINS,GIN,300,dwgn,proteins_gin_gn_fast
dwgn_1.txt,dwgn,1,146,0.6085,0.7622,0.7946,PROTEINS,GIN,300,dwgn,proteins_gin_gn_fast
dwgn_1.txt,dwgn,1,147,0.6091,0.7732,0.7946,PROTEINS,GIN,300,dwgn,proteins_gin_gn_fast
dwgn_1.txt,dwgn,1,148,0.6097,0.7592,0.75,PROTEINS,GIN,300,dwgn,proteins_gin_gn_fast
dwgn_1.txt,dwgn,1,149,0.6104,0.7263,0.75,PROTEINS,GIN,300,dwgn,proteins_gin_gn_fast
dwgn_1.txt,dwgn,1,150,0.611,0.6643,0.6429,PROTEINS,GIN,300,dwgn,proteins_gin_gn_fast
dwgn_1.txt,dwgn,1,151,0.6121,0.7582,0.7946,PROTEINS,GIN,300,dwgn,proteins_gin_gn_fast
dwgn_1.txt,dwgn,1,152,0.6132,0.6833,0.6786,PROTEINS,GIN,300,dwgn,proteins_gin_gn_fast
dwgn_1.txt,dwgn,1,153,0.6143,0.7423,0.7679,PROTEINS,GIN,300,dwgn,proteins_gin_gn_fast
dwgn_1.txt,dwgn,1,154,0.615,0.7612,0.7679,PROTEINS,GIN,300,dwgn,proteins_gin_gn_fast
dwgn_1.txt,dwgn,1,155,0.6159,0.7373,0.7679,PROTEINS,GIN,300,dwgn,proteins_gin_gn_fast
dwgn_1.txt,dwgn,1,156,0.6174,0.7652,0.7679,PROTEINS,GIN,300,dwgn,proteins_gin_gn_fast
dwgn_1.txt,dwgn,1,157,0.6191,0.7642,0.75,PROTEINS,GIN,300,dwgn,proteins_gin_gn_fast
dwgn_1.txt,dwgn,1,158,0.6203,0.7542,0.7946,PROTEINS,GIN,300,dwgn,proteins_gin_gn_fast
dwgn_1.txt,dwgn,1,159,0.6215,0.7652,0.7589,PROTEINS,GIN,300,dwgn,proteins_gin_gn_fast
dwgn_1.txt,dwgn,1,160,0.6224,0.7433,0.75,PROTEINS,GIN,300,dwgn,proteins_gin_gn_fast
dwgn_1.txt,dwgn,1,161,0.6232,0.7652,0.7768,PROTEINS,GIN,300,dwgn,proteins_gin_gn_fast
dwgn_1.txt,dwgn,1,162,0.624,0.7413,0.7946,PROTEINS,GIN,300,dwgn,proteins_gin_gn_fast
dwgn_1.txt,dwgn,1,163,0.6249,0.7602,0.7589,PROTEINS,GIN,300,dwgn,proteins_gin_gn_fast
dwgn_1.txt,dwgn,1,164,0.6257,0.7702,0.7589,PROTEINS,GIN,300,dwgn,proteins_gin_gn_fast
dwgn_1.txt,dwgn,1,165,0.6265,0.7512,0.7946,PROTEINS,GIN,300,dwgn,proteins_gin_gn_fast
dwgn_1.txt,dwgn,1,166,0.6275,0.7562,0.7589,PROTEINS,GIN,300,dwgn,proteins_gin_gn_fast
dwgn_1.txt,dwgn,1,167,0.628,0.7223,0.7411,PROTEINS,GIN,300,dwgn,proteins_gin_gn_fast
dwgn_1.txt,dwgn,1,168,0.6285,0.7463,0.7946,PROTEINS,GIN,300,dwgn,proteins_gin_gn_fast
dwgn_1.txt,dwgn,1,169,0.629,0.7652,0.7589,PROTEINS,GIN,300,dwgn,proteins_gin_gn_fast
dwgn_1.txt,dwgn,1,170,0.6294,0.7662,0.7768,PROTEINS,GIN,300,dwgn,proteins_gin_gn_fast
dwgn_1.txt,dwgn,1,171,0.6299,0.7562,0.8036,PROTEINS,GIN,300,dwgn,proteins_gin_gn_fast
dwgn_1.txt,dwgn,1,172,0.6304,0.7702,0.7768,PROTEINS,GIN,300,dwgn,proteins_gin_gn_fast
dwgn_1.txt,dwgn,1,173,0.6309,0.7652,0.7768,PROTEINS,GIN,300,dwgn,proteins_gin_gn_fast
dwgn_1.txt,dwgn,1,174,0.6313,0.7642,0.7679,PROTEINS,GIN,300,dwgn,proteins_gin_gn_fast
dwgn_1.txt,dwgn,1,175,0.6318,0.7652,0.7946,PROTEINS,GIN,300,dwgn,proteins_gin_gn_fast
dwgn_1.txt,dwgn,1,176,0.6322,0.7532,0.7946,PROTEINS,GIN,300,dwgn,proteins_gin_gn_fast
dwgn_1.txt,dwgn,1,177,0.6326,0.6983,0.7232,PROTEINS,GIN,300,dwgn,proteins_gin_gn_fast
dwgn_1.txt,dwgn,1,178,0.633,0.7652,0.7768,PROTEINS,GIN,300,dwgn,proteins_gin_gn_fast
dwgn_1.txt,dwgn,1,179,0.6334,0.7413,0.7946,PROTEINS,GIN,300,dwgn,proteins_gin_gn_fast
dwgn_1.txt,dwgn,1,180,0.6338,0.7622,0.7768,PROTEINS,GIN,300,dwgn,proteins_gin_gn_fast
dwgn_1.txt,dwgn,1,181,0.6342,0.7602,0.7589,PROTEINS,GIN,300,dwgn,proteins_gin_gn_fast
dwgn_1.txt,dwgn,1,182,0.6346,0.7672,0.7589,PROTEINS,GIN,300,dwgn,proteins_gin_gn_fast
dwgn_1.txt,dwgn,1,183,0.6349,0.7642,0.7589,PROTEINS,GIN,300,dwgn,proteins_gin_gn_fast
dwgn_1.txt,dwgn,1,184,0.6353,0.7722,0.7589,PROTEINS,GIN,300,dwgn,proteins_gin_gn_fast
dwgn_1.txt,dwgn,1,185,0.6357,0.7423,0.7768,PROTEINS,GIN,300,dwgn,proteins_gin_gn_fast
dwgn_1.txt,dwgn,1,186,0.6361,0.7522,0.7679,PROTEINS,GIN,300,dwgn,proteins_gin_gn_fast
dwgn_1.txt,dwgn,1,187,0.6365,0.7612,0.75,PROTEINS,GIN,300,dwgn,proteins_gin_gn_fast
dwgn_1.txt,dwgn,1,188,0.6368,0.7502,0.75,PROTEINS,GIN,300,dwgn,proteins_gin_gn_fast
dwgn_1.txt,dwgn,1,189,0.6372,0.7493,0.7768,PROTEINS,GIN,300,dwgn,proteins_gin_gn_fast
dwgn_1.txt,dwgn,1,190,0.6376,0.7393,0.8036,PROTEINS,GIN,300,dwgn,proteins_gin_gn_fast
dwgn_1.txt,dwgn,1,191,0.638,0.7423,0.7768,PROTEINS,GIN,300,dwgn,proteins_gin_gn_fast
dwgn_1.txt,dwgn,1,192,0.6384,0.7742,0.7679,PROTEINS,GIN,300,dwgn,proteins_gin_gn_fast
dwgn_1.txt,dwgn,1,193,0.6387,0.7692,0.7679,PROTEINS,GIN,300,dwgn,proteins_gin_gn_fast
dwgn_1.txt,dwgn,1,194,0.639,0.7532,0.7768,PROTEINS,GIN,300,dwgn,proteins_gin_gn_fast
dwgn_1.txt,dwgn,1,195,0.6394,0.7542,0.7768,PROTEINS,GIN,300,dwgn,proteins_gin_gn_fast
dwgn_1.txt,dwgn,1,196,0.6397,0.7512,0.7946,PROTEINS,GIN,300,dwgn,proteins_gin_gn_fast
dwgn_1.txt,dwgn,1,197,0.64,0.7672,0.7857,PROTEINS,GIN,300,dwgn,proteins_gin_gn_fast
dwgn_1.txt,dwgn,1,198,0.6404,0.7532,0.7589,PROTEINS,GIN,300,dwgn,proteins_gin_gn_fast
dwgn_1.txt,dwgn,1,199,0.6408,0.7622,0.7679,PROTEINS,GIN,300,dwgn,proteins_gin_gn_fast
dwgn_1.txt,dwgn,1,200,0.6418,0.7722,0.7857,PROTEINS,GIN,300,dwgn,proteins_gin_gn_fast
dwgn_1.txt,dwgn,1,201,0.6432,0.7692,0.7679,PROTEINS,GIN,300,dwgn,proteins_gin_gn_fast
dwgn_1.txt,dwgn,1,202,0.6445,0.7702,0.7857,PROTEINS,GIN,300,dwgn,proteins_gin_gn_fast
dwgn_1.txt,dwgn,1,203,0.6449,0.7692,0.7946,PROTEINS,GIN,300,dwgn,proteins_gin_gn_fast
dwgn_1.txt,dwgn,1,204,0.6453,0.7722,0.75,PROTEINS,GIN,300,dwgn,proteins_gin_gn_fast
dwgn_1.txt,dwgn,1,205,0.6456,0.7542,0.7589,PROTEINS,GIN,300,dwgn,proteins_gin_gn_fast
dwgn_1.txt,dwgn,1,206,0.6458,0.7542,0.7589,PROTEINS,GIN,300,dwgn,proteins_gin_gn_fast
dwgn_1.txt,dwgn,1,207,0.6461,0.7602,0.7857,PROTEINS,GIN,300,dwgn,proteins_gin_gn_fast
dwgn_1.txt,dwgn,1,208,0.6464,0.7632,0.7768,PROTEINS,GIN,300,dwgn,proteins_gin_gn_fast
dwgn_1.txt,dwgn,1,209,0.6467,0.7742,0.7679,PROTEINS,GIN,300,dwgn,proteins_gin_gn_fast
dwgn_1.txt,dwgn,1,210,0.647,0.7602,0.8036,PROTEINS,GIN,300,dwgn,proteins_gin_gn_fast
dwgn_1.txt,dwgn,1,211,0.6472,0.7602,0.75,PROTEINS,GIN,300,dwgn,proteins_gin_gn_fast
dwgn_1.txt,dwgn,1,212,0.6475,0.7622,0.75,PROTEINS,GIN,300,dwgn,proteins_gin_gn_fast
dwgn_1.txt,dwgn,1,213,0.6477,0.7602,0.7946,PROTEINS,GIN,300,dwgn,proteins_gin_gn_fast
dwgn_1.txt,dwgn,1,214,0.648,0.7692,0.7679,PROTEINS,GIN,300,dwgn,proteins_gin_gn_fast
dwgn_1.txt,dwgn,1,215,0.6482,0.7692,0.8036,PROTEINS,GIN,300,dwgn,proteins_gin_gn_fast
dwgn_1.txt,dwgn,1,216,0.6484,0.7662,0.7679,PROTEINS,GIN,300,dwgn,proteins_gin_gn_fast
dwgn_1.txt,dwgn,1,217,0.6487,0.7652,0.7679,PROTEINS,GIN,300,dwgn,proteins_gin_gn_fast
dwgn_1.txt,dwgn,1,218,0.6489,0.7712,0.7679,PROTEINS,GIN,300,dwgn,proteins_gin_gn_fast
dwgn_1.txt,dwgn,1,219,0.6491,0.7622,0.7321,PROTEINS,GIN,300,dwgn,proteins_gin_gn_fast
dwgn_1.txt,dwgn,1,220,0.6493,0.7542,0.75,PROTEINS,GIN,300,dwgn,proteins_gin_gn_fast
dwgn_1.txt,dwgn,1,221,0.6495,0.7642,0.7768,PROTEINS,GIN,300,dwgn,proteins_gin_gn_fast
dwgn_1.txt,dwgn,1,222,0.6497,0.7712,0.7946,PROTEINS,GIN,300,dwgn,proteins_gin_gn_fast
dwgn_1.txt,dwgn,1,223,0.6499,0.7283,0.75,PROTEINS,GIN,300,dwgn,proteins_gin_gn_fast
dwgn_1.txt,dwgn,1,224,0.6501,0.7542,0.7589,PROTEINS,GIN,300,dwgn,proteins_gin_gn_fast
dwgn_1.txt,dwgn,1,225,0.6503,0.7103,0.7054,PROTEINS,GIN,300,dwgn,proteins_gin_gn_fast
dwgn_1.txt,dwgn,1,226,0.6505,0.7702,0.7589,PROTEINS,GIN,300,dwgn,proteins_gin_gn_fast
dwgn_1.txt,dwgn,1,227,0.6508,0.7722,0.7857,PROTEINS,GIN,300,dwgn,proteins_gin_gn_fast
dwgn_1.txt,dwgn,1,228,0.6511,0.7692,0.7768,PROTEINS,GIN,300,dwgn,proteins_gin_gn_fast
dwgn_1.txt,dwgn,1,229,0.6513,0.7363,0.7679,PROTEINS,GIN,300,dwgn,proteins_gin_gn_fast
dwgn_1.txt,dwgn,1,230,0.6514,0.7782,0.7768,PROTEINS,GIN,300,dwgn,proteins_gin_gn_fast
dwgn_1.txt,dwgn,1,231,0.6516,0.7732,0.7857,PROTEINS,GIN,300,dwgn,proteins_gin_gn_fast
dwgn_1.txt,dwgn,1,232,0.6519,0.7682,0.7679,PROTEINS,GIN,300,dwgn,proteins_gin_gn_fast
dwgn_1.txt,dwgn,1,233,0.6521,0.7582,0.7679,PROTEINS,GIN,300,dwgn,proteins_gin_gn_fast
dwgn_1.txt,dwgn,1,234,0.6524,0.7702,0.7857,PROTEINS,GIN,300,dwgn,proteins_gin_gn_fast
dwgn_1.txt,dwgn,1,235,0.6526,0.7752,0.7768,PROTEINS,GIN,300,dwgn,proteins_gin_gn_fast
dwgn_1.txt,dwgn,1,236,0.6528,0.7123,0.7321,PROTEINS,GIN,300,dwgn,proteins_gin_gn_fast
dwgn_1.txt,dwgn,1,237,0.6529,0.7652,0.7589,PROTEINS,GIN,300,dwgn,proteins_gin_gn_fast
dwgn_1.txt,dwgn,1,238,0.6531,0.7403,0.75,PROTEINS,GIN,300,dwgn,proteins_gin_gn_fast
dwgn_1.txt,dwgn,1,239,0.6533,0.7702,0.75,PROTEINS,GIN,300,dwgn,proteins_gin_gn_fast
dwgn_1.txt,dwgn,1,240,0.6534,0.7632,0.7768,PROTEINS,GIN,300,dwgn,proteins_gin_gn_fast
dwgn_1.txt,dwgn,1,241,0.6536,0.7722,0.7768,PROTEINS,GIN,300,dwgn,proteins_gin_gn_fast
dwgn_1.txt,dwgn,1,242,0.6537,0.7692,0.7589,PROTEINS,GIN,300,dwgn,proteins_gin_gn_fast
dwgn_1.txt,dwgn,1,243,0.6538,0.7662,0.75,PROTEINS,GIN,300,dwgn,proteins_gin_gn_fast
dwgn_1.txt,dwgn,1,244,0.654,0.7732,0.7411,PROTEINS,GIN,300,dwgn,proteins_gin_gn_fast
dwgn_1.txt,dwgn,1,245,0.6541,0.7752,0.7768,PROTEINS,GIN,300,dwgn,proteins_gin_gn_fast
dwgn_1.txt,dwgn,1,246,0.6543,0.7652,0.7857,PROTEINS,GIN,300,dwgn,proteins_gin_gn_fast
dwgn_1.txt,dwgn,1,247,0.6545,0.7702,0.7589,PROTEINS,GIN,300,dwgn,proteins_gin_gn_fast
dwgn_1.txt,dwgn,1,248,0.6546,0.7572,0.7589,PROTEINS,GIN,300,dwgn,proteins_gin_gn_fast
dwgn_1.txt,dwgn,1,249,0.6548,0.7732,0.7946,PROTEINS,GIN,300,dwgn,proteins_gin_gn_fast
dwgn_1.txt,dwgn,1,250,0.6549,0.7692,0.7857,PROTEINS,GIN,300,dwgn,proteins_gin_gn_fast
dwgn_1.txt,dwgn,1,251,0.655,0.7652,0.7589,PROTEINS,GIN,300,dwgn,proteins_gin_gn_fast
dwgn_1.txt,dwgn,1,252,0.6551,0.7792,0.7768,PROTEINS,GIN,300,dwgn,proteins_gin_gn_fast
dwgn_1.txt,dwgn,1,253,0.6554,0.7602,0.7857,PROTEINS,GIN,300,dwgn,proteins_gin_gn_fast
dwgn_1.txt,dwgn,1,254,0.6555,0.7722,0.7589,PROTEINS,GIN,300,dwgn,proteins_gin_gn_fast
dwgn_1.txt,dwgn,1,255,0.6557,0.7712,0.7679,PROTEINS,GIN,300,dwgn,proteins_gin_gn_fast
dwgn_1.txt,dwgn,1,256,0.6558,0.7702,0.7321,PROTEINS,GIN,300,dwgn,proteins_gin_gn_fast
dwgn_1.txt,dwgn,1,257,0.656,0.7682,0.7768,PROTEINS,GIN,300,dwgn,proteins_gin_gn_fast
dwgn_1.txt,dwgn,1,258,0.6561,0.7652,0.7321,PROTEINS,GIN,300,dwgn,proteins_gin_gn_fast
dwgn_1.txt,dwgn,1,259,0.6562,0.7742,0.7321,PROTEINS,GIN,300,dwgn,proteins_gin_gn_fast
dwgn_1.txt,dwgn,1,260,0.6563,0.7712,0.7768,PROTEINS,GIN,300,dwgn,proteins_gin_gn_fast
dwgn_1.txt,dwgn,1,261,0.6564,0.7772,0.75,PROTEINS,GIN,300,dwgn,proteins_gin_gn_fast
dwgn_1.txt,dwgn,1,262,0.6565,0.7562,0.7321,PROTEINS,GIN,300,dwgn,proteins_gin_gn_fast
dwgn_1.txt,dwgn,1,263,0.6566,0.7802,0.7679,PROTEINS,GIN,300,dwgn,proteins_gin_gn_fast
dwgn_1.txt,dwgn,1,264,0.6567,0.7722,0.7768,PROTEINS,GIN,300,dwgn,proteins_gin_gn_fast
dwgn_1.txt,dwgn,1,265,0.6568,0.7612,0.7589,PROTEINS,GIN,300,dwgn,proteins_gin_gn_fast
dwgn_1.txt,dwgn,1,266,0.6569,0.7752,0.7679,PROTEINS,GIN,300,dwgn,proteins_gin_gn_fast
dwgn_1.txt,dwgn,1,267,0.657,0.7702,0.7857,PROTEINS,GIN,300,dwgn,proteins_gin_gn_fast
dwgn_1.txt,dwgn,1,268,0.6571,0.7592,0.7411,PROTEINS,GIN,300,dwgn,proteins_gin_gn_fast
dwgn_1.txt,dwgn,1,269,0.6572,0.7722,0.7857,PROTEINS,GIN,300,dwgn,proteins_gin_gn_fast
dwgn_1.txt,dwgn,1,270,0.6573,0.7762,0.7768,PROTEINS,GIN,300,dwgn,proteins_gin_gn_fast
dwgn_1.txt,dwgn,1,271,0.6574,0.7682,0.7679,PROTEINS,GIN,300,dwgn,proteins_gin_gn_fast
dwgn_1.txt,dwgn,1,272,0.6575,0.7742,0.75,PROTEINS,GIN,300,dwgn,proteins_gin_gn_fast
dwgn_1.txt,dwgn,1,273,0.6576,0.7692,0.75,PROTEINS,GIN,300,dwgn,proteins_gin_gn_fast
dwgn_1.txt,dwgn,1,274,0.6577,0.7682,0.7589,PROTEINS,GIN,300,dwgn,proteins_gin_gn_fast
dwgn_1.txt,dwgn,1,275,0.6578,0.7752,0.7768,PROTEINS,GIN,300,dwgn,proteins_gin_gn_fast
dwgn_1.txt,dwgn,1,276,0.6579,0.7742,0.7589,PROTEINS,GIN,300,dwgn,proteins_gin_gn_fast
dwgn_1.txt,dwgn,1,277,0.658,0.7832,0.7679,PROTEINS,GIN,300,dwgn,proteins_gin_gn_fast
dwgn_1.txt,dwgn,1,278,0.6581,0.7722,0.7679,PROTEINS,GIN,300,dwgn,proteins_gin_gn_fast
dwgn_1.txt,dwgn,1,279,0.6582,0.7742,0.7589,PROTEINS,GIN,300,dwgn,proteins_gin_gn_fast
dwgn_1.txt,dwgn,1,280,0.6583,0.7772,0.7857,PROTEINS,GIN,300,dwgn,proteins_gin_gn_fast
dwgn_1.txt,dwgn,1,281,0.6584,0.7762,0.7857,PROTEINS,GIN,300,dwgn,proteins_gin_gn_fast
dwgn_1.txt,dwgn,1,282,0.6585,0.7812,0.7857,PROTEINS,GIN,300,dwgn,proteins_gin_gn_fast
dwgn_1.txt,dwgn,1,283,0.6586,0.7792,0.7768,PROTEINS,GIN,300,dwgn,proteins_gin_gn_fast
dwgn_1.txt,dwgn,1,284,0.6587,0.7712,0.75,PROTEINS,GIN,300,dwgn,proteins_gin_gn_fast
dwgn_1.txt,dwgn,1,285,0.6588,0.7732,0.7679,PROTEINS,GIN,300,dwgn,proteins_gin_gn_fast
dwgn_1.txt,dwgn,1,286,0.6589,0.7722,0.7768,PROTEINS,GIN,300,dwgn,proteins_gin_gn_fast
dwgn_1.txt,dwgn,1,287,0.659,0.7802,0.7679,PROTEINS,GIN,300,dwgn,proteins_gin_gn_fast
dwgn_1.txt,dwgn,1,288,0.6591,0.7782,0.7857,PROTEINS,GIN,300,dwgn,proteins_gin_gn_fast
dwgn_1.txt,dwgn,1,289,0.6592,0.7822,0.7768,PROTEINS,GIN,300,dwgn,proteins_gin_gn_fast
dwgn_1.txt,dwgn,1,290,0.6592,0.7732,0.7768,PROTEINS,GIN,300,dwgn,proteins_gin_gn_fast
dwgn_1.txt,dwgn,1,291,0.6593,0.7812,0.7857,PROTEINS,GIN,300,dwgn,proteins_gin_gn_fast
dwgn_1.txt,dwgn,1,292,0.6594,0.7782,0.7857,PROTEINS,GIN,300,dwgn,proteins_gin_gn_fast
dwgn_1.txt,dwgn,1,293,0.6595,0.7782,0.7857,PROTEINS,GIN,300,dwgn,proteins_gin_gn_fast
dwgn_1.txt,dwgn,1,294,0.6596,0.7782,0.7857,PROTEINS,GIN,300,dwgn,proteins_gin_gn_fast
dwgn_1.txt,dwgn,1,295,0.6597,0.7822,0.7857,PROTEINS,GIN,300,dwgn,proteins_gin_gn_fast
dwgn_1.txt,dwgn,1,296,0.6598,0.7762,0.7589,PROTEINS,GIN,300,dwgn,proteins_gin_gn_fast
dwgn_1.txt,dwgn,1,297,0.66,0.7782,0.7768,PROTEINS,GIN,300,dwgn,proteins_gin_gn_fast
dwgn_1.txt,dwgn,1,298,0.66,0.7812,0.7857,PROTEINS,GIN,300,dwgn,proteins_gin_gn_fast
dwgn_1.txt,dwgn,1,299,0.6602,0.7812,0.7857,PROTEINS,GIN,300,dwgn,proteins_gin_gn_fast
dwgn_1.txt,dwgn,1,300,0.6603,0.7812,0.7857,PROTEINS,GIN,300,dwgn,proteins_gin_gn_fast
dwgn_2.txt,dwgn,2,1,0.6087,0.6973,0.7054,PROTEINS,GIN,300,dwgn,proteins_gin_gn_fast
dwgn_2.txt,dwgn,2,2,0.5839,0.6114,0.6071,PROTEINS,GIN,300,dwgn,proteins_gin_gn_fast
dwgn_2.txt,dwgn,2,3,0.573,0.4096,0.4018,PROTEINS,GIN,300,dwgn,proteins_gin_gn_fast
dwgn_2.txt,dwgn,2,4,0.5675,0.6014,0.5982,PROTEINS,GIN,300,dwgn,proteins_gin_gn_fast
dwgn_2.txt,dwgn,2,5,0.5647,0.6014,0.5982,PROTEINS,GIN,300,dwgn,proteins_gin_gn_fast
dwgn_2.txt,dwgn,2,6,0.5644,0.6114,0.6071,PROTEINS,GIN,300,dwgn,proteins_gin_gn_fast
dwgn_2.txt,dwgn,2,7,0.5634,0.6743,0.6875,PROTEINS,GIN,300,dwgn,proteins_gin_gn_fast
dwgn_2.txt,dwgn,2,8,0.563,0.7133,0.7321,PROTEINS,GIN,300,dwgn,proteins_gin_gn_fast
dwgn_2.txt,dwgn,2,9,0.5631,0.7193,0.75,PROTEINS,GIN,300,dwgn,proteins_gin_gn_fast
dwgn_2.txt,dwgn,2,10,0.5627,0.7493,0.8036,PROTEINS,GIN,300,dwgn,proteins_gin_gn_fast
dwgn_2.txt,dwgn,2,11,0.5627,0.7502,0.7589,PROTEINS,GIN,300,dwgn,proteins_gin_gn_fast
dwgn_2.txt,dwgn,2,12,0.562,0.6274,0.6161,PROTEINS,GIN,300,dwgn,proteins_gin_gn_fast
dwgn_2.txt,dwgn,2,13,0.5622,0.5045,0.4643,PROTEINS,GIN,300,dwgn,proteins_gin_gn_fast
dwgn_2.txt,dwgn,2,14,0.5629,0.7712,0.7768,PROTEINS,GIN,300,dwgn,proteins_gin_gn_fast
dwgn_2.txt,dwgn,2,15,0.5633,0.6663,0.6161,PROTEINS,GIN,300,dwgn,proteins_gin_gn_fast
dwgn_2.txt,dwgn,2,16,0.5636,0.7313,0.75,PROTEINS,GIN,300,dwgn,proteins_gin_gn_fast
dwgn_2.txt,dwgn,2,17,0.5641,0.7552,0.7768,PROTEINS,GIN,300,dwgn,proteins_gin_gn_fast
dwgn_2.txt,dwgn,2,18,0.5646,0.7283,0.7411,PROTEINS,GIN,300,dwgn,proteins_gin_gn_fast
dwgn_2.txt,dwgn,2,19,0.5648,0.7732,0.7857,PROTEINS,GIN,300,dwgn,proteins_gin_gn_fast
dwgn_2.txt,dwgn,2,20,0.565,0.6973,0.7321,PROTEINS,GIN,300,dwgn,proteins_gin_gn_fast
dwgn_2.txt,dwgn,2,21,0.5653,0.6833,0.6875,PROTEINS,GIN,300,dwgn,proteins_gin_gn_fast
dwgn_2.txt,dwgn,2,22,0.5655,0.5964,0.5982,PROTEINS,GIN,300,dwgn,proteins_gin_gn_fast
dwgn_2.txt,dwgn,2,23,0.566,0.6673,0.6161,PROTEINS,GIN,300,dwgn,proteins_gin_gn_fast
dwgn_2.txt,dwgn,2,24,0.5666,0.5994,0.5536,PROTEINS,GIN,300,dwgn,proteins_gin_gn_fast
dwgn_2.txt,dwgn,2,25,0.5672,0.6943,0.6518,PROTEINS,GIN,300,dwgn,proteins_gin_gn_fast
dwgn_2.txt,dwgn,2,26,0.5673,0.7582,0.7768,PROTEINS,GIN,300,dwgn,proteins_gin_gn_fast
dwgn_2.txt,dwgn,2,27,0.5679,0.4386,0.4286,PROTEINS,GIN,300,dwgn,proteins_gin_gn_fast
dwgn_2.txt,dwgn,2,28,0.5684,0.7732,0.7679,PROTEINS,GIN,300,dwgn,proteins_gin_gn_fast
dwgn_2.txt,dwgn,2,29,0.569,0.7632,0.75,PROTEINS,GIN,300,dwgn,proteins_gin_gn_fast
dwgn_2.txt,dwgn,2,30,0.5695,0.7572,0.7143,PROTEINS,GIN,300,dwgn,proteins_gin_gn_fast
dwgn_2.txt,dwgn,2,31,0.5699,0.7493,0.7143,PROTEINS,GIN,300,dwgn,proteins_gin_gn_fast
dwgn_2.txt,dwgn,2,32,0.5701,0.7682,0.7411,PROTEINS,GIN,300,dwgn,proteins_gin_gn_fast
dwgn_2.txt,dwgn,2,33,0.5706,0.6963,0.6429,PROTEINS,GIN,300,dwgn,proteins_gin_gn_fast
dwgn_2.txt,dwgn,2,34,0.5711,0.7103,0.6518,PROTEINS,GIN,300,dwgn,proteins_gin_gn_fast
dwgn_2.txt,dwgn,2,35,0.5713,0.6833,0.7054,PROTEINS,GIN,300,dwgn,proteins_gin_gn_fast
dwgn_2.txt,dwgn,2,36,0.5716,0.7123,0.6964,PROTEINS,GIN,300,dwgn,proteins_gin_gn_fast
dwgn_2.txt,dwgn,2,37,0.572,0.6464,0.6071,PROTEINS,GIN,300,dwgn,proteins_gin_gn_fast
dwgn_2.txt,dwgn,2,38,0.5741,0.6583,0.625,PROTEINS,GIN,300,dwgn,proteins_gin_gn_fast
dwgn_2.txt,dwgn,2,39,0.5749,0.7003,0.6607,PROTEINS,GIN,300,dwgn,proteins_gin_gn_fast
dwgn_2.txt,dwgn,2,40,0.5756,0.6953,0.6607,PROTEINS,GIN,300,dwgn,proteins_gin_gn_fast
dwgn_2.txt,dwgn,2,41,0.5761,0.7692,0.7768,PROTEINS,GIN,300,dwgn,proteins_gin_gn_fast
dwgn_2.txt,dwgn,2,42,0.5768,0.5754,0.5536,PROTEINS,GIN,300,dwgn,proteins_gin_gn_fast
dwgn_2.txt,dwgn,2,43,0.5774,0.7273,0.7232,PROTEINS,GIN,300,dwgn,proteins_gin_gn_fast
dwgn_2.txt,dwgn,2,44,0.5781,0.7692,0.7143,PROTEINS,GIN,300,dwgn,proteins_gin_gn_fast
dwgn_2.txt,dwgn,2,45,0.579,0.6583,0.5893,PROTEINS,GIN,300,dwgn,proteins_gin_gn_fast
dwgn_2.txt,dwgn,2,46,0.5796,0.7163,0.6875,PROTEINS,GIN,300,dwgn,proteins_gin_gn_fast
dwgn_2.txt,dwgn,2,47,0.5803,0.7572,0.7679,PROTEINS,GIN,300,dwgn,proteins_gin_gn_fast
dwgn_2.txt,dwgn,2,48,0.5807,0.7672,0.7768,PROTEINS,GIN,300,dwgn,proteins_gin_gn_fast
dwgn_2.txt,dwgn,2,49,0.5812,0.6933,0.6696,PROTEINS,GIN,300,dwgn,proteins_gin_gn_fast
dwgn_2.txt,dwgn,2,50,0.582,0.7682,0.7768,PROTEINS,GIN,300,dwgn,proteins_gin_gn_fast
dwgn_2.txt,dwgn,2,51,0.5831,0.7483,0.75,PROTEINS,GIN,300,dwgn,proteins_gin_gn_fast
dwgn_2.txt,dwgn,2,52,0.5838,0.7463,0.7411,PROTEINS,GIN,300,dwgn,proteins_gin_gn_fast
dwgn_2.txt,dwgn,2,53,0.5845,0.7532,0.7411,PROTEINS,GIN,300,dwgn,proteins_gin_gn_fast
dwgn_2.txt,dwgn,2,54,0.5852,0.7103,0.6964,PROTEINS,GIN,300,dwgn,proteins_gin_gn_fast
dwgn_2.txt,dwgn,2,55,0.5857,0.6703,0.6607,PROTEINS,GIN,300,dwgn,proteins_gin_gn_fast
dwgn_2.txt,dwgn,2,56,0.5864,0.6094,0.5714,PROTEINS,GIN,300,dwgn,proteins_gin_gn_fast
dwgn_2.txt,dwgn,2,57,0.5871,0.7043,0.6875,PROTEINS,GIN,300,dwgn,proteins_gin_gn_fast
dwgn_2.txt,dwgn,2,58,0.588,0.7732,0.7946,PROTEINS,GIN,300,dwgn,proteins_gin_gn_fast
dwgn_2.txt,dwgn,2,59,0.5889,0.7213,0.6607,PROTEINS,GIN,300,dwgn,proteins_gin_gn_fast
dwgn_2.txt,dwgn,2,60,0.5896,0.7273,0.6875,PROTEINS,GIN,300,dwgn,proteins_gin_gn_fast
dwgn_2.txt,dwgn,2,61,0.5902,0.5974,0.5536,PROTEINS,GIN,300,dwgn,proteins_gin_gn_fast
dwgn_2.txt,dwgn,2,62,0.5907,0.7832,0.7946,PROTEINS,GIN,300,dwgn,proteins_gin_gn_fast
dwgn_2.txt,dwgn,2,63,0.5916,0.7762,0.7768,PROTEINS,GIN,300,dwgn,proteins_gin_gn_fast
dwgn_2.txt,dwgn,2,64,0.5925,0.7083,0.6607,PROTEINS,GIN,300,dwgn,proteins_gin_gn_fast
dwgn_2.txt,dwgn,2,65,0.5934,0.5435,0.5089,PROTEINS,GIN,300,dwgn,proteins_gin_gn_fast
dwgn_2.txt,dwgn,2,66,0.5942,0.6663,0.6071,PROTEINS,GIN,300,dwgn,proteins_gin_gn_fast
dwgn_2.txt,dwgn,2,67,0.5949,0.7632,0.7946,PROTEINS,GIN,300,dwgn,proteins_gin_gn_fast
dwgn_2.txt,dwgn,2,68,0.5955,0.6943,0.6875,PROTEINS,GIN,300,dwgn,proteins_gin_gn_fast
dwgn_2.txt,dwgn,2,69,0.5963,0.7243,0.6964,PROTEINS,GIN,300,dwgn,proteins_gin_gn_fast
dwgn_2.txt,dwgn,2,70,0.5971,0.7423,0.7143,PROTEINS,GIN,300,dwgn,proteins_gin_gn_fast
dwgn_2.txt,dwgn,2,71,0.598,0.6993,0.6696,PROTEINS,GIN,300,dwgn,proteins_gin_gn_fast
dwgn_2.txt,dwgn,2,72,0.5988,0.7572,0.7768,PROTEINS,GIN,300,dwgn,proteins_gin_gn_fast
dwgn_2.txt,dwgn,2,73,0.5996,0.6474,0.5804,PROTEINS,GIN,300,dwgn,proteins_gin_gn_fast
dwgn_2.txt,dwgn,2,74,0.6005,0.6054,0.5357,PROTEINS,GIN,300,dwgn,proteins_gin_gn_fast
dwgn_2.txt,dwgn,2,75,0.6013,0.7702,0.7768,PROTEINS,GIN,300,dwgn,proteins_gin_gn_fast
dwgn_2.txt,dwgn,2,76,0.6021,0.7542,0.7411,PROTEINS,GIN,300,dwgn,proteins_gin_gn_fast
dwgn_2.txt,dwgn,2,77,0.6039,0.7682,0.7679,PROTEINS,GIN,300,dwgn,proteins_gin_gn_fast
dwgn_2.txt,dwgn,2,78,0.6047,0.7782,0.7857,PROTEINS,GIN,300,dwgn,proteins_gin_gn_fast
dwgn_2.txt,dwgn,2,79,0.6055,0.7792,0.7946,PROTEINS,GIN,300,dwgn,proteins_gin_gn_fast
dwgn_2.txt,dwgn,2,80,0.6063,0.7582,0.7768,PROTEINS,GIN,300,dwgn,proteins_gin_gn_fast
dwgn_2.txt,dwgn,2,81,0.6071,0.7003,0.6696,PROTEINS,GIN,300,dwgn,proteins_gin_gn_fast
dwgn_2.txt,dwgn,2,82,0.608,0.7612,0.7589,PROTEINS,GIN,300,dwgn,proteins_gin_gn_fast
dwgn_2.txt,dwgn,2,83,0.6087,0.7602,0.7679,PROTEINS,GIN,300,dwgn,proteins_gin_gn_fast
dwgn_2.txt,dwgn,2,84,0.6112,0.7712,0.7679,PROTEINS,GIN,300,dwgn,proteins_gin_gn_fast
dwgn_2.txt,dwgn,2,85,0.6123,0.7622,0.7768,PROTEINS,GIN,300,dwgn,proteins_gin_gn_fast
dwgn_2.txt,dwgn,2,86,0.6132,0.6683,0.6518,PROTEINS,GIN,300,dwgn,proteins_gin_gn_fast
dwgn_2.txt,dwgn,2,87,0.6142,0.6843,0.6696,PROTEINS,GIN,300,dwgn,proteins_gin_gn_fast
dwgn_2.txt,dwgn,2,88,0.615,0.7343,0.7232,PROTEINS,GIN,300,dwgn,proteins_gin_gn_fast
dwgn_2.txt,dwgn,2,89,0.6157,0.6603,0.5714,PROTEINS,GIN,300,dwgn,proteins_gin_gn_fast
dwgn_2.txt,dwgn,2,90,0.6165,0.7642,0.7857,PROTEINS,GIN,300,dwgn,proteins_gin_gn_fast
dwgn_2.txt,dwgn,2,91,0.6173,0.7293,0.6875,PROTEINS,GIN,300,dwgn,proteins_gin_gn_fast
dwgn_2.txt,dwgn,2,92,0.618,0.7542,0.7054,PROTEINS,GIN,300,dwgn,proteins_gin_gn_fast
dwgn_2.txt,dwgn,2,93,0.6188,0.7722,0.7946,PROTEINS,GIN,300,dwgn,proteins_gin_gn_fast
dwgn_2.txt,dwgn,2,94,0.6197,0.7542,0.75,PROTEINS,GIN,300,dwgn,proteins_gin_gn_fast
dwgn_2.txt,dwgn,2,95,0.6205,0.7732,0.7768,PROTEINS,GIN,300,dwgn,proteins_gin_gn_fast
dwgn_2.txt,dwgn,2,96,0.6213,0.7712,0.7679,PROTEINS,GIN,300,dwgn,proteins_gin_gn_fast
dwgn_2.txt,dwgn,2,97,0.6221,0.7732,0.7857,PROTEINS,GIN,300,dwgn,proteins_gin_gn_fast
dwgn_2.txt,dwgn,2,98,0.6228,0.7243,0.6875,PROTEINS,GIN,300,dwgn,proteins_gin_gn_fast
dwgn_2.txt,dwgn,2,99,0.6236,0.7453,0.7232,PROTEINS,GIN,300,dwgn,proteins_gin_gn_fast
dwgn_2.txt,dwgn,2,100,0.6244,0.5694,0.5446,PROTEINS,GIN,300,dwgn,proteins_gin_gn_fast
dwgn_2.txt,dwgn,2,101,0.6252,0.7622,0.7679,PROTEINS,GIN,300,dwgn,proteins_gin_gn_fast
dwgn_2.txt,dwgn,2,102,0.6262,0.7602,0.7768,PROTEINS,GIN,300,dwgn,proteins_gin_gn_fast
dwgn_2.txt,dwgn,2,103,0.627,0.7682,0.8036,PROTEINS,GIN,300,dwgn,proteins_gin_gn_fast
dwgn_2.txt,dwgn,2,104,0.6279,0.7652,0.7679,PROTEINS,GIN,300,dwgn,proteins_gin_gn_fast
dwgn_2.txt,dwgn,2,105,0.6291,0.7423,0.75,PROTEINS,GIN,300,dwgn,proteins_gin_gn_fast
dwgn_2.txt,dwgn,2,106,0.6299,0.7712,0.7857,PROTEINS,GIN,300,dwgn,proteins_gin_gn_fast
dwgn_2.txt,dwgn,2,107,0.6308,0.7463,0.7143,PROTEINS,GIN,300,dwgn,proteins_gin_gn_fast
dwgn_2.txt,dwgn,2,108,0.6316,0.7273,0.6786,PROTEINS,GIN,300,dwgn,proteins_gin_gn_fast
dwgn_2.txt,dwgn,2,109,0.6323,0.7692,0.7768,PROTEINS,GIN,300,dwgn,proteins_gin_gn_fast
dwgn_2.txt,dwgn,2,110,0.6333,0.7752,0.7946,PROTEINS,GIN,300,dwgn,proteins_gin_gn_fast
dwgn_2.txt,dwgn,2,111,0.6341,0.7832,0.8036,PROTEINS,GIN,300,dwgn,proteins_gin_gn_fast
dwgn_2.txt,dwgn,2,112,0.635,0.7762,0.8214,PROTEINS,GIN,300,dwgn,proteins_gin_gn_fast
dwgn_2.txt,dwgn,2,113,0.6357,0.7363,0.7321,PROTEINS,GIN,300,dwgn,proteins_gin_gn_fast
dwgn_2.txt,dwgn,2,114,0.6365,0.7622,0.7589,PROTEINS,GIN,300,dwgn,proteins_gin_gn_fast
dwgn_2.txt,dwgn,2,115,0.6373,0.7532,0.7589,PROTEINS,GIN,300,dwgn,proteins_gin_gn_fast
dwgn_2.txt,dwgn,2,116,0.6381,0.7812,0.7857,PROTEINS,GIN,300,dwgn,proteins_gin_gn_fast
dwgn_2.txt,dwgn,2,117,0.6389,0.7612,0.7679,PROTEINS,GIN,300,dwgn,proteins_gin_gn_fast
dwgn_2.txt,dwgn,2,118,0.6397,0.7333,0.6875,PROTEINS,GIN,300,dwgn,proteins_gin_gn_fast
dwgn_2.txt,dwgn,2,119,0.6404,0.7692,0.7768,PROTEINS,GIN,300,dwgn,proteins_gin_gn_fast
dwgn_2.txt,dwgn,2,120,0.6411,0.7463,0.7411,PROTEINS,GIN,300,dwgn,proteins_gin_gn_fast
dwgn_2.txt,dwgn,2,121,0.6418,0.7742,0.7589,PROTEINS,GIN,300,dwgn,proteins_gin_gn_fast
dwgn_2.txt,dwgn,2,122,0.6426,0.7592,0.7768,PROTEINS,GIN,300,dwgn,proteins_gin_gn_fast
dwgn_2.txt,dwgn,2,123,0.6433,0.7373,0.6786,PROTEINS,GIN,300,dwgn,proteins_gin_gn_fast
dwgn_2.txt,dwgn,2,124,0.6441,0.7742,0.7946,PROTEINS,GIN,300,dwgn,proteins_gin_gn_fast
dwgn_2.txt,dwgn,2,125,0.6448,0.7812,0.8125,PROTEINS,GIN,300,dwgn,proteins_gin_gn_fast
dwgn_2.txt,dwgn,2,126,0.6456,0.6204,0.625,PROTEINS,GIN,300,dwgn,proteins_gin_gn_fast
dwgn_2.txt,dwgn,2,127,0.6462,0.7672,0.7768,PROTEINS,GIN,300,dwgn,proteins_gin_gn_fast
dwgn_2.txt,dwgn,2,128,0.6468,0.7792,0.7946,PROTEINS,GIN,300,dwgn,proteins_gin_gn_fast
dwgn_2.txt,dwgn,2,129,0.6474,0.7782,0.7768,PROTEINS,GIN,300,dwgn,proteins_gin_gn_fast
dwgn_2.txt,dwgn,2,130,0.6481,0.7642,0.7857,PROTEINS,GIN,300,dwgn,proteins_gin_gn_fast
dwgn_2.txt,dwgn,2,131,0.6487,0.7752,0.7857,PROTEINS,GIN,300,dwgn,proteins_gin_gn_fast
dwgn_2.txt,dwgn,2,132,0.6493,0.7602,0.7768,PROTEINS,GIN,300,dwgn,proteins_gin_gn_fast
dwgn_2.txt,dwgn,2,133,0.65,0.7822,0.7679,PROTEINS,GIN,300,dwgn,proteins_gin_gn_fast
dwgn_2.txt,dwgn,2,134,0.6506,0.7463,0.7589,PROTEINS,GIN,300,dwgn,proteins_gin_gn_fast
dwgn_2.txt,dwgn,2,135,0.6512,0.7642,0.7589,PROTEINS,GIN,300,dwgn,proteins_gin_gn_fast
dwgn_2.txt,dwgn,2,136,0.6518,0.7722,0.7679,PROTEINS,GIN,300,dwgn,proteins_gin_gn_fast
dwgn_2.txt,dwgn,2,137,0.6526,0.7862,0.7589,PROTEINS,GIN,300,dwgn,proteins_gin_gn_fast
dwgn_2.txt,dwgn,2,138,0.6532,0.7582,0.7411,PROTEINS,GIN,300,dwgn,proteins_gin_gn_fast
dwgn_2.txt,dwgn,2,139,0.6544,0.7073,0.6786,PROTEINS,GIN,300,dwgn,proteins_gin_gn_fast
dwgn_2.txt,dwgn,2,140,0.655,0.7433,0.7411,PROTEINS,GIN,300,dwgn,proteins_gin_gn_fast
dwgn_2.txt,dwgn,2,141,0.6557,0.7752,0.7768,PROTEINS,GIN,300,dwgn,proteins_gin_gn_fast
dwgn_2.txt,dwgn,2,142,0.6562,0.7842,0.75,PROTEINS,GIN,300,dwgn,proteins_gin_gn_fast
dwgn_2.txt,dwgn,2,143,0.6568,0.7752,0.7768,PROTEINS,GIN,300,dwgn,proteins_gin_gn_fast
dwgn_2.txt,dwgn,2,144,0.6574,0.7842,0.7768,PROTEINS,GIN,300,dwgn,proteins_gin_gn_fast
dwgn_2.txt,dwgn,2,145,0.6579,0.7802,0.8036,PROTEINS,GIN,300,dwgn,proteins_gin_gn_fast
dwgn_2.txt,dwgn,2,146,0.6585,0.7772,0.7857,PROTEINS,GIN,300,dwgn,proteins_gin_gn_fast
dwgn_2.txt,dwgn,2,147,0.6591,0.7712,0.7589,PROTEINS,GIN,300,dwgn,proteins_gin_gn_fast
dwgn_2.txt,dwgn,2,148,0.6595,0.7393,0.7411,PROTEINS,GIN,300,dwgn,proteins_gin_gn_fast
dwgn_2.txt,dwgn,2,149,0.66,0.6663,0.6786,PROTEINS,GIN,300,dwgn,proteins_gin_gn_fast
dwgn_2.txt,dwgn,2,150,0.6605,0.7612,0.75,PROTEINS,GIN,300,dwgn,proteins_gin_gn_fast
dwgn_2.txt,dwgn,2,151,0.661,0.7792,0.7679,PROTEINS,GIN,300,dwgn,proteins_gin_gn_fast
dwgn_2.txt,dwgn,2,152,0.6615,0.7772,0.7589,PROTEINS,GIN,300,dwgn,proteins_gin_gn_fast
dwgn_2.txt,dwgn,2,153,0.6621,0.7772,0.7679,PROTEINS,GIN,300,dwgn,proteins_gin_gn_fast
dwgn_2.txt,dwgn,2,154,0.6626,0.7263,0.75,PROTEINS,GIN,300,dwgn,proteins_gin_gn_fast
dwgn_2.txt,dwgn,2,155,0.6631,0.7772,0.7857,PROTEINS,GIN,300,dwgn,proteins_gin_gn_fast
dwgn_2.txt,dwgn,2,156,0.6635,0.7502,0.7679,PROTEINS,GIN,300,dwgn,proteins_gin_gn_fast
dwgn_2.txt,dwgn,2,157,0.664,0.7682,0.7768,PROTEINS,GIN,300,dwgn,proteins_gin_gn_fast
dwgn_2.txt,dwgn,2,158,0.6644,0.7762,0.7321,PROTEINS,GIN,300,dwgn,proteins_gin_gn_fast
dwgn_2.txt,dwgn,2,159,0.6648,0.7662,0.75,PROTEINS,GIN,300,dwgn,proteins_gin_gn_fast
dwgn_2.txt,dwgn,2,160,0.6653,0.7792,0.7679,PROTEINS,GIN,300,dwgn,proteins_gin_gn_fast
dwgn_2.txt,dwgn,2,161,0.6657,0.7692,0.7589,PROTEINS,GIN,300,dwgn,proteins_gin_gn_fast
dwgn_2.txt,dwgn,2,162,0.6661,0.7752,0.7679,PROTEINS,GIN,300,dwgn,proteins_gin_gn_fast
dwgn_2.txt,dwgn,2,163,0.6665,0.7622,0.7679,PROTEINS,GIN,300,dwgn,proteins_gin_gn_fast
dwgn_2.txt,dwgn,2,164,0.6669,0.7153,0.6964,PROTEINS,GIN,300,dwgn,proteins_gin_gn_fast
dwgn_2.txt,dwgn,2,165,0.6673,0.6513,0.6429,PROTEINS,GIN,300,dwgn,proteins_gin_gn_fast
dwgn_2.txt,dwgn,2,166,0.6679,0.7622,0.7857,PROTEINS,GIN,300,dwgn,proteins_gin_gn_fast
dwgn_2.txt,dwgn,2,167,0.6683,0.7552,0.7589,PROTEINS,GIN,300,dwgn,proteins_gin_gn_fast
dwgn_2.txt,dwgn,2,168,0.6688,0.7732,0.7946,PROTEINS,GIN,300,dwgn,proteins_gin_gn_fast
dwgn_2.txt,dwgn,2,169,0.6691,0.7712,0.7679,PROTEINS,GIN,300,dwgn,proteins_gin_gn_fast
dwgn_2.txt,dwgn,2,170,0.6694,0.7702,0.7679,PROTEINS,GIN,300,dwgn,proteins_gin_gn_fast
dwgn_2.txt,dwgn,2,171,0.67,0.7203,0.6786,PROTEINS,GIN,300,dwgn,proteins_gin_gn_fast
dwgn_2.txt,dwgn,2,172,0.6702,0.7473,0.7232,PROTEINS,GIN,300,dwgn,proteins_gin_gn_fast
dwgn_2.txt,dwgn,2,173,0.6706,0.7562,0.75,PROTEINS,GIN,300,dwgn,proteins_gin_gn_fast
dwgn_2.txt,dwgn,2,174,0.6709,0.7552,0.7768,PROTEINS,GIN,300,dwgn,proteins_gin_gn_fast
dwgn_2.txt,dwgn,2,175,0.6712,0.6464,0.6339,PROTEINS,GIN,300,dwgn,proteins_gin_gn_fast
dwgn_2.txt,dwgn,2,176,0.6715,0.7223,0.6964,PROTEINS,GIN,300,dwgn,proteins_gin_gn_fast
dwgn_2.txt,dwgn,2,177,0.6717,0.7582,0.7589,PROTEINS,GIN,300,dwgn,proteins_gin_gn_fast
dwgn_2.txt,dwgn,2,178,0.672,0.7672,0.7857,PROTEINS,GIN,300,dwgn,proteins_gin_gn_fast
dwgn_2.txt,dwgn,2,179,0.6722,0.7702,0.7589,PROTEINS,GIN,300,dwgn,proteins_gin_gn_fast
dwgn_2.txt,dwgn,2,180,0.6724,0.7602,0.7768,PROTEINS,GIN,300,dwgn,proteins_gin_gn_fast
dwgn_2.txt,dwgn,2,181,0.6727,0.7802,0.7946,PROTEINS,GIN,300,dwgn,proteins_gin_gn_fast
dwgn_2.txt,dwgn,2,182,0.6729,0.7802,0.7768,PROTEINS,GIN,300,dwgn,proteins_gin_gn_fast
dwgn_2.txt,dwgn,2,183,0.6731,0.7652,0.7857,PROTEINS,GIN,300,dwgn,proteins_gin_gn_fast
dwgn_2.txt,dwgn,2,184,0.6734,0.7662,0.7768,PROTEINS,GIN,300,dwgn,proteins_gin_gn_fast
dwgn_2.txt,dwgn,2,185,0.6736,0.7732,0.7857,PROTEINS,GIN,300,dwgn,proteins_gin_gn_fast
dwgn_2.txt,dwgn,2,186,0.6738,0.6673,0.6429,PROTEINS,GIN,300,dwgn,proteins_gin_gn_fast
dwgn_2.txt,dwgn,2,187,0.674,0.7742,0.7946,PROTEINS,GIN,300,dwgn,proteins_gin_gn_fast
dwgn_2.txt,dwgn,2,188,0.6742,0.7612,0.7946,PROTEINS,GIN,300,dwgn,proteins_gin_gn_fast
dwgn_2.txt,dwgn,2,189,0.6744,0.7572,0.7589,PROTEINS,GIN,300,dwgn,proteins_gin_gn_fast
dwgn_2.txt,dwgn,2,190,0.6746,0.7163,0.6696,PROTEINS,GIN,300,dwgn,proteins_gin_gn_fast
dwgn_2.txt,dwgn,2,191,0.6748,0.7542,0.7679,PROTEINS,GIN,300,dwgn,proteins_gin_gn_fast
dwgn_2.txt,dwgn,2,192,0.675,0.7453,0.7679,PROTEINS,GIN,300,dwgn,proteins_gin_gn_fast
dwgn_2.txt,dwgn,2,193,0.6751,0.7672,0.8036,PROTEINS,GIN,300,dwgn,proteins_gin_gn_fast
dwgn_2.txt,dwgn,2,194,0.6753,0.7552,0.7321,PROTEINS,GIN,300,dwgn,proteins_gin_gn_fast
dwgn_2.txt,dwgn,2,195,0.6755,0.7702,0.7768,PROTEINS,GIN,300,dwgn,proteins_gin_gn_fast
dwgn_2.txt,dwgn,2,196,0.6756,0.7662,0.7679,PROTEINS,GIN,300,dwgn,proteins_gin_gn_fast
dwgn_2.txt,dwgn,2,197,0.6758,0.6763,0.6339,PROTEINS,GIN,300,dwgn,proteins_gin_gn_fast
dwgn_2.txt,dwgn,2,198,0.676,0.7672,0.7857,PROTEINS,GIN,300,dwgn,proteins_gin_gn_fast
dwgn_2.txt,dwgn,2,199,0.6761,0.7742,0.7857,PROTEINS,GIN,300,dwgn,proteins_gin_gn_fast
dwgn_2.txt,dwgn,2,200,0.6763,0.7712,0.7768,PROTEINS,GIN,300,dwgn,proteins_gin_gn_fast
dwgn_2.txt,dwgn,2,201,0.6765,0.7762,0.7857,PROTEINS,GIN,300,dwgn,proteins_gin_gn_fast
dwgn_2.txt,dwgn,2,202,0.6767,0.7582,0.7857,PROTEINS,GIN,300,dwgn,proteins_gin_gn_fast
dwgn_2.txt,dwgn,2,203,0.6769,0.7752,0.8036,PROTEINS,GIN,300,dwgn,proteins_gin_gn_fast
dwgn_2.txt,dwgn,2,204,0.6771,0.7672,0.7768,PROTEINS,GIN,300,dwgn,proteins_gin_gn_fast
dwgn_2.txt,dwgn,2,205,0.6772,0.7512,0.7589,PROTEINS,GIN,300,dwgn,proteins_gin_gn_fast
dwgn_2.txt,dwgn,2,206,0.6774,0.7662,0.7679,PROTEINS,GIN,300,dwgn,proteins_gin_gn_fast
dwgn_2.txt,dwgn,2,207,0.6775,0.7672,0.7679,PROTEINS,GIN,300,dwgn,proteins_gin_gn_fast
dwgn_2.txt,dwgn,2,208,0.6775,0.7632,0.7857,PROTEINS,GIN,300,dwgn,proteins_gin_gn_fast
dwgn_2.txt,dwgn,2,209,0.6776,0.7762,0.7857,PROTEINS,GIN,300,dwgn,proteins_gin_gn_fast
dwgn_2.txt,dwgn,2,210,0.6778,0.7802,0.7946,PROTEINS,GIN,300,dwgn,proteins_gin_gn_fast
dwgn_2.txt,dwgn,2,211,0.6779,0.7812,0.8214,PROTEINS,GIN,300,dwgn,proteins_gin_gn_fast
dwgn_2.txt,dwgn,2,212,0.678,0.7672,0.7768,PROTEINS,GIN,300,dwgn,proteins_gin_gn_fast
dwgn_2.txt,dwgn,2,213,0.6782,0.7702,0.7768,PROTEINS,GIN,300,dwgn,proteins_gin_gn_fast
dwgn_2.txt,dwgn,2,214,0.6784,0.7672,0.7768,PROTEINS,GIN,300,dwgn,proteins_gin_gn_fast
dwgn_2.txt,dwgn,2,215,0.6785,0.7772,0.7946,PROTEINS,GIN,300,dwgn,proteins_gin_gn_fast
dwgn_2.txt,dwgn,2,216,0.6787,0.7802,0.7589,PROTEINS,GIN,300,dwgn,proteins_gin_gn_fast
dwgn_2.txt,dwgn,2,217,0.6788,0.7662,0.7768,PROTEINS,GIN,300,dwgn,proteins_gin_gn_fast
dwgn_2.txt,dwgn,2,218,0.6789,0.7662,0.8036,PROTEINS,GIN,300,dwgn,proteins_gin_gn_fast
dwgn_2.txt,dwgn,2,219,0.679,0.7333,0.7232,PROTEINS,GIN,300,dwgn,proteins_gin_gn_fast
dwgn_2.txt,dwgn,2,220,0.6791,0.7642,0.7857,PROTEINS,GIN,300,dwgn,proteins_gin_gn_fast
dwgn_2.txt,dwgn,2,221,0.6792,0.7682,0.8036,PROTEINS,GIN,300,dwgn,proteins_gin_gn_fast
dwgn_2.txt,dwgn,2,222,0.6793,0.7802,0.8036,PROTEINS,GIN,300,dwgn,proteins_gin_gn_fast
dwgn_2.txt,dwgn,2,223,0.6794,0.7722,0.7857,PROTEINS,GIN,300,dwgn,proteins_gin_gn_fast
dwgn_2.txt,dwgn,2,224,0.6795,0.7762,0.7679,PROTEINS,GIN,300,dwgn,proteins_gin_gn_fast
dwgn_2.txt,dwgn,2,225,0.6795,0.7692,0.7768,PROTEINS,GIN,300,dwgn,proteins_gin_gn_fast
dwgn_2.txt,dwgn,2,226,0.6797,0.7622,0.7679,PROTEINS,GIN,300,dwgn,proteins_gin_gn_fast
dwgn_2.txt,dwgn,2,227,0.6798,0.7792,0.8036,PROTEINS,GIN,300,dwgn,proteins_gin_gn_fast
dwgn_2.txt,dwgn,2,228,0.6799,0.7622,0.7768,PROTEINS,GIN,300,dwgn,proteins_gin_gn_fast
dwgn_2.txt,dwgn,2,229,0.6801,0.7732,0.7679,PROTEINS,GIN,300,dwgn,proteins_gin_gn_fast
dwgn_2.txt,dwgn,2,230,0.6802,0.7802,0.7857,PROTEINS,GIN,300,dwgn,proteins_gin_gn_fast
dwgn_2.txt,dwgn,2,231,0.6803,0.7842,0.7857,PROTEINS,GIN,300,dwgn,proteins_gin_gn_fast
dwgn_2.txt,dwgn,2,232,0.6805,0.7782,0.7857,PROTEINS,GIN,300,dwgn,proteins_gin_gn_fast
dwgn_2.txt,dwgn,2,233,0.6806,0.7652,0.7857,PROTEINS,GIN,300,dwgn,proteins_gin_gn_fast
dwgn_2.txt,dwgn,2,234,0.6808,0.7752,0.7857,PROTEINS,GIN,300,dwgn,proteins_gin_gn_fast
dwgn_2.txt,dwgn,2,235,0.6808,0.7742,0.7857,PROTEINS,GIN,300,dwgn,proteins_gin_gn_fast
dwgn_2.txt,dwgn,2,236,0.681,0.7722,0.8125,PROTEINS,GIN,300,dwgn,proteins_gin_gn_fast
dwgn_2.txt,dwgn,2,237,0.681,0.7652,0.8214,PROTEINS,GIN,300,dwgn,proteins_gin_gn_fast
dwgn_2.txt,dwgn,2,238,0.6811,0.7512,0.75,PROTEINS,GIN,300,dwgn,proteins_gin_gn_fast
dwgn_2.txt,dwgn,2,239,0.6812,0.7193,0.6875,PROTEINS,GIN,300,dwgn,proteins_gin_gn_fast
dwgn_2.txt,dwgn,2,240,0.6813,0.7642,0.7857,PROTEINS,GIN,300,dwgn,proteins_gin_gn_fast
dwgn_2.txt,dwgn,2,241,0.6814,0.7652,0.7768,PROTEINS,GIN,300,dwgn,proteins_gin_gn_fast
dwgn_2.txt,dwgn,2,242,0.6814,0.7832,0.8036,PROTEINS,GIN,300,dwgn,proteins_gin_gn_fast
dwgn_2.txt,dwgn,2,243,0.6815,0.7642,0.7946,PROTEINS,GIN,300,dwgn,proteins_gin_gn_fast
dwgn_2.txt,dwgn,2,244,0.6815,0.7792,0.7946,PROTEINS,GIN,300,dwgn,proteins_gin_gn_fast
dwgn_2.txt,dwgn,2,245,0.6816,0.7702,0.7768,PROTEINS,GIN,300,dwgn,proteins_gin_gn_fast
dwgn_2.txt,dwgn,2,246,0.6817,0.7652,0.7768,PROTEINS,GIN,300,dwgn,proteins_gin_gn_fast
dwgn_2.txt,dwgn,2,247,0.6818,0.7782,0.7857,PROTEINS,GIN,300,dwgn,proteins_gin_gn_fast
dwgn_2.txt,dwgn,2,248,0.6819,0.7732,0.8125,PROTEINS,GIN,300,dwgn,proteins_gin_gn_fast
dwgn_2.txt,dwgn,2,249,0.6819,0.7872,0.7946,PROTEINS,GIN,300,dwgn,proteins_gin_gn_fast
dwgn_2.txt,dwgn,2,250,0.682,0.7622,0.7946,PROTEINS,GIN,300,dwgn,proteins_gin_gn_fast
dwgn_2.txt,dwgn,2,251,0.682,0.7762,0.8125,PROTEINS,GIN,300,dwgn,proteins_gin_gn_fast
dwgn_2.txt,dwgn,2,252,0.6821,0.7493,0.7768,PROTEINS,GIN,300,dwgn,proteins_gin_gn_fast
dwgn_2.txt,dwgn,2,253,0.6822,0.7732,0.7857,PROTEINS,GIN,300,dwgn,proteins_gin_gn_fast
dwgn_2.txt,dwgn,2,254,0.6822,0.7772,0.7679,PROTEINS,GIN,300,dwgn,proteins_gin_gn_fast
dwgn_2.txt,dwgn,2,255,0.6824,0.7722,0.7679,PROTEINS,GIN,300,dwgn,proteins_gin_gn_fast
dwgn_2.txt,dwgn,2,256,0.6824,0.7752,0.7946,PROTEINS,GIN,300,dwgn,proteins_gin_gn_fast
dwgn_2.txt,dwgn,2,257,0.6825,0.7762,0.7946,PROTEINS,GIN,300,dwgn,proteins_gin_gn_fast
dwgn_2.txt,dwgn,2,258,0.6826,0.7782,0.8036,PROTEINS,GIN,300,dwgn,proteins_gin_gn_fast
dwgn_2.txt,dwgn,2,259,0.6827,0.7473,0.7679,PROTEINS,GIN,300,dwgn,proteins_gin_gn_fast
dwgn_2.txt,dwgn,2,260,0.6828,0.7732,0.8036,PROTEINS,GIN,300,dwgn,proteins_gin_gn_fast
dwgn_2.txt,dwgn,2,261,0.6828,0.7792,0.7589,PROTEINS,GIN,300,dwgn,proteins_gin_gn_fast
dwgn_2.txt,dwgn,2,262,0.6829,0.7782,0.8036,PROTEINS,GIN,300,dwgn,proteins_gin_gn_fast
dwgn_2.txt,dwgn,2,263,0.6829,0.7552,0.8036,PROTEINS,GIN,300,dwgn,proteins_gin_gn_fast
dwgn_2.txt,dwgn,2,264,0.683,0.7682,0.8036,PROTEINS,GIN,300,dwgn,proteins_gin_gn_fast
dwgn_2.txt,dwgn,2,265,0.6831,0.7812,0.7946,PROTEINS,GIN,300,dwgn,proteins_gin_gn_fast
dwgn_2.txt,dwgn,2,266,0.6831,0.7712,0.7946,PROTEINS,GIN,300,dwgn,proteins_gin_gn_fast
dwgn_2.txt,dwgn,2,267,0.6831,0.7652,0.7768,PROTEINS,GIN,300,dwgn,proteins_gin_gn_fast
dwgn_2.txt,dwgn,2,268,0.6832,0.7752,0.8036,PROTEINS,GIN,300,dwgn,proteins_gin_gn_fast
dwgn_2.txt,dwgn,2,269,0.6832,0.7822,0.7857,PROTEINS,GIN,300,dwgn,proteins_gin_gn_fast
dwgn_2.txt,dwgn,2,270,0.6832,0.7662,0.7768,PROTEINS,GIN,300,dwgn,proteins_gin_gn_fast
dwgn_2.txt,dwgn,2,271,0.6833,0.7812,0.7768,PROTEINS,GIN,300,dwgn,proteins_gin_gn_fast
dwgn_2.txt,dwgn,2,272,0.6833,0.7852,0.8036,PROTEINS,GIN,300,dwgn,proteins_gin_gn_fast
dwgn_2.txt,dwgn,2,273,0.6834,0.7762,0.8036,PROTEINS,GIN,300,dwgn,proteins_gin_gn_fast
dwgn_2.txt,dwgn,2,274,0.6834,0.7852,0.8036,PROTEINS,GIN,300,dwgn,proteins_gin_gn_fast
dwgn_2.txt,dwgn,2,275,0.6834,0.7862,0.8036,PROTEINS,GIN,300,dwgn,proteins_gin_gn_fast
dwgn_2.txt,dwgn,2,276,0.6835,0.7842,0.7768,PROTEINS,GIN,300,dwgn,proteins_gin_gn_fast
dwgn_2.txt,dwgn,2,277,0.6835,0.7742,0.7946,PROTEINS,GIN,300,dwgn,proteins_gin_gn_fast
dwgn_2.txt,dwgn,2,278,0.6836,0.7872,0.8036,PROTEINS,GIN,300,dwgn,proteins_gin_gn_fast
dwgn_2.txt,dwgn,2,279,0.6836,0.7872,0.7857,PROTEINS,GIN,300,dwgn,proteins_gin_gn_fast
dwgn_2.txt,dwgn,2,280,0.6837,0.7842,0.7679,PROTEINS,GIN,300,dwgn,proteins_gin_gn_fast
dwgn_2.txt,dwgn,2,281,0.6837,0.7842,0.7857,PROTEINS,GIN,300,dwgn,proteins_gin_gn_fast
dwgn_2.txt,dwgn,2,282,0.6837,0.7842,0.8125,PROTEINS,GIN,300,dwgn,proteins_gin_gn_fast
dwgn_2.txt,dwgn,2,283,0.6838,0.7872,0.8036,PROTEINS,GIN,300,dwgn,proteins_gin_gn_fast
dwgn_2.txt,dwgn,2,284,0.6838,0.7852,0.7857,PROTEINS,GIN,300,dwgn,proteins_gin_gn_fast
dwgn_2.txt,dwgn,2,285,0.6839,0.7862,0.8036,PROTEINS,GIN,300,dwgn,proteins_gin_gn_fast
dwgn_2.txt,dwgn,2,286,0.6839,0.7852,0.7946,PROTEINS,GIN,300,dwgn,proteins_gin_gn_fast
dwgn_2.txt,dwgn,2,287,0.684,0.7862,0.8214,PROTEINS,GIN,300,dwgn,proteins_gin_gn_fast
dwgn_2.txt,dwgn,2,288,0.684,0.7892,0.7857,PROTEINS,GIN,300,dwgn,proteins_gin_gn_fast
dwgn_2.txt,dwgn,2,289,0.684,0.7902,0.8125,PROTEINS,GIN,300,dwgn,proteins_gin_gn_fast
dwgn_2.txt,dwgn,2,290,0.684,0.7862,0.7857,PROTEINS,GIN,300,dwgn,proteins_gin_gn_fast
dwgn_2.txt,dwgn,2,291,0.6841,0.7902,0.7857,PROTEINS,GIN,300,dwgn,proteins_gin_gn_fast
dwgn_2.txt,dwgn,2,292,0.6841,0.7912,0.8125,PROTEINS,GIN,300,dwgn,proteins_gin_gn_fast
dwgn_2.txt,dwgn,2,293,0.6842,0.7892,0.8125,PROTEINS,GIN,300,dwgn,proteins_gin_gn_fast
dwgn_2.txt,dwgn,2,294,0.6843,0.7892,0.7857,PROTEINS,GIN,300,dwgn,proteins_gin_gn_fast
dwgn_2.txt,dwgn,2,295,0.6843,0.7882,0.8036,PROTEINS,GIN,300,dwgn,proteins_gin_gn_fast
dwgn_2.txt,dwgn,2,296,0.6844,0.7892,0.7946,PROTEINS,GIN,300,dwgn,proteins_gin_gn_fast
dwgn_2.txt,dwgn,2,297,0.6845,0.7902,0.7946,PROTEINS,GIN,300,dwgn,proteins_gin_gn_fast
dwgn_2.txt,dwgn,2,298,0.6846,0.7892,0.8214,PROTEINS,GIN,300,dwgn,proteins_gin_gn_fast
dwgn_2.txt,dwgn,2,299,0.6847,0.7902,0.8125,PROTEINS,GIN,300,dwgn,proteins_gin_gn_fast
dwgn_2.txt,dwgn,2,300,0.6848,0.7892,0.8125,PROTEINS,GIN,300,dwgn,proteins_gin_gn_fast
gn_0.txt,gn,0,1,0.67,0.6224,0.625,PROTEINS,GIN,300,gn,proteins_gin_gn_fast
gn_0.txt,gn,0,2,0.6026,0.6004,0.5982,PROTEINS,GIN,300,gn,proteins_gin_gn_fast
gn_0.txt,gn,0,3,0.5786,0.4096,0.3929,PROTEINS,GIN,300,gn,proteins_gin_gn_fast
gn_0.txt,gn,0,4,0.5673,0.6803,0.7232,PROTEINS,GIN,300,gn,proteins_gin_gn_fast
gn_0.txt,gn,0,5,0.5592,0.6414,0.6429,PROTEINS,GIN,300,gn,proteins_gin_gn_fast
gn_0.txt,gn,0,6,0.5997,0.6204,0.625,PROTEINS,GIN,300,gn,proteins_gin_gn_fast
gn_0.txt,gn,0,7,0.5923,0.6763,0.6875,PROTEINS,GIN,300,gn,proteins_gin_gn_fast
gn_0.txt,gn,0,8,0.5874,0.4565,0.4375,PROTEINS,GIN,300,gn,proteins_gin_gn_fast
gn_0.txt,gn,0,9,0.5888,0.5954,0.5982,PROTEINS,GIN,300,gn,proteins_gin_gn_fast
gn_0.txt,gn,0,10,0.5871,0.6184,0.6339,PROTEINS,GIN,300,gn,proteins_gin_gn_fast
gn_0.txt,gn,0,11,0.5859,0.7113,0.7232,PROTEINS,GIN,300,gn,proteins_gin_gn_fast
gn_0.txt,gn,0,12,0.5841,0.7423,0.7232,PROTEINS,GIN,300,gn,proteins_gin_gn_fast
gn_0.txt,gn,0,13,0.5842,0.4605,0.4554,PROTEINS,GIN,300,gn,proteins_gin_gn_fast
gn_0.txt,gn,0,14,0.5821,0.6853,0.6964,PROTEINS,GIN,300,gn,proteins_gin_gn_fast
gn_0.txt,gn,0,15,0.5813,0.6863,0.6786,PROTEINS,GIN,300,gn,proteins_gin_gn_fast
gn_0.txt,gn,0,16,0.5811,0.4925,0.4464,PROTEINS,GIN,300,gn,proteins_gin_gn_fast
gn_0.txt,gn,0,17,0.5804,0.5654,0.5089,PROTEINS,GIN,300,gn,proteins_gin_gn_fast
gn_0.txt,gn,0,18,0.5812,0.7233,0.7054,PROTEINS,GIN,300,gn,proteins_gin_gn_fast
gn_0.txt,gn,0,19,0.5818,0.7213,0.6607,PROTEINS,GIN,300,gn,proteins_gin_gn_fast
gn_0.txt,gn,0,20,0.5816,0.6434,0.5893,PROTEINS,GIN,300,gn,proteins_gin_gn_fast
gn_0.txt,gn,0,21,0.5811,0.6833,0.6875,PROTEINS,GIN,300,gn,proteins_gin_gn_fast
gn_0.txt,gn,0,22,0.581,0.4136,0.4018,PROTEINS,GIN,300,gn,proteins_gin_gn_fast
gn_0.txt,gn,0,23,0.5825,0.7183,0.7054,PROTEINS,GIN,300,gn,proteins_gin_gn_fast
gn_0.txt,gn,0,24,0.5837,0.6973,0.6964,PROTEINS,GIN,300,gn,proteins_gin_gn_fast
gn_0.txt,gn,0,25,0.5831,0.6733,0.6607,PROTEINS,GIN,300,gn,proteins_gin_gn_fast
gn_0.txt,gn,0,26,0.5829,0.5874,0.5982,PROTEINS,GIN,300,gn,proteins_gin_gn_fast
gn_0.txt,gn,0,27,0.5828,0.6753,0.6429,PROTEINS,GIN,300,gn,proteins_gin_gn_fast
gn_0.txt,gn,0,28,0.5823,0.7642,0.7589,PROTEINS,GIN,300,gn,proteins_gin_gn_fast
gn_0.txt,gn,0,29,0.5822,0.7702,0.75,PROTEINS,GIN,300,gn,proteins_gin_gn_fast
gn_0.txt,gn,0,30,0.5827,0.7383,0.7411,PROTEINS,GIN,300,gn,proteins_gin_gn_fast
gn_0.txt,gn,0,31,0.5833,0.7732,0.7679,PROTEINS,GIN,300,gn,proteins_gin_gn_fast
gn_0.txt,gn,0,32,0.5831,0.7502,0.7768,PROTEINS,GIN,300,gn,proteins_gin_gn_fast
gn_0.txt,gn,0,33,0.5831,0.7253,0.7321,PROTEINS,GIN,300,gn,proteins_gin_gn_fast
gn_0.txt,gn,0,34,0.5824,0.6364,0.5893,PROTEINS,GIN,300,gn,proteins_gin_gn_fast
gn_0.txt,gn,0,35,0.5822,0.7552,0.7589,PROTEINS,GIN,300,gn,proteins_gin_gn_fast
gn_0.txt,gn,0,36,0.5821,0.6653,0.6964,PROTEINS,GIN,300,gn,proteins_gin_gn_fast
gn_0.txt,gn,0,37,0.5842,0.5974,0.6071,PROTEINS,GIN,300,gn,proteins_gin_gn_fast
gn_0.txt,gn,0,38,0.5842,0.6673,0.6964,PROTEINS,GIN,300,gn,proteins_gin_gn_fast
gn_0.txt,gn,0,39,0.5844,0.7323,0.7589,PROTEINS,GIN,300,gn,proteins_gin_gn_fast
gn_0.txt,gn,0,40,0.5843,0.6893,0.7143,PROTEINS,GIN,300,gn,proteins_gin_gn_fast
gn_0.txt,gn,0,41,0.5842,0.7123,0.6964,PROTEINS,GIN,300,gn,proteins_gin_gn_fast
gn_0.txt,gn,0,42,0.5843,0.6643,0.6161,PROTEINS,GIN,300,gn,proteins_gin_gn_fast
gn_0.txt,gn,0,43,0.5848,0.7143,0.7679,PROTEINS,GIN,300,gn,proteins_gin_gn_fast
gn_0.txt,gn,0,44,0.5848,0.7842,0.7768,PROTEINS,GIN,300,gn,proteins_gin_gn_fast
gn_0.txt,gn,0,45,0.5849,0.7622,0.7857,PROTEINS,GIN,300,gn,proteins_gin_gn_fast
gn_0.txt,gn,0,46,0.5853,0.7692,0.7679,PROTEINS,GIN,300,gn,proteins_gin_gn_fast
gn_0.txt,gn,0,47,0.5855,0.7413,0.7589,PROTEINS,GIN,300,gn,proteins_gin_gn_fast
gn_0.txt,gn,0,48,0.5854,0.6633,0.6786,PROTEINS,GIN,300,gn,proteins_gin_gn_fast
gn_0.txt,gn,0,49,0.5855,0.7133,0.6696,PROTEINS,GIN,300,gn,proteins_gin_gn_fast
gn_0.txt,gn,0,50,0.5854,0.7083,0.6518,PROTEINS,GIN,300,gn,proteins_gin_gn_fast
gn_0.txt,gn,0,51,0.587,0.7642,0.7589,PROTEINS,GIN,300,gn,proteins_gin_gn_fast
gn_0.txt,gn,0,52,0.5891,0.7652,0.7411,PROTEINS,GIN,300,gn,proteins_gin_gn_fast
gn_0.txt,gn,0,53,0.5899,0.7792,0.7411,PROTEINS,GIN,300,gn,proteins_gin_gn_fast
gn_0.txt,gn,0,54,0.5903,0.7373,0.7321,PROTEINS,GIN,300,gn,proteins_gin_gn_fast
gn_0.txt,gn,0,55,0.5911,0.7552,0.75,PROTEINS,GIN,300,gn,proteins_gin_gn_fast
gn_0.txt,gn,0,56,0.5924,0.7343,0.6696,PROTEINS,GIN,300,gn,proteins_gin_gn_fast
gn_0.txt,gn,0,57,0.5926,0.7662,0.7411,PROTEINS,GIN,300,gn,proteins_gin_gn_fast
gn_0.txt,gn,0,58,0.5923,0.7682,0.7768,PROTEINS,GIN,300,gn,proteins_gin_gn_fast
gn_0.txt,gn,0,59,0.592,0.7453,0.75,PROTEINS,GIN,300,gn,proteins_gin_gn_fast
gn_0.txt,gn,0,60,0.5917,0.7622,0.7411,PROTEINS,GIN,300,gn,proteins_gin_gn_fast
gn_0.txt,gn,0,61,0.5913,0.7682,0.75,PROTEINS,GIN,300,gn,proteins_gin_gn_fast
gn_0.txt,gn,0,62,0.591,0.7363,0.6786,PROTEINS,GIN,300,gn,proteins_gin_gn_fast
gn_0.txt,gn,0,63,0.5906,0.7782,0.7589,PROTEINS,GIN,300,gn,proteins_gin_gn_fast
gn_0.txt,gn,0,64,0.5903,0.7243,0.7232,PROTEINS,GIN,300,gn,proteins_gin_gn_fast
gn_0.txt,gn,0,65,0.5912,0.4765,0.4643,PROTEINS,GIN,300,gn,proteins_gin_gn_fast
gn_0.txt,gn,0,66,0.591,0.6903,0.6607,PROTEINS,GIN,300,gn,proteins_gin_gn_fast
gn_0.txt,gn,0,67,0.5909,0.7602,0.7143,PROTEINS,GIN,300,gn,proteins_gin_gn_fast
gn_0.txt,gn,0,68,0.5906,0.7283,0.7321,PROTEINS,GIN,300,gn,proteins_gin_gn_fast
gn_0.txt,gn,0,69,0.5904,0.7772,0.7589,PROTEINS,GIN,300,gn,proteins_gin_gn_fast
gn_0.txt,gn,0,70,0.5904,0.7572,0.7321,PROTEINS,GIN,300,gn,proteins_gin_gn_fast
gn_0.txt,gn,0,71,0.5903,0.7882,0.7768,PROTEINS,GIN,300,gn,proteins_gin_gn_fast
gn_0.txt,gn,0,72,0.5902,0.7562,0.7679,PROTEINS,GIN,300,gn,proteins_gin_gn_fast
gn_0.txt,gn,0,73,0.5908,0.7822,0.7589,PROTEINS,GIN,300,gn,proteins_gin_gn_fast
gn_0.txt,gn,0,74,0.5907,0.7852,0.7589,PROTEINS,GIN,300,gn,proteins_gin_gn_fast
gn_0.txt,gn,0,75,0.5906,0.7762,0.75,PROTEINS,GIN,300,gn,proteins_gin_gn_fast
gn_0.txt,gn,0,76,0.5906,0.7802,0.7411,PROTEINS,GIN,300,gn,proteins_gin_gn_fast
gn_0.txt,gn,0,77,0.5903,0.7802,0.7679,PROTEINS,GIN,300,gn,proteins_gin_gn_fast
gn_0.txt,gn,0,78,0.5902,0.7373,0.6607,PROTEINS,GIN,300,gn,proteins_gin_gn_fast
gn_0.txt,gn,0,79,0.5901,0.7702,0.7679,PROTEINS,GIN,300,gn,proteins_gin_gn_fast
gn_0.txt,gn,0,80,0.5903,0.7183,0.6071,PROTEINS,GIN,300,gn,proteins_gin_gn_fast
gn_0.txt,gn,0,81,0.5902,0.7712,0.75,PROTEINS,GIN,300,gn,proteins_gin_gn_fast
gn_0.txt,gn,0,82,0.5901,0.7852,0.7679,PROTEINS,GIN,300,gn,proteins_gin_gn_fast
gn_0.txt,gn,0,83,0.59,0.7053,0.7232,PROTEINS,GIN,300,gn,proteins_gin_gn_fast
gn_0.txt,gn,0,84,0.59,0.7253,0.7321,PROTEINS,GIN,300,gn,proteins_gin_gn_fast
gn_0.txt,gn,0,85,0.59,0.7542,0.75,PROTEINS,GIN,300,gn,proteins_gin_gn_fast
gn_0.txt,gn,0,86,0.59,0.8012,0.7679,PROTEINS,GIN,300,gn,proteins_gin_gn_fast
gn_0.txt,gn,0,87,0.59,0.7413,0.75,PROTEINS,GIN,300,gn,proteins_gin_gn_fast
gn_0.txt,gn,0,88,0.59,0.5235,0.4911,PROTEINS,GIN,300,gn,proteins_gin_gn_fast
gn_0.txt,gn,0,89,0.59,0.7483,0.7411,PROTEINS,GIN,300,gn,proteins_gin_gn_fast
gn_0.txt,gn,0,90,0.59,0.6783,0.7054,PROTEINS,GIN,300,gn,proteins_gin_gn_fast
gn_0.txt,gn,0,91,0.59,0.7263,0.7411,PROTEINS,GIN,300,gn,proteins_gin_gn_fast
gn_0.txt,gn,0,92,0.5901,0.6943,0.7143,PROTEINS,GIN,300,gn,proteins_gin_gn_fast
gn_0.txt,gn,0,93,0.5901,0.7183,0.7321,PROTEINS,GIN,300,gn,proteins_gin_gn_fast
gn_0.txt,gn,0,94,0.5903,0.7393,0.7411,PROTEINS,GIN,300,gn,proteins_gin_gn_fast
gn_0.txt,gn,0,95,0.5904,0.7293,0.6964,PROTEINS,GIN,300,gn,proteins_gin_gn_fast
gn_0.txt,gn,0,96,0.5907,0.7483,0.75,PROTEINS,GIN,300,gn,proteins_gin_gn_fast
gn_0.txt,gn,0,97,0.5909,0.7562,0.7589,PROTEINS,GIN,300,gn,proteins_gin_gn_fast
gn_0.txt,gn,0,98,0.5911,0.7632,0.7857,PROTEINS,GIN,300,gn,proteins_gin_gn_fast
gn_0.txt,gn,0,99,0.5913,0.7652,0.75,PROTEINS,GIN,300,gn,proteins_gin_gn_fast
gn_0.txt,gn,0,100,0.5915,0.7742,0.75,PROTEINS,GIN,300,gn,proteins_gin_gn_fast
gn_0.txt,gn,0,101,0.5918,0.7622,0.75,PROTEINS,GIN,300,gn,proteins_gin_gn_fast
gn_0.txt,gn,0,102,0.5922,0.7433,0.75,PROTEINS,GIN,300,gn,proteins_gin_gn_fast
gn_0.txt,gn,0,103,0.5925,0.7792,0.75,PROTEINS,GIN,300,gn,proteins_gin_gn_fast
gn_0.txt,gn,0,104,0.5929,0.7862,0.7589,PROTEINS,GIN,300,gn,proteins_gin_gn_fast
gn_0.txt,gn,0,105,0.5932,0.7752,0.7411,PROTEINS,GIN,300,gn,proteins_gin_gn_fast
gn_0.txt,gn,0,106,0.5935,0.7842,0.75,PROTEINS,GIN,300,gn,proteins_gin_gn_fast
gn_0.txt,gn,0,107,0.5939,0.7902,0.7411,PROTEINS,GIN,300,gn,proteins_gin_gn_fast
gn_0.txt,gn,0,108,0.5942,0.7203,0.7411,PROTEINS,GIN,300,gn,proteins_gin_gn_fast
gn_0.txt,gn,0,109,0.5945,0.7712,0.7411,PROTEINS,GIN,300,gn,proteins_gin_gn_fast
gn_0.txt,gn,0,110,0.5948,0.7463,0.6964,PROTEINS,GIN,300,gn,proteins_gin_gn_fast
gn_0.txt,gn,0,111,0.5952,0.5864,0.5714,PROTEINS,GIN,300,gn,proteins_gin_gn_fast
gn_0.txt,gn,0,112,0.5955,0.5724,0.5536,PROTEINS,GIN,300,gn,proteins_gin_gn_fast
gn_0.txt,gn,0,113,0.5959,0.7383,0.6696,PROTEINS,GIN,300,gn,proteins_gin_gn_fast
gn_0.txt,gn,0,114,0.5963,0.7662,0.75,PROTEINS,GIN,300,gn,proteins_gin_gn_fast
gn_0.txt,gn,0,115,0.5967,0.7562,0.7411,PROTEINS,GIN,300,gn,proteins_gin_gn_fast
gn_0.txt,gn,0,116,0.5971,0.7642,0.7411,PROTEINS,GIN,300,gn,proteins_gin_gn_fast
gn_0.txt,gn,0,117,0.5976,0.7642,0.7679,PROTEINS,GIN,300,gn,proteins_gin_gn_fast
gn_0.txt,gn,0,118,0.598,0.7552,0.7143,PROTEINS,GIN,300,gn,proteins_gin_gn_fast
gn_0.txt,gn,0,119,0.5984,0.7313,0.6696,PROTEINS,GIN,300,gn,proteins_gin_gn_fast
gn_0.txt,gn,0,120,0.5989,0.7383,0.7143,PROTEINS,GIN,300,gn,proteins_gin_gn_fast
gn_0.txt,gn,0,121,0.5994,0.7233,0.6875,PROTEINS,GIN,300,gn,proteins_gin_gn_fast
gn_0.txt,gn,0,122,0.5999,0.7842,0.7679,PROTEINS,GIN,300,gn,proteins_gin_gn_fast
gn_0.txt,gn,0,123,0.6004,0.7852,0.7679,PROTEINS,GIN,300,gn,proteins_gin_gn_fast
gn_0.txt,gn,0,124,0.6009,0.7692,0.7589,PROTEINS,GIN,300,gn,proteins_gin_gn_fast
gn_0.txt,gn,0,125,0.6017,0.7572,0.75,PROTEINS,GIN,300,gn,proteins_gin_gn_fast
gn_0.txt,gn,0,126,0.6029,0.7642,0.7411,PROTEINS,GIN,300,gn,proteins_gin_gn_fast
gn_0.txt,gn,0,127,0.6035,0.7413,0.6696,PROTEINS,GIN,300,gn,proteins_gin_gn_fast
gn_0.txt,gn,0,128,0.6068,0.7572,0.75,PROTEINS,GIN,300,gn,proteins_gin_gn_fast
gn_0.txt,gn,0,129,0.6105,0.7413,0.7321,PROTEINS,GIN,300,gn,proteins_gin_gn_fast
gn_0.txt,gn,0,130,0.6117,0.7842,0.7768,PROTEINS,GIN,300,gn,proteins_gin_gn_fast
gn_0.txt,gn,0,131,0.6129,0.7303,0.7411,PROTEINS,GIN,300,gn,proteins_gin_gn_fast
gn_0.txt,gn,0,132,0.6134,0.7732,0.75,PROTEINS,GIN,300,gn,proteins_gin_gn_fast
gn_0.txt,gn,0,133,0.6144,0.7732,0.7589,PROTEINS,GIN,300,gn,proteins_gin_gn_fast
gn_0.txt,gn,0,134,0.6148,0.7612,0.75,PROTEINS,GIN,300,gn,proteins_gin_gn_fast
gn_0.txt,gn,0,135,0.6154,0.7512,0.75,PROTEINS,GIN,300,gn,proteins_gin_gn_fast
gn_0.txt,gn,0,136,0.6159,0.7852,0.75,PROTEINS,GIN,300,gn,proteins_gin_gn_fast
gn_0.txt,gn,0,137,0.6164,0.7602,0.7857,PROTEINS,GIN,300,gn,proteins_gin_gn_fast
gn_0.txt,gn,0,138,0.617,0.7053,0.6875,PROTEINS,GIN,300,gn,proteins_gin_gn_fast
gn_0.txt,gn,0,139,0.6174,0.7363,0.7411,PROTEINS,GIN,300,gn,proteins_gin_gn_fast
gn_0.txt,gn,0,140,0.618,0.7433,0.7411,PROTEINS,GIN,300,gn,proteins_gin_gn_fast
gn_0.txt,gn,0,141,0.6185,0.7792,0.75,PROTEINS,GIN,300,gn,proteins_gin_gn_fast
gn_0.txt,gn,0,142,0.619,0.7692,0.7411,PROTEINS,GIN,300,gn,proteins_gin_gn_fast
gn_0.txt,gn,0,143,0.6198,0.7802,0.7679,PROTEINS,GIN,300,gn,proteins_gin_gn_fast
gn_0.txt,gn,0,144,0.6204,0.7443,0.7321,PROTEINS,GIN,300,gn,proteins_gin_gn_fast
gn_0.txt,gn,0,145,0.621,0.7313,0.7054,PROTEINS,GIN,300,gn,proteins_gin_gn_fast
gn_0.txt,gn,0,146,0.6216,0.7433,0.7232,PROTEINS,GIN,300,gn,proteins_gin_gn_fast
gn_0.txt,gn,0,147,0.6222,0.7842,0.7679,PROTEINS,GIN,300,gn,proteins_gin_gn_fast
gn_0.txt,gn,0,148,0.6231,0.7532,0.75,PROTEINS,GIN,300,gn,proteins_gin_gn_fast
gn_0.txt,gn,0,149,0.6237,0.7502,0.75,PROTEINS,GIN,300,gn,proteins_gin_gn_fast
gn_0.txt,gn,0,150,0.6242,0.7782,0.7589,PROTEINS,GIN,300,gn,proteins_gin_gn_fast
gn_0.txt,gn,0,151,0.6257,0.7283,0.7411,PROTEINS,GIN,300,gn,proteins_gin_gn_fast
gn_0.txt,gn,0,152,0.6276,0.7093,0.7411,PROTEINS,GIN,300,gn,proteins_gin_gn_fast
gn_0.txt,gn,0,153,0.6288,0.7732,0.7411,PROTEINS,GIN,300,gn,proteins_gin_gn_fast
gn_0.txt,gn,0,154,0.63,0.7712,0.75,PROTEINS,GIN,300,gn,proteins_gin_gn_fast
gn_0.txt,gn,0,155,0.6312,0.7722,0.7411,PROTEINS,GIN,300,gn,proteins_gin_gn_fast
gn_0.txt,gn,0,156,0.632,0.7682,0.7411,PROTEINS,GIN,300,gn,proteins_gin_gn_fast
gn_0.txt,gn,0,157,0.6327,0.7642,0.75,PROTEINS,GIN,300,gn,proteins_gin_gn_fast
gn_0.txt,gn,0,158,0.6334,0.7393,0.75,PROTEINS,GIN,300,gn,proteins_gin_gn_fast
gn_0.txt,gn,0,159,0.634,0.7383,0.7411,PROTEINS,GIN,300,gn,proteins_gin_gn_fast
gn_0.txt,gn,0,160,0.6349,0.7542,0.75,PROTEINS,GIN,300,gn,proteins_gin_gn_fast
gn_0.txt,gn,0,161,0.6355,0.7782,0.7589,PROTEINS,GIN,300,gn,proteins_gin_gn_fast
gn_0.txt,gn,0,162,0.636,0.7512,0.7232,PROTEINS,GIN,300,gn,proteins_gin_gn_fast
gn_0.txt,gn,0,163,0.6367,0.7832,0.75,PROTEINS,GIN,300,gn,proteins_gin_gn_fast
gn_0.txt,gn,0,164,0.6374,0.7732,0.75,PROTEINS,GIN,300,gn,proteins_gin_gn_fast
gn_0.txt,gn,0,165,0.638,0.7842,0.7589,PROTEINS,GIN,300,gn,proteins_gin_gn_fast
gn_0.txt,gn,0,166,0.639,0.7922,0.7679,PROTEINS,GIN,300,gn,proteins_gin_gn_fast
gn_0.txt,gn,0,167,0.6396,0.7942,0.7768,PROTEINS,GIN,300,gn,proteins_gin_gn_fast
gn_0.txt,gn,0,168,0.6409,0.7762,0.75,PROTEINS,GIN,300,gn,proteins_gin_gn_fast
gn_0.txt,gn,0,169,0.6421,0.7812,0.7411,PROTEINS,GIN,300,gn,proteins_gin_gn_fast
gn_0.txt,gn,0,170,0.6428,0.7702,0.7321,PROTEINS,GIN,300,gn,proteins_gin_gn_fast
gn_0.txt,gn,0,171,0.6434,0.7672,0.7411,PROTEINS,GIN,300,gn,proteins_gin_gn_fast
gn_0.txt,gn,0,172,0.644,0.7732,0.75,PROTEINS,GIN,300,gn,proteins_gin_gn_fast
gn_0.txt,gn,0,173,0.6444,0.7822,0.75,PROTEINS,GIN,300,gn,proteins_gin_gn_fast
gn_0.txt,gn,0,174,0.6448,0.7862,0.75,PROTEINS,GIN,300,gn,proteins_gin_gn_fast
gn_0.txt,gn,0,175,0.6454,0.7133,0.7054,PROTEINS,GIN,300,gn,proteins_gin_gn_fast
gn_0.txt,gn,0,176,0.6458,0.7453,0.7411,PROTEINS,GIN,300,gn,proteins_gin_gn_fast
gn_0.txt,gn,0,177,0.6462,0.7682,0.7589,PROTEINS,GIN,300,gn,proteins_gin_gn_fast
gn_0.txt,gn,0,178,0.6466,0.7233,0.7232,PROTEINS,GIN,300,gn,proteins_gin_gn_fast
gn_0.txt,gn,0,179,0.6471,0.7483,0.75,PROTEINS,GIN,300,gn,proteins_gin_gn_fast
gn_0.txt,gn,0,180,0.6475,0.7812,0.7589,PROTEINS,GIN,300,gn,proteins_gin_gn_fast
gn_0.txt,gn,0,181,0.6479,0.7722,0.7589,PROTEINS,GIN,300,gn,proteins_gin_gn_fast
gn_0.txt,gn,0,182,0.6483,0.7852,0.7411,PROTEINS,GIN,300,gn,proteins_gin_gn_fast
gn_0.txt,gn,0,183,0.6491,0.7642,0.7589,PROTEINS,GIN,300,gn,proteins_gin_gn_fast
gn_0.txt,gn,0,184,0.6501,0.7892,0.7768,PROTEINS,GIN,300,gn,proteins_gin_gn_fast
gn_0.txt,gn,0,185,0.6505,0.7552,0.75,PROTEINS,GIN,300,gn,proteins_gin_gn_fast
gn_0.txt,gn,0,186,0.6511,0.7552,0.75,PROTEINS,GIN,300,gn,proteins_gin_gn_fast
gn_0.txt,gn,0,187,0.6517,0.7832,0.7679,PROTEINS,GIN,300,gn,proteins_gin_gn_fast
gn_0.txt,gn,0,188,0.6521,0.7682,0.7589,PROTEINS,GIN,300,gn,proteins_gin_gn_fast
gn_0.txt,gn,0,189,0.6526,0.7912,0.75,PROTEINS,GIN,300,gn,proteins_gin_gn_fast
gn_0.txt,gn,0,190,0.6531,0.7552,0.75,PROTEINS,GIN,300,gn,proteins_gin_gn_fast
gn_0.txt,gn,0,191,0.6534,0.7812,0.7679,PROTEINS,GIN,300,gn,proteins_gin_gn_fast
gn_0.txt,gn,0,192,0.6539,0.7842,0.7679,PROTEINS,GIN,300,gn,proteins_gin_gn_fast
gn_0.txt,gn,0,193,0.6544,0.7832,0.7589,PROTEINS,GIN,300,gn,proteins_gin_gn_fast
gn_0.txt,gn,0,194,0.6548,0.7752,0.7857,PROTEINS,GIN,300,gn,proteins_gin_gn_fast
gn_0.txt,gn,0,195,0.6553,0.7722,0.7768,PROTEINS,GIN,300,gn,proteins_gin_gn_fast
gn_0.txt,gn,0,196,0.6557,0.7173,0.7321,PROTEINS,GIN,300,gn,proteins_gin_gn_fast
gn_0.txt,gn,0,197,0.6561,0.7782,0.75,PROTEINS,GIN,300,gn,proteins_gin_gn_fast
gn_0.txt,gn,0,198,0.6565,0.7522,0.7411,PROTEINS,GIN,300,gn,proteins_gin_gn_fast
gn_0.txt,gn,0,199,0.6569,0.7862,0.7589,PROTEINS,GIN,300,gn,proteins_gin_gn_fast
gn_0.txt,gn,0,200,0.6574,0.7842,0.75,PROTEINS,GIN,300,gn,proteins_gin_gn_fast
gn_0.txt,gn,0,201,0.6578,0.7842,0.7589,PROTEINS,GIN,300,gn,proteins_gin_gn_fast
gn_0.txt,gn,0,202,0.6582,0.7822,0.7589,PROTEINS,GIN,300,gn,proteins_gin_gn_fast
gn_0.txt,gn,0,203,0.6586,0.7792,0.7946,PROTEINS,GIN,300,gn,proteins_gin_gn_fast
gn_0.txt,gn,0,204,0.659,0.7632,0.7679,PROTEINS,GIN,300,gn,proteins_gin_gn_fast
gn_0.txt,gn,0,205,0.6594,0.7902,0.7768,PROTEINS,GIN,300,gn,proteins_gin_gn_fast
gn_0.txt,gn,0,206,0.6597,0.7842,0.7679,PROTEINS,GIN,300,gn,proteins_gin_gn_fast
gn_0.txt,gn,0,207,0.6601,0.7393,0.75,PROTEINS,GIN,300,gn,proteins_gin_gn_fast
gn_0.txt,gn,0,208,0.6606,0.7532,0.75,PROTEINS,GIN,300,gn,proteins_gin_gn_fast
gn_0.txt,gn,0,209,0.6609,0.7682,0.7679,PROTEINS,GIN,300,gn,proteins_gin_gn_fast
gn_0.txt,gn,0,210,0.6613,0.7842,0.7768,PROTEINS,GIN,300,gn,proteins_gin_gn_fast
gn_0.txt,gn,0,211,0.6616,0.7642,0.7411,PROTEINS,GIN,300,gn,proteins_gin_gn_fast
gn_0.txt,gn,0,212,0.6621,0.7303,0.75,PROTEINS,GIN,300,gn,proteins_gin_gn_fast
gn_0.txt,gn,0,213,0.6625,0.7702,0.7679,PROTEINS,GIN,300,gn,proteins_gin_gn_fast
gn_0.txt,gn,0,214,0.6628,0.7502,0.7411,PROTEINS,GIN,300,gn,proteins_gin_gn_fast
gn_0.txt,gn,0,215,0.6633,0.7622,0.7679,PROTEINS,GIN,300,gn,proteins_gin_gn_fast
gn_0.txt,gn,0,216,0.6637,0.7672,0.7589,PROTEINS,GIN,300,gn,proteins_gin_gn_fast
gn_0.txt,gn,0,217,0.6641,0.7932,0.7768,PROTEINS,GIN,300,gn,proteins_gin_gn_fast
gn_0.txt,gn,0,218,0.6645,0.7892,0.7589,PROTEINS,GIN,300,gn,proteins_gin_gn_fast
gn_0.txt,gn,0,219,0.6649,0.7762,0.7679,PROTEINS,GIN,300,gn,proteins_gin_gn_fast
gn_0.txt,gn,0,220,0.6654,0.7902,0.7589,PROTEINS,GIN,300,gn,proteins_gin_gn_fast
gn_0.txt,gn,0,221,0.6666,0.7622,0.75,PROTEINS,GIN,300,gn,proteins_gin_gn_fast
gn_0.txt,gn,0,222,0.6672,0.7512,0.75,PROTEINS,GIN,300,gn,proteins_gin_gn_fast
gn_0.txt,gn,0,223,0.6677,0.7882,0.7946,PROTEINS,GIN,300,gn,proteins_gin_gn_fast
gn_0.txt,gn,0,224,0.668,0.7742,0.7768,PROTEINS,GIN,300,gn,proteins_gin_gn_fast
gn_0.txt,gn,0,225,0.6685,0.7702,0.7321,PROTEINS,GIN,300,gn,proteins_gin_gn_fast
gn_0.txt,gn,0,226,0.6688,0.7572,0.7321,PROTEINS,GIN,300,gn,proteins_gin_gn_fast
gn_0.txt,gn,0,227,0.669,0.7662,0.7232,PROTEINS,GIN,300,gn,proteins_gin_gn_fast
gn_0.txt,gn,0,228,0.6694,0.7562,0.75,PROTEINS,GIN,300,gn,proteins_gin_gn_fast
gn_0.txt,gn,0,229,0.6697,0.7802,0.7679,PROTEINS,GIN,300,gn,proteins_gin_gn_fast
gn_0.txt,gn,0,230,0.6701,0.7552,0.7143,PROTEINS,GIN,300,gn,proteins_gin_gn_fast
gn_0.txt,gn,0,231,0.6703,0.7612,0.7679,PROTEINS,GIN,300,gn,proteins_gin_gn_fast
gn_0.txt,gn,0,232,0.6706,0.7862,0.7589,PROTEINS,GIN,300,gn,proteins_gin_gn_fast
gn_0.txt,gn,0,233,0.6708,0.7822,0.7768,PROTEINS,GIN,300,gn,proteins_gin_gn_fast
gn_0.txt,gn,0,234,0.671,0.7772,0.75,PROTEINS,GIN,300,gn,proteins_gin_gn_fast
gn_0.txt,gn,0,235,0.6716,0.7712,0.75,PROTEINS,GIN,300,gn,proteins_gin_gn_fast
gn_0.txt,gn,0,236,0.6719,0.7393,0.7232,PROTEINS,GIN,300,gn,proteins_gin_gn_fast
gn_0.txt,gn,0,237,0.6727,0.7832,0.7679,PROTEINS,GIN,300,gn,proteins_gin_gn_fast
gn_0.txt,gn,0,238,0.673,0.7762,0.7679,PROTEINS,GIN,300,gn,proteins_gin_gn_fast
gn_0.txt,gn,0,239,0.6734,0.7702,0.7589,PROTEINS,GIN,300,gn,proteins_gin_gn_fast
gn_0.txt,gn,0,240,0.6738,0.7842,0.7589,PROTEINS,GIN,300,gn,proteins_gin_gn_fast
gn_0.txt,gn,0,241,0.674,0.7712,0.7589,PROTEINS,GIN,300,gn,proteins_gin_gn_fast
gn_0.txt,gn,0,242,0.6742,0.7822,0.7679,PROTEINS,GIN,300,gn,proteins_gin_gn_fast
gn_0.txt,gn,0,243,0.6744,0.7642,0.7589,PROTEINS,GIN,300,gn,proteins_gin_gn_fast
gn_0.txt,gn,0,244,0.6747,0.7493,0.7232,PROTEINS,GIN,300,gn,proteins_gin_gn_fast
gn_0.txt,gn,0,245,0.6749,0.7782,0.7679,PROTEINS,GIN,300,gn,proteins_gin_gn_fast
gn_0.txt,gn,0,246,0.6751,0.7842,0.7679,PROTEINS,GIN,300,gn,proteins_gin_gn_fast
gn_0.txt,gn,0,247,0.6758,0.7702,0.7679,PROTEINS,GIN,300,gn,proteins_gin_gn_fast
gn_0.txt,gn,0,248,0.677,0.7862,0.7589,PROTEINS,GIN,300,gn,proteins_gin_gn_fast
gn_0.txt,gn,0,249,0.6786,0.7872,0.7768,PROTEINS,GIN,300,gn,proteins_gin_gn_fast
gn_0.txt,gn,0,250,0.6794,0.7922,0.7679,PROTEINS,GIN,300,gn,proteins_gin_gn_fast
gn_0.txt,gn,0,251,0.6796,0.7742,0.7589,PROTEINS,GIN,300,gn,proteins_gin_gn_fast
gn_0.txt,gn,0,252,0.6797,0.7872,0.7589,PROTEINS,GIN,300,gn,proteins_gin_gn_fast
gn_0.txt,gn,0,253,0.6797,0.7493,0.7411,PROTEINS,GIN,300,gn,proteins_gin_gn_fast
gn_0.txt,gn,0,254,0.6797,0.7732,0.7679,PROTEINS,GIN,300,gn,proteins_gin_gn_fast
gn_0.txt,gn,0,255,0.6797,0.7712,0.7679,PROTEINS,GIN,300,gn,proteins_gin_gn_fast
gn_0.txt,gn,0,256,0.6798,0.7562,0.7589,PROTEINS,GIN,300,gn,proteins_gin_gn_fast
gn_0.txt,gn,0,257,0.6798,0.7922,0.7679,PROTEINS,GIN,300,gn,proteins_gin_gn_fast
gn_0.txt,gn,0,258,0.6799,0.7802,0.7589,PROTEINS,GIN,300,gn,proteins_gin_gn_fast
gn_0.txt,gn,0,259,0.6799,0.7792,0.7679,PROTEINS,GIN,300,gn,proteins_gin_gn_fast
gn_0.txt,gn,0,260,0.68,0.7772,0.7589,PROTEINS,GIN,300,gn,proteins_gin_gn_fast
gn_0.txt,gn,0,261,0.68,0.7872,0.7768,PROTEINS,GIN,300,gn,proteins_gin_gn_fast
gn_0.txt,gn,0,262,0.68,0.7712,0.75,PROTEINS,GIN,300,gn,proteins_gin_gn_fast
gn_0.txt,gn,0,263,0.6801,0.7852,0.7679,PROTEINS,GIN,300,gn,proteins_gin_gn_fast
gn_0.txt,gn,0,264,0.6801,0.7872,0.7768,PROTEINS,GIN,300,gn,proteins_gin_gn_fast
gn_0.txt,gn,0,265,0.6801,0.7702,0.7679,PROTEINS,GIN,300,gn,proteins_gin_gn_fast
gn_0.txt,gn,0,266,0.6803,0.7842,0.7589,PROTEINS,GIN,300,gn,proteins_gin_gn_fast
gn_0.txt,gn,0,267,0.6803,0.7822,0.7589,PROTEINS,GIN,300,gn,proteins_gin_gn_fast
gn_0.txt,gn,0,268,0.6803,0.7682,0.7321,PROTEINS,GIN,300,gn,proteins_gin_gn_fast
gn_0.txt,gn,0,269,0.6804,0.7802,0.7946,PROTEINS,GIN,300,gn,proteins_gin_gn_fast
gn_0.txt,gn,0,270,0.6805,0.7632,0.7589,PROTEINS,GIN,300,gn,proteins_gin_gn_fast
gn_0.txt,gn,0,271,0.6805,0.7742,0.7768,PROTEINS,GIN,300,gn,proteins_gin_gn_fast
gn_0.txt,gn,0,272,0.6806,0.7912,0.7679,PROTEINS,GIN,300,gn,proteins_gin_gn_fast
gn_0.txt,gn,0,273,0.6806,0.7892,0.7679,PROTEINS,GIN,300,gn,proteins_gin_gn_fast
gn_0.txt,gn,0,274,0.6806,0.7842,0.7857,PROTEINS,GIN,300,gn,proteins_gin_gn_fast
gn_0.txt,gn,0,275,0.6807,0.7852,0.7679,PROTEINS,GIN,300,gn,proteins_gin_gn_fast
gn_0.txt,gn,0,276,0.6808,0.7842,0.7589,PROTEINS,GIN,300,gn,proteins_gin_gn_fast
gn_0.txt,gn,0,277,0.6808,0.7892,0.7857,PROTEINS,GIN,300,gn,proteins_gin_gn_fast
gn_0.txt,gn,0,278,0.6809,0.7872,0.7589,PROTEINS,GIN,300,gn,proteins_gin_gn_fast
gn_0.txt,gn,0,279,0.6809,0.7852,0.7679,PROTEINS,GIN,300,gn,proteins_gin_gn_fast
gn_0.txt,gn,0,280,0.681,0.7812,0.7857,PROTEINS,GIN,300,gn,proteins_gin_gn_fast
gn_0.txt,gn,0,281,0.681,0.7832,0.7768,PROTEINS,GIN,300,gn,proteins_gin_gn_fast
gn_0.txt,gn,0,282,0.681,0.7852,0.7857,PROTEINS,GIN,300,gn,proteins_gin_gn_fast
gn_0.txt,gn,0,283,0.6811,0.7822,0.7857,PROTEINS,GIN,300,gn,proteins_gin_gn_fast
gn_0.txt,gn,0,284,0.6812,0.7932,0.7857,PROTEINS,GIN,300,gn,proteins_gin_gn_fast
gn_0.txt,gn,0,285,0.6813,0.7852,0.7679,PROTEINS,GIN,300,gn,proteins_gin_gn_fast
gn_0.txt,gn,0,286,0.6813,0.7812,0.7589,PROTEINS,GIN,300,gn,proteins_gin_gn_fast
gn_0.txt,gn,0,287,0.6814,0.7912,0.7946,PROTEINS,GIN,300,gn,proteins_gin_gn_fast
gn_0.txt,gn,0,288,0.6814,0.7872,0.7768,PROTEINS,GIN,300,gn,proteins_gin_gn_fast
gn_0.txt,gn,0,289,0.6814,0.7872,0.7589,PROTEINS,GIN,300,gn,proteins_gin_gn_fast
gn_0.txt,gn,0,290,0.6814,0.7832,0.7679,PROTEINS,GIN,300,gn,proteins_gin_gn_fast
gn_0.txt,gn,0,291,0.6815,0.7872,0.7768,PROTEINS,GIN,300,gn,proteins_gin_gn_fast
gn_0.txt,gn,0,292,0.6814,0.7822,0.7768,PROTEINS,GIN,300,gn,proteins_gin_gn_fast
gn_0.txt,gn,0,293,0.6819,0.7862,0.7679,PROTEINS,GIN,300,gn,proteins_gin_gn_fast
gn_0.txt,gn,0,294,0.6821,0.7792,0.7679,PROTEINS,GIN,300,gn,proteins_gin_gn_fast
gn_0.txt,gn,0,295,0.6822,0.7802,0.7589,PROTEINS,GIN,300,gn,proteins_gin_gn_fast
gn_0.txt,gn,0,296,0.6824,0.7822,0.7589,PROTEINS,GIN,300,gn,proteins_gin_gn_fast
gn_0.txt,gn,0,297,0.6826,0.7822,0.7768,PROTEINS,GIN,300,gn,proteins_gin_gn_fast
gn_0.txt,gn,0,298,0.6834,0.7822,0.7679,PROTEINS,GIN,300,gn,proteins_gin_gn_fast
gn_0.txt,gn,0,299,0.6839,0.7822,0.7589,PROTEINS,GIN,300,gn,proteins_gin_gn_fast
gn_0.txt,gn,0,300,0.6842,0.7812,0.7679,PROTEINS,GIN,300,gn,proteins_gin_gn_fast
gn_1.txt,gn,1,1,0.6326,0.4046,0.4018,PROTEINS,GIN,300,gn,proteins_gin_gn_fast
gn_1.txt,gn,1,2,0.6269,0.6593,0.625,PROTEINS,GIN,300,gn,proteins_gin_gn_fast
gn_1.txt,gn,1,3,0.6268,0.6104,0.5982,PROTEINS,GIN,300,gn,proteins_gin_gn_fast
gn_1.txt,gn,1,4,0.6291,0.6114,0.5982,PROTEINS,GIN,300,gn,proteins_gin_gn_fast
gn_1.txt,gn,1,5,0.6292,0.6703,0.6518,PROTEINS,GIN,300,gn,proteins_gin_gn_fast
gn_1.txt,gn,1,6,0.6282,0.6873,0.6964,PROTEINS,GIN,300,gn,proteins_gin_gn_fast
gn_1.txt,gn,1,7,0.628,0.7233,0.7411,PROTEINS,GIN,300,gn,proteins_gin_gn_fast
gn_1.txt,gn,1,8,0.6304,0.7512,0.7411,PROTEINS,GIN,300,gn,proteins_gin_gn_fast
gn_1.txt,gn,1,9,0.6305,0.7562,0.75,PROTEINS,GIN,300,gn,proteins_gin_gn_fast
gn_1.txt,gn,1,10,0.6314,0.6024,0.5982,PROTEINS,GIN,300,gn,proteins_gin_gn_fast
gn_1.txt,gn,1,11,0.6314,0.7423,0.6964,PROTEINS,GIN,300,gn,proteins_gin_gn_fast
gn_1.txt,gn,1,12,0.6317,0.7013,0.7143,PROTEINS,GIN,300,gn,proteins_gin_gn_fast
gn_1.txt,gn,1,13,0.6322,0.6593,0.6518,PROTEINS,GIN,300,gn,proteins_gin_gn_fast
gn_1.txt,gn,1,14,0.633,0.7493,0.7054,PROTEINS,GIN,300,gn,proteins_gin_gn_fast
gn_1.txt,gn,1,15,0.6332,0.7652,0.7321,PROTEINS,GIN,300,gn,proteins_gin_gn_fast
gn_1.txt,gn,1,16,0.6338,0.7343,0.7679,PROTEINS,GIN,300,gn,proteins_gin_gn_fast
gn_1.txt,gn,1,17,0.6338,0.7522,0.7143,PROTEINS,GIN,300,gn,proteins_gin_gn_fast
gn_1.txt,gn,1,18,0.6342,0.7053,0.6875,PROTEINS,GIN,300,gn,proteins_gin_gn_fast
gn_1.txt,gn,1,19,0.634,0.7662,0.7411,PROTEINS,GIN,300,gn,proteins_gin_gn_fast
gn_1.txt,gn,1,20,0.6339,0.4276,0.4286,PROTEINS,GIN,300,gn,proteins_gin_gn_fast
gn_1.txt,gn,1,21,0.635,0.6134,0.6071,PROTEINS,GIN,300,gn,proteins_gin_gn_fast
gn_1.txt,gn,1,22,0.6357,0.7423,0.7411,PROTEINS,GIN,300,gn,proteins_gin_gn_fast
gn_1.txt,gn,1,23,0.6401,0.7243,0.7411,PROTEINS,GIN,300,gn,proteins_gin_gn_fast
gn_1.txt,gn,1,24,0.6418,0.7153,0.7232,PROTEINS,GIN,300,gn,proteins_gin_gn_fast
gn_1.txt,gn,1,25,0.6423,0.6983,0.6786,PROTEINS,GIN,300,gn,proteins_gin_gn_fast
gn_1.txt,gn,1,26,0.6427,0.7043,0.6875,PROTEINS,GIN,300,gn,proteins_gin_gn_fast
gn_1.txt,gn,1,27,0.643,0.7353,0.75,PROTEINS,GIN,300,gn,proteins_gin_gn_fast
gn_1.txt,gn,1,28,0.6435,0.6953,0.7054,PROTEINS,GIN,300,gn,proteins_gin_gn_fast
gn_1.txt,gn,1,29,0.6437,0.6893,0.7054,PROTEINS,GIN,300,gn,proteins_gin_gn_fast
gn_1.txt,gn,1,30,0.6442,0.7103,0.7054,PROTEINS,GIN,300,gn,proteins_gin_gn_fast
gn_1.txt,gn,1,31,0.6443,0.7782,0.75,PROTEINS,GIN,300,gn,proteins_gin_gn_fast
gn_1.txt,gn,1,32,0.6444,0.7742,0.7768,PROTEINS,GIN,300,gn,proteins_gin_gn_fast
gn_1.txt,gn,1,33,0.6445,0.7213,0.7143,PROTEINS,GIN,300,gn,proteins_gin_gn_fast
gn_1.txt,gn,1,34,0.6445,0.6264,0.6161,PROTEINS,GIN,300,gn,proteins_gin_gn_fast
gn_1.txt,gn,1,35,0.6451,0.6154,0.6161,PROTEINS,GIN,300,gn,proteins_gin_gn_fast
gn_1.txt,gn,1,36,0.6452,0.7273,0.7589,PROTEINS,GIN,300,gn,proteins_gin_gn_fast
gn_1.txt,gn,1,37,0.6454,0.5724,0.6071,PROTEINS,GIN,300,gn,proteins_gin_gn_fast
gn_1.txt,gn,1,38,0.6456,0.7622,0.7768,PROTEINS,GIN,300,gn,proteins_gin_gn_fast
gn_1.txt,gn,1,39,0.6456,0.6723,0.6429,PROTEINS,GIN,300,gn,proteins_gin_gn_fast
gn_1.txt,gn,1,40,0.646,0.7662,0.7232,PROTEINS,GIN,300,gn,proteins_gin_gn_fast
gn_1.txt,gn,1,41,0.6463,0.7622,0.7857,PROTEINS,GIN,300,gn,proteins_gin_gn_fast
gn_1.txt,gn,1,42,0.6465,0.7263,0.7321,PROTEINS,GIN,300,gn,proteins_gin_gn_fast
gn_1.txt,gn,1,43,0.6472,0.4995,0.4821,PROTEINS,GIN,300,gn,proteins_gin_gn_fast
gn_1.txt,gn,1,44,0.6474,0.7672,0.7232,PROTEINS,GIN,300,gn,proteins_gin_gn_fast
gn_1.txt,gn,1,45,0.648,0.7542,0.7143,PROTEINS,GIN,300,gn,proteins_gin_gn_fast
gn_1.txt,gn,1,46,0.6482,0.7652,0.7768,PROTEINS,GIN,300,gn,proteins_gin_gn_fast
gn_1.txt,gn,1,47,0.6483,0.6823,0.6786,PROTEINS,GIN,300,gn,proteins_gin_gn_fast
gn_1.txt,gn,1,48,0.6483,0.7253,0.7143,PROTEINS,GIN,300,gn,proteins_gin_gn_fast
gn_1.txt,gn,1,49,0.6489,0.7622,0.7321,PROTEINS,GIN,300,gn,proteins_gin_gn_fast
gn_1.txt,gn,1,50,0.649,0.7493,0.7679,PROTEINS,GIN,300,gn,proteins_gin_gn_fast
gn_1.txt,gn,1,51,0.649,0.5794,0.5536,PROTEINS,GIN,300,gn,proteins_gin_gn_fast
gn_1.txt,gn,1,52,0.649,0.7423,0.7589,PROTEINS,GIN,300,gn,proteins_gin_gn_fast
gn_1.txt,gn,1,53,0.6501,0.7043,0.7232,PROTEINS,GIN,300,gn,proteins_gin_gn_fast
gn_1.txt,gn,1,54,0.6501,0.6593,0.7054,PROTEINS,GIN,300,gn,proteins_gin_gn_fast
gn_1.txt,gn,1,55,0.6503,0.6833,0.7232,PROTEINS,GIN,300,gn,proteins_gin_gn_fast
gn_1.txt,gn,1,56,0.6504,0.7433,0.7411,PROTEINS,GIN,300,gn,proteins_gin_gn_fast
gn_1.txt,gn,1,57,0.6507,0.5225,0.5,PROTEINS,GIN,300,gn,proteins_gin_gn_fast
gn_1.txt,gn,1,58,0.6509,0.6873,0.7054,PROTEINS,GIN,300,gn,proteins_gin_gn_fast
gn_1.txt,gn,1,59,0.6512,0.5574,0.5804,PROTEINS,GIN,300,gn,proteins_gin_gn_fast
gn_1.txt,gn,1,60,0.6515,0.7233,0.7411,PROTEINS,GIN,300,gn,proteins_gin_gn_fast
gn_1.txt,gn,1,61,0.6517,0.7433,0.7589,PROTEINS,GIN,300,gn,proteins_gin_gn_fast
gn_1.txt,gn,1,62,0.6526,0.7463,0.8036,PROTEINS,GIN,300,gn,proteins_gin_gn_fast
gn_1.txt,gn,1,63,0.6527,0.6783,0.7054,PROTEINS,GIN,300,gn,proteins_gin_gn_fast
gn_1.txt,gn,1,64,0.653,0.6903,0.7143,PROTEINS,GIN,300,gn,proteins_gin_gn_fast
gn_1.txt,gn,1,65,0.6532,0.6753,0.6786,PROTEINS,GIN,300,gn,proteins_gin_gn_fast
gn_1.txt,gn,1,66,0.6534,0.7572,0.7589,PROTEINS,GIN,300,gn,proteins_gin_gn_fast
gn_1.txt,gn,1,67,0.6543,0.7423,0.7679,PROTEINS,GIN,300,gn,proteins_gin_gn_fast
gn_1.txt,gn,1,68,0.6546,0.7722,0.7946,PROTEINS,GIN,300,gn,proteins_gin_gn_fast
gn_1.txt,gn,1,69,0.6552,0.7652,0.7946,PROTEINS,GIN,300,gn,proteins_gin_gn_fast
gn_1.txt,gn,1,70,0.6555,0.7542,0.7946,PROTEINS,GIN,300,gn,proteins_gin_gn_fast
gn_1.txt,gn,1,71,0.6558,0.7682,0.7768,PROTEINS,GIN,300,gn,proteins_gin_gn_fast
gn_1.txt,gn,1,72,0.656,0.6384,0.6161,PROTEINS,GIN,300,gn,proteins_gin_gn_fast
gn_1.txt,gn,1,73,0.6562,0.7383,0.7411,PROTEINS,GIN,300,gn,proteins_gin_gn_fast
gn_1.txt,gn,1,74,0.6563,0.7572,0.7768,PROTEINS,GIN,300,gn,proteins_gin_gn_fast
gn_1.txt,gn,1,75,0.6567,0.7502,0.7857,PROTEINS,GIN,300,gn,proteins_gin_gn_fast
gn_1.txt,gn,1,76,0.6572,0.7622,0.8036,PROTEINS,GIN,300,gn,proteins_gin_gn_fast
gn_1.txt,gn,1,77,0.6576,0.7203,0.7411,PROTEINS,GIN,300,gn,proteins_gin_gn_fast
gn_1.txt,gn,1,78,0.6579,0.7463,0.7679,PROTEINS,GIN,300,gn,proteins_gin_gn_fast
gn_1.txt,gn,1,79,0.6583,0.6983,0.6964,PROTEINS,GIN,300,gn,proteins_gin_gn_fast
gn_1.txt,gn,1,80,0.6588,0.7393,0.7321,PROTEINS,GIN,300,gn,proteins_gin_gn_fast
gn_1.txt,gn,1,81,0.659,0.7612,0.7946,PROTEINS,GIN,300,gn,proteins_gin_gn_fast
gn_1.txt,gn,1,82,0.6593,0.7582,0.8036,PROTEINS,GIN,300,gn,proteins_gin_gn_fast
gn_1.txt,gn,1,83,0.6597,0.7632,0.8036,PROTEINS,GIN,300,gn,proteins_gin_gn_fast
gn_1.txt,gn,1,84,0.66,0.7612,0.7589,PROTEINS,GIN,300,gn,proteins_gin_gn_fast
gn_1.txt,gn,1,85,0.6604,0.7193,0.6964,PROTEINS,GIN,300,gn,proteins_gin_gn_fast
gn_1.txt,gn,1,86,0.6611,0.7463,0.7679,PROTEINS,GIN,300,gn,proteins_gin_gn_fast
gn_1.txt,gn,1,87,0.6615,0.7772,0.8125,PROTEINS,GIN,300,gn,proteins_gin_gn_fast
gn_1.txt,gn,1,88,0.6617,0.6494,0.6696,PROTEINS,GIN,300,gn,proteins_gin_gn_fast
gn_1.txt,gn,1,89,0.6625,0.7003,0.7143,PROTEINS,GIN,300,gn,proteins_gin_gn_fast
gn_1.txt,gn,1,90,0.6629,0.7792,0.8125,PROTEINS,GIN,300,gn,proteins_gin_gn_fast
gn_1.txt,gn,1,91,0.6632,0.7692,0.7946,PROTEINS,GIN,300,gn,proteins_gin_gn_fast
gn_1.txt,gn,1,92,0.6635,0.6833,0.6875,PROTEINS,GIN,300,gn,proteins_gin_gn_fast
gn_1.txt,gn,1,93,0.6639,0.7702,0.8214,PROTEINS,GIN,300,gn,proteins_gin_gn_fast
gn_1.txt,gn,1,94,0.6643,0.7263,0.75,PROTEINS,GIN,300,gn,proteins_gin_gn_fast
gn_1.txt,gn,1,95,0.6646,0.7712,0.8125,PROTEINS,GIN,300,gn,proteins_gin_gn_fast
gn_1.txt,gn,1,96,0.6648,0.7572,0.7946,PROTEINS,GIN,300,gn,proteins_gin_gn_fast
gn_1.txt,gn,1,97,0.665,0.7542,0.8036,PROTEINS,GIN,300,gn,proteins_gin_gn_fast
gn_1.txt,gn,1,98,0.6652,0.7243,0.7411,PROTEINS,GIN,300,gn,proteins_gin_gn_fast
gn_1.txt,gn,1,99,0.6654,0.7572,0.7946,PROTEINS,GIN,300,gn,proteins_gin_gn_fast
gn_1.txt,gn,1,100,0.6656,0.6983,0.6786,PROTEINS,GIN,300,gn,proteins_gin_gn_fast
gn_1.txt,gn,1,101,0.6662,0.7742,0.8214,PROTEINS,GIN,300,gn,proteins_gin_gn_fast
gn_1.txt,gn,1,102,0.6664,0.7682,0.7946,PROTEINS,GIN,300,gn,proteins_gin_gn_fast
gn_1.txt,gn,1,103,0.6667,0.7413,0.7857,PROTEINS,GIN,300,gn,proteins_gin_gn_fast
gn_1.txt,gn,1,104,0.6668,0.7473,0.7768,PROTEINS,GIN,300,gn,proteins_gin_gn_fast
gn_1.txt,gn,1,105,0.6669,0.7283,0.7232,PROTEINS,GIN,300,gn,proteins_gin_gn_fast
gn_1.txt,gn,1,106,0.6672,0.7393,0.75,PROTEINS,GIN,300,gn,proteins_gin_gn_fast
gn_1.txt,gn,1,107,0.6673,0.7742,0.7946,PROTEINS,GIN,300,gn,proteins_gin_gn_fast
gn_1.txt,gn,1,108,0.6676,0.7762,0.7857,PROTEINS,GIN,300,gn,proteins_gin_gn_fast
gn_1.txt,gn,1,109,0.668,0.7682,0.8125,PROTEINS,GIN,300,gn,proteins_gin_gn_fast
gn_1.txt,gn,1,110,0.6683,0.7493,0.7768,PROTEINS,GIN,300,gn,proteins_gin_gn_fast
gn_1.txt,gn,1,111,0.6684,0.6793,0.6964,PROTEINS,GIN,300,gn,proteins_gin_gn_fast
gn_1.txt,gn,1,112,0.6686,0.7223,0.75,PROTEINS,GIN,300,gn,proteins_gin_gn_fast
gn_1.txt,gn,1,113,0.6688,0.7692,0.8036,PROTEINS,GIN,300,gn,proteins_gin_gn_fast
gn_1.txt,gn,1,114,0.6692,0.7323,0.75,PROTEINS,GIN,300,gn,proteins_gin_gn_fast
gn_1.txt,gn,1,115,0.6694,0.7003,0.7143,PROTEINS,GIN,300,gn,proteins_gin_gn_fast
gn_1.txt,gn,1,116,0.6696,0.7313,0.7321,PROTEINS,GIN,300,gn,proteins_gin_gn_fast
gn_1.txt,gn,1,117,0.6698,0.7672,0.7857,PROTEINS,GIN,300,gn,proteins_gin_gn_fast
gn_1.txt,gn,1,118,0.6702,0.7532,0.7768,PROTEINS,GIN,300,gn,proteins_gin_gn_fast
gn_1.txt,gn,1,119,0.6706,0.7762,0.7768,PROTEINS,GIN,300,gn,proteins_gin_gn_fast
gn_1.txt,gn,1,120,0.6708,0.6543,0.625,PROTEINS,GIN,300,gn,proteins_gin_gn_fast
gn_1.txt,gn,1,121,0.671,0.7223,0.75,PROTEINS,GIN,300,gn,proteins_gin_gn_fast
gn_1.txt,gn,1,122,0.6712,0.7742,0.7946,PROTEINS,GIN,300,gn,proteins_gin_gn_fast
gn_1.txt,gn,1,123,0.6713,0.7373,0.7679,PROTEINS,GIN,300,gn,proteins_gin_gn_fast
gn_1.txt,gn,1,124,0.6714,0.7602,0.7768,PROTEINS,GIN,300,gn,proteins_gin_gn_fast
gn_1.txt,gn,1,125,0.6717,0.7323,0.75,PROTEINS,GIN,300,gn,proteins_gin_gn_fast
gn_1.txt,gn,1,126,0.6718,0.7562,0.7589,PROTEINS,GIN,300,gn,proteins_gin_gn_fast
gn_1.txt,gn,1,127,0.6721,0.7333,0.75,PROTEINS,GIN,300,gn,proteins_gin_gn_fast
gn_1.txt,gn,1,128,0.6723,0.7762,0.7946,PROTEINS,GIN,300,gn,proteins_gin_gn_fast
gn_1.txt,gn,1,129,0.6724,0.7662,0.7857,PROTEINS,GIN,300,gn,proteins_gin_gn_fast
gn_1.txt,gn,1,130,0.6725,0.7542,0.7679,PROTEINS,GIN,300,gn,proteins_gin_gn_fast
gn_1.txt,gn,1,131,0.6734,0.7632,0.7679,PROTEINS,GIN,300,gn,proteins_gin_gn_fast
gn_1.txt,gn,1,132,0.6738,0.7053,0.7411,PROTEINS,GIN,300,gn,proteins_gin_gn_fast
gn_1.txt,gn,1,133,0.6745,0.7652,0.7679,PROTEINS,GIN,300,gn,proteins_gin_gn_fast
gn_1.txt,gn,1,134,0.6758,0.7373,0.7589,PROTEINS,GIN,300,gn,proteins_gin_gn_fast
gn_1.txt,gn,1,135,0.6764,0.7772,0.8036,PROTEINS,GIN,300,gn,proteins_gin_gn_fast
gn_1.txt,gn,1,136,0.6771,0.7453,0.75,PROTEINS,GIN,300,gn,proteins_gin_gn_fast
gn_1.txt,gn,1,137,0.6781,0.7822,0.7768,PROTEINS,GIN,300,gn,proteins_gin_gn_fast
gn_1.txt,gn,1,138,0.6785,0.7672,0.7589,PROTEINS,GIN,300,gn,proteins_gin_gn_fast
gn_1.txt,gn,1,139,0.6786,0.7223,0.7321,PROTEINS,GIN,300,gn,proteins_gin_gn_fast
gn_1.txt,gn,1,140,0.6785,0.7722,0.75,PROTEINS,GIN,300,gn,proteins_gin_gn_fast
gn_1.txt,gn,1,141,0.6784,0.7253,0.75,PROTEINS,GIN,300,gn,proteins_gin_gn_fast
gn_1.txt,gn,1,142,0.6782,0.7502,0.7679,PROTEINS,GIN,300,gn,proteins_gin_gn_fast
gn_1.txt,gn,1,143,0.6782,0.7353,0.7589,PROTEINS,GIN,300,gn,proteins_gin_gn_fast
gn_1.txt,gn,1,144,0.6781,0.7562,0.7857,PROTEINS,GIN,300,gn,proteins_gin_gn_fast
gn_1.txt,gn,1,145,0.678,0.7642,0.8036,PROTEINS,GIN,300,gn,proteins_gin_gn_fast
gn_1.txt,gn,1,146,0.6778,0.7383,0.75,PROTEINS,GIN,300,gn,proteins_gin_gn_fast
gn_1.txt,gn,1,147,0.6777,0.7502,0.7768,PROTEINS,GIN,300,gn,proteins_gin_gn_fast
gn_1.txt,gn,1,148,0.6776,0.7612,0.8036,PROTEINS,GIN,300,gn,proteins_gin_gn_fast
gn_1.txt,gn,1,149,0.6775,0.7642,0.7857,PROTEINS,GIN,300,gn,proteins_gin_gn_fast
gn_1.txt,gn,1,150,0.6773,0.7443,0.7679,PROTEINS,GIN,300,gn,proteins_gin_gn_fast
gn_1.txt,gn,1,151,0.6772,0.6863,0.6875,PROTEINS,GIN,300,gn,proteins_gin_gn_fast
gn_1.txt,gn,1,152,0.6771,0.7053,0.7232,PROTEINS,GIN,300,gn,proteins_gin_gn_fast
gn_1.txt,gn,1,153,0.6773,0.7493,0.75,PROTEINS,GIN,300,gn,proteins_gin_gn_fast
gn_1.txt,gn,1,154,0.6773,0.7512,0.7946,PROTEINS,GIN,300,gn,proteins_gin_gn_fast
gn_1.txt,gn,1,155,0.6774,0.7433,0.7589,PROTEINS,GIN,300,gn,proteins_gin_gn_fast
gn_1.txt,gn,1,156,0.6777,0.7483,0.7679,PROTEINS,GIN,300,gn,proteins_gin_gn_fast
gn_1.txt,gn,1,157,0.6795,0.7493,0.7857,PROTEINS,GIN,300,gn,proteins_gin_gn_fast
gn_1.txt,gn,1,158,0.6807,0.7762,0.7857,PROTEINS,GIN,300,gn,proteins_gin_gn_fast
gn_1.txt,gn,1,159,0.6813,0.7702,0.7946,PROTEINS,GIN,300,gn,proteins_gin_gn_fast
gn_1.txt,gn,1,160,0.6835,0.7882,0.7679,PROTEINS,GIN,300,gn,proteins_gin_gn_fast
gn_1.txt,gn,1,161,0.6842,0.7672,0.7679,PROTEINS,GIN,300,gn,proteins_gin_gn_fast
gn_1.txt,gn,1,162,0.6843,0.7473,0.7679,PROTEINS,GIN,300,gn,proteins_gin_gn_fast
gn_1.txt,gn,1,163,0.6845,0.7672,0.8036,PROTEINS,GIN,300,gn,proteins_gin_gn_fast
gn_1.txt,gn,1,164,0.6845,0.7542,0.7589,PROTEINS,GIN,300,gn,proteins_gin_gn_fast
gn_1.txt,gn,1,165,0.6847,0.7463,0.7679,PROTEINS,GIN,300,gn,proteins_gin_gn_fast
gn_1.txt,gn,1,166,0.6847,0.7702,0.7679,PROTEINS,GIN,300,gn,proteins_gin_gn_fast
gn_1.txt,gn,1,167,0.6847,0.7542,0.7857,PROTEINS,GIN,300,gn,proteins_gin_gn_fast
gn_1.txt,gn,1,168,0.685,0.7502,0.7857,PROTEINS,GIN,300,gn,proteins_gin_gn_fast
gn_1.txt,gn,1,169,0.6852,0.7642,0.7679,PROTEINS,GIN,300,gn,proteins_gin_gn_fast
gn_1.txt,gn,1,170,0.6867,0.7652,0.7679,PROTEINS,GIN,300,gn,proteins_gin_gn_fast
gn_1.txt,gn,1,171,0.6883,0.7453,0.75,PROTEINS,GIN,300,gn,proteins_gin_gn_fast
gn_1.txt,gn,1,172,0.6898,0.7512,0.8036,PROTEINS,GIN,300,gn,proteins_gin_gn_fast
gn_1.txt,gn,1,173,0.6911,0.7652,0.7946,PROTEINS,GIN,300,gn,proteins_gin_gn_fast
gn_1.txt,gn,1,174,0.6915,0.7712,0.7679,PROTEINS,GIN,300,gn,proteins_gin_gn_fast
gn_1.txt,gn,1,175,0.692,0.7752,0.7946,PROTEINS,GIN,300,gn,proteins_gin_gn_fast
gn_1.txt,gn,1,176,0.6923,0.7742,0.8036,PROTEINS,GIN,300,gn,proteins_gin_gn_fast
gn_1.txt,gn,1,177,0.6922,0.7473,0.75,PROTEINS,GIN,300,gn,proteins_gin_gn_fast
gn_1.txt,gn,1,178,0.6922,0.7742,0.7679,PROTEINS,GIN,300,gn,proteins_gin_gn_fast
gn_1.txt,gn,1,179,0.6922,0.7293,0.7321,PROTEINS,GIN,300,gn,proteins_gin_gn_fast
gn_1.txt,gn,1,180,0.6921,0.7473,0.7679,PROTEINS,GIN,300,gn,proteins_gin_gn_fast
gn_1.txt,gn,1,181,0.692,0.7682,0.7768,PROTEINS,GIN,300,gn,proteins_gin_gn_fast
gn_1.txt,gn,1,182,0.6919,0.7682,0.7679,PROTEINS,GIN,300,gn,proteins_gin_gn_fast
gn_1.txt,gn,1,183,0.6919,0.7682,0.7679,PROTEINS,GIN,300,gn,proteins_gin_gn_fast
gn_1.txt,gn,1,184,0.6918,0.7762,0.7679,PROTEINS,GIN,300,gn,proteins_gin_gn_fast
gn_1.txt,gn,1,185,0.6919,0.7662,0.7946,PROTEINS,GIN,300,gn,proteins_gin_gn_fast
gn_1.txt,gn,1,186,0.6922,0.7502,0.7411,PROTEINS,GIN,300,gn,proteins_gin_gn_fast
gn_1.txt,gn,1,187,0.6923,0.7652,0.75,PROTEINS,GIN,300,gn,proteins_gin_gn_fast
gn_1.txt,gn,1,188,0.6925,0.7672,0.7946,PROTEINS,GIN,300,gn,proteins_gin_gn_fast
gn_1.txt,gn,1,189,0.6926,0.7732,0.7679,PROTEINS,GIN,300,gn,proteins_gin_gn_fast
gn_1.txt,gn,1,190,0.6926,0.7752,0.7857,PROTEINS,GIN,300,gn,proteins_gin_gn_fast
gn_1.txt,gn,1,191,0.6926,0.7173,0.7232,PROTEINS,GIN,300,gn,proteins_gin_gn_fast
gn_1.txt,gn,1,192,0.6926,0.7652,0.7768,PROTEINS,GIN,300,gn,proteins_gin_gn_fast
gn_1.txt,gn,1,193,0.6926,0.7702,0.7679,PROTEINS,GIN,300,gn,proteins_gin_gn_fast
gn_1.txt,gn,1,194,0.6925,0.7782,0.7679,PROTEINS,GIN,300,gn,proteins_gin_gn_fast
gn_1.txt,gn,1,195,0.6925,0.7682,0.7589,PROTEINS,GIN,300,gn,proteins_gin_gn_fast
gn_1.txt,gn,1,196,0.6925,0.7762,0.7768,PROTEINS,GIN,300,gn,proteins_gin_gn_fast
gn_1.txt,gn,1,197,0.6925,0.7782,0.7679,PROTEINS,GIN,300,gn,proteins_gin_gn_fast
gn_1.txt,gn,1,198,0.6925,0.7762,0.7768,PROTEINS,GIN,300,gn,proteins_gin_gn_fast
gn_1.txt,gn,1,199,0.6925,0.7163,0.7411,PROTEINS,GIN,300,gn,proteins_gin_gn_fast
gn_1.txt,gn,1,200,0.6925,0.7562,0.7589,PROTEINS,GIN,300,gn,proteins_gin_gn_fast
gn_1.txt,gn,1,201,0.6925,0.7732,0.7857,PROTEINS,GIN,300,gn,proteins_gin_gn_fast
gn_1.txt,gn,1,202,0.6924,0.7752,0.7679,PROTEINS,GIN,300,gn,proteins_gin_gn_fast
gn_1.txt,gn,1,203,0.6924,0.7832,0.7589,PROTEINS,GIN,300,gn,proteins_gin_gn_fast
gn_1.txt,gn,1,204,0.6927,0.7712,0.7679,PROTEINS,GIN,300,gn,proteins_gin_gn_fast
gn_1.txt,gn,1,205,0.6927,0.7313,0.7321,PROTEINS,GIN,300,gn,proteins_gin_gn_fast
gn_1.txt,gn,1,206,0.6928,0.7682,0.7589,PROTEINS,GIN,300,gn,proteins_gin_gn_fast
gn_1.txt,gn,1,207,0.6928,0.7592,0.75,PROTEINS,GIN,300,gn,proteins_gin_gn_fast
gn_1.txt,gn,1,208,0.6928,0.7662,0.7768,PROTEINS,GIN,300,gn,proteins_gin_gn_fast
gn_1.txt,gn,1,209,0.6928,0.7652,0.7589,PROTEINS,GIN,300,gn,proteins_gin_gn_fast
gn_1.txt,gn,1,210,0.6928,0.7702,0.7946,PROTEINS,GIN,300,gn,proteins_gin_gn_fast
gn_1.txt,gn,1,211,0.6928,0.7183,0.6875,PROTEINS,GIN,300,gn,proteins_gin_gn_fast
gn_1.txt,gn,1,212,0.6929,0.7383,0.7321,PROTEINS,GIN,300,gn,proteins_gin_gn_fast
gn_1.txt,gn,1,213,0.693,0.7502,0.7411,PROTEINS,GIN,300,gn,proteins_gin_gn_fast
gn_1.txt,gn,1,214,0.6934,0.7662,0.7679,PROTEINS,GIN,300,gn,proteins_gin_gn_fast
gn_1.txt,gn,1,215,0.6936,0.7732,0.75,PROTEINS,GIN,300,gn,proteins_gin_gn_fast
gn_1.txt,gn,1,216,0.6936,0.7612,0.7589,PROTEINS,GIN,300,gn,proteins_gin_gn_fast
gn_1.txt,gn,1,217,0.6937,0.7622,0.7589,PROTEINS,GIN,300,gn,proteins_gin_gn_fast
gn_1.txt,gn,1,218,0.6937,0.7752,0.7679,PROTEINS,GIN,300,gn,proteins_gin_gn_fast
gn_1.txt,gn,1,219,0.6938,0.7692,0.7768,PROTEINS,GIN,300,gn,proteins_gin_gn_fast
gn_1.txt,gn,1,220,0.6938,0.7602,0.7411,PROTEINS,GIN,300,gn,proteins_gin_gn_fast
gn_1.txt,gn,1,221,0.694,0.7443,0.7143,PROTEINS,GIN,300,gn,proteins_gin_gn_fast
gn_1.txt,gn,1,222,0.6939,0.7632,0.7411,PROTEINS,GIN,300,gn,proteins_gin_gn_fast
gn_1.txt,gn,1,223,0.6939,0.6883,0.6964,PROTEINS,GIN,300,gn,proteins_gin_gn_fast
gn_1.txt,gn,1,224,0.6939,0.7782,0.7589,PROTEINS,GIN,300,gn,proteins_gin_gn_fast
gn_1.txt,gn,1,225,0.6939,0.7782,0.7768,PROTEINS,GIN,300,gn,proteins_gin_gn_fast
gn_1.txt,gn,1,226,0.6939,0.7752,0.7679,PROTEINS,GIN,300,gn,proteins_gin_gn_fast
gn_1.txt,gn,1,227,0.694,0.7772,0.7946,PROTEINS,GIN,300,gn,proteins_gin_gn_fast
gn_1.txt,gn,1,228,0.6941,0.7772,0.75,PROTEINS,GIN,300,gn,proteins_gin_gn_fast
gn_1.txt,gn,1,229,0.6941,0.7453,0.75,PROTEINS,GIN,300,gn,proteins_gin_gn_fast
gn_1.txt,gn,1,230,0.6941,0.7572,0.7679,PROTEINS,GIN,300,gn,proteins_gin_gn_fast
gn_1.txt,gn,1,231,0.6941,0.7732,0.7768,PROTEINS,GIN,300,gn,proteins_gin_gn_fast
gn_1.txt,gn,1,232,0.6941,0.7662,0.7411,PROTEINS,GIN,300,gn,proteins_gin_gn_fast
gn_1.txt,gn,1,233,0.6941,0.7692,0.7679,PROTEINS,GIN,300,gn,proteins_gin_gn_fast
gn_1.txt,gn,1,234,0.6941,0.7772,0.7589,PROTEINS,GIN,300,gn,proteins_gin_gn_fast
gn_1.txt,gn,1,235,0.694,0.7612,0.7768,PROTEINS,GIN,300,gn,proteins_gin_gn_fast
gn_1.txt,gn,1,236,0.6941,0.7722,0.7946,PROTEINS,GIN,300,gn,proteins_gin_gn_fast
gn_1.txt,gn,1,237,0.694,0.7672,0.7857,PROTEINS,GIN,300,gn,proteins_gin_gn_fast
gn_1.txt,gn,1,238,0.694,0.7003,0.7411,PROTEINS,GIN,300,gn,proteins_gin_gn_fast
gn_1.txt,gn,1,239,0.694,0.7722,0.7589,PROTEINS,GIN,300,gn,proteins_gin_gn_fast
gn_1.txt,gn,1,240,0.694,0.7502,0.7946,PROTEINS,GIN,300,gn,proteins_gin_gn_fast
gn_1.txt,gn,1,241,0.6941,0.7742,0.7946,PROTEINS,GIN,300,gn,proteins_gin_gn_fast
gn_1.txt,gn,1,242,0.694,0.7772,0.7946,PROTEINS,GIN,300,gn,proteins_gin_gn_fast
gn_1.txt,gn,1,243,0.6941,0.7752,0.7679,PROTEINS,GIN,300,gn,proteins_gin_gn_fast
gn_1.txt,gn,1,244,0.6941,0.7762,0.7768,PROTEINS,GIN,300,gn,proteins_gin_gn_fast
gn_1.txt,gn,1,245,0.6941,0.7722,0.7946,PROTEINS,GIN,300,gn,proteins_gin_gn_fast
gn_1.txt,gn,1,246,0.6943,0.7782,0.7946,PROTEINS,GIN,300,gn,proteins_gin_gn_fast
gn_1.txt,gn,1,247,0.6944,0.7752,0.7768,PROTEINS,GIN,300,gn,proteins_gin_gn_fast
gn_1.txt,gn,1,248,0.6944,0.7672,0.7679,PROTEINS,GIN,300,gn,proteins_gin_gn_fast
gn_1.txt,gn,1,249,0.6945,0.7722,0.7946,PROTEINS,GIN,300,gn,proteins_gin_gn_fast
gn_1.txt,gn,1,250,0.6945,0.7742,0.7946,PROTEINS,GIN,300,gn,proteins_gin_gn_fast
gn_1.txt,gn,1,251,0.6945,0.7792,0.7857,PROTEINS,GIN,300,gn,proteins_gin_gn_fast
gn_1.txt,gn,1,252,0.6945,0.7742,0.7679,PROTEINS,GIN,300,gn,proteins_gin_gn_fast
gn_1.txt,gn,1,253,0.6945,0.7622,0.7768,PROTEINS,GIN,300,gn,proteins_gin_gn_fast
gn_1.txt,gn,1,254,0.6946,0.7752,0.7679,PROTEINS,GIN,300,gn,proteins_gin_gn_fast
gn_1.txt,gn,1,255,0.6946,0.7652,0.7946,PROTEINS,GIN,300,gn,proteins_gin_gn_fast
gn_1.txt,gn,1,256,0.6946,0.7642,0.7946,PROTEINS,GIN,300,gn,proteins_gin_gn_fast
gn_1.txt,gn,1,257,0.6946,0.7682,0.7946,PROTEINS,GIN,300,gn,proteins_gin_gn_fast
gn_1.txt,gn,1,258,0.6948,0.7672,0.7679,PROTEINS,GIN,300,gn,proteins_gin_gn_fast
gn_1.txt,gn,1,259,0.695,0.7732,0.7411,PROTEINS,GIN,300,gn,proteins_gin_gn_fast
gn_1.txt,gn,1,260,0.695,0.7792,0.7589,PROTEINS,GIN,300,gn,proteins_gin_gn_fast
gn_1.txt,gn,1,261,0.6951,0.7812,0.7411,PROTEINS,GIN,300,gn,proteins_gin_gn_fast
gn_1.txt,gn,1,262,0.6951,0.7632,0.75,PROTEINS,GIN,300,gn,proteins_gin_gn_fast
gn_1.txt,gn,1,263,0.6951,0.7752,0.7768,PROTEINS,GIN,300,gn,proteins_gin_gn_fast
gn_1.txt,gn,1,264,0.6951,0.7742,0.7589,PROTEINS,GIN,300,gn,proteins_gin_gn_fast
gn_1.txt,gn,1,265,0.6951,0.7802,0.7679,PROTEINS,GIN,300,gn,proteins_gin_gn_fast
gn_1.txt,gn,1,266,0.6953,0.7752,0.7679,PROTEINS,GIN,300,gn,proteins_gin_gn_fast
gn_1.txt,gn,1,267,0.6953,0.7732,0.7589,PROTEINS,GIN,300,gn,proteins_gin_gn_fast
gn_1.txt,gn,1,268,0.6953,0.7752,0.7589,PROTEINS,GIN,300,gn,proteins_gin_gn_fast
gn_1.txt,gn,1,269,0.6955,0.7742,0.7679,PROTEINS,GIN,300,gn,proteins_gin_gn_fast
gn_1.txt,gn,1,270,0.6955,0.7682,0.7589,PROTEINS,GIN,300,gn,proteins_gin_gn_fast
gn_1.txt,gn,1,271,0.6955,0.7832,0.7679,PROTEINS,GIN,300,gn,proteins_gin_gn_fast
gn_1.txt,gn,1,272,0.6956,0.7752,0.7857,PROTEINS,GIN,300,gn,proteins_gin_gn_fast
gn_1.txt,gn,1,273,0.6956,0.7792,0.7679,PROTEINS,GIN,300,gn,proteins_gin_gn_fast
gn_1.txt,gn,1,274,0.6956,0.7612,0.7411,PROTEINS,GIN,300,gn,proteins_gin_gn_fast
gn_1.txt,gn,1,275,0.6956,0.7782,0.75,PROTEINS,GIN,300,gn,proteins_gin_gn_fast
gn_1.txt,gn,1,276,0.6956,0.7712,0.7411,PROTEINS,GIN,300,gn,proteins_gin_gn_fast
gn_1.txt,gn,1,277,0.6958,0.7792,0.7857,PROTEINS,GIN,300,gn,proteins_gin_gn_fast
gn_1.txt,gn,1,278,0.6959,0.7772,0.7679,PROTEINS,GIN,300,gn,proteins_gin_gn_fast
gn_1.txt,gn,1,279,0.696,0.7682,0.75,PROTEINS,GIN,300,gn,proteins_gin_gn_fast
gn_1.txt,gn,1,280,0.696,0.7752,0.75,PROTEINS,GIN,300,gn,proteins_gin_gn_fast
gn_1.txt,gn,1,281,0.696,0.7752,0.7679,PROTEINS,GIN,300,gn,proteins_gin_gn_fast
gn_1.txt,gn,1,282,0.6961,0.7822,0.7589,PROTEINS,GIN,300,gn,proteins_gin_gn_fast
gn_1.txt,gn,1,283,0.6962,0.7792,0.7768,PROTEINS,GIN,300,gn,proteins_gin_gn_fast
gn_1.txt,gn,1,284,0.6962,0.7852,0.7679,PROTEINS,GIN,300,gn,proteins_gin_gn_fast
gn_1.txt,gn,1,285,0.6963,0.7862,0.7679,PROTEINS,GIN,300,gn,proteins_gin_gn_fast
gn_1.txt,gn,1,286,0.6963,0.7842,0.7679,PROTEINS,GIN,300,gn,proteins_gin_gn_fast
gn_1.txt,gn,1,287,0.6963,0.7842,0.75,PROTEINS,GIN,300,gn,proteins_gin_gn_fast
gn_1.txt,gn,1,288,0.6965,0.7872,0.7679,PROTEINS,GIN,300,gn,proteins_gin_gn_fast
gn_1.txt,gn,1,289,0.6966,0.7862,0.7589,PROTEINS,GIN,300,gn,proteins_gin_gn_fast
gn_1.txt,gn,1,290,0.6967,0.7812,0.7589,PROTEINS,GIN,300,gn,proteins_gin_gn_fast
gn_1.txt,gn,1,291,0.6967,0.7882,0.7857,PROTEINS,GIN,300,gn,proteins_gin_gn_fast
gn_1.txt,gn,1,292,0.6967,0.7852,0.7679,PROTEINS,GIN,300,gn,proteins_gin_gn_fast
gn_1.txt,gn,1,293,0.6967,0.7842,0.7679,PROTEINS,GIN,300,gn,proteins_gin_gn_fast
gn_1.txt,gn,1,294,0.6966,0.7832,0.7768,PROTEINS,GIN,300,gn,proteins_gin_gn_fast
gn_1.txt,gn,1,295,0.6968,0.7882,0.7679,PROTEINS,GIN,300,gn,proteins_gin_gn_fast
gn_1.txt,gn,1,296,0.6968,0.7702,0.75,PROTEINS,GIN,300,gn,proteins_gin_gn_fast
gn_1.txt,gn,1,297,0.6968,0.7782,0.7768,PROTEINS,GIN,300,gn,proteins_gin_gn_fast
gn_1.txt,gn,1,298,0.6968,0.7912,0.7679,PROTEINS,GIN,300,gn,proteins_gin_gn_fast
gn_1.txt,gn,1,299,0.6968,0.7902,0.7679,PROTEINS,GIN,300,gn,proteins_gin_gn_fast
gn_1.txt,gn,1,300,0.6968,0.7922,0.7679,PROTEINS,GIN,300,gn,proteins_gin_gn_fast
gn_2.txt,gn,2,1,0.6595,0.6124,0.6518,PROTEINS,GIN,300,gn,proteins_gin_gn_fast
gn_2.txt,gn,2,2,0.6494,0.4046,0.4018,PROTEINS,GIN,300,gn,proteins_gin_gn_fast
gn_2.txt,gn,2,3,0.6497,0.6004,0.5982,PROTEINS,GIN,300,gn,proteins_gin_gn_fast
gn_2.txt,gn,2,4,0.6485,0.5524,0.5089,PROTEINS,GIN,300,gn,proteins_gin_gn_fast
gn_2.txt,gn,2,5,0.6484,0.6783,0.6518,PROTEINS,GIN,300,gn,proteins_gin_gn_fast
gn_2.txt,gn,2,6,0.6686,0.5934,0.5714,PROTEINS,GIN,300,gn,proteins_gin_gn_fast
gn_2.txt,gn,2,7,0.6913,0.7403,0.7411,PROTEINS,GIN,300,gn,proteins_gin_gn_fast
gn_2.txt,gn,2,8,0.7034,0.6683,0.6071,PROTEINS,GIN,300,gn,proteins_gin_gn_fast
gn_2.txt,gn,2,9,0.711,0.6703,0.6696,PROTEINS,GIN,300,gn,proteins_gin_gn_fast
gn_2.txt,gn,2,10,0.7098,0.7013,0.6964,PROTEINS,GIN,300,gn,proteins_gin_gn_fast
gn_2.txt,gn,2,11,0.7076,0.7453,0.7589,PROTEINS,GIN,300,gn,proteins_gin_gn_fast
gn_2.txt,gn,2,12,0.7031,0.6444,0.6161,PROTEINS,GIN,300,gn,proteins_gin_gn_fast
gn_2.txt,gn,2,13,0.6979,0.6234,0.5982,PROTEINS,GIN,300,gn,proteins_gin_gn_fast
gn_2.txt,gn,2,14,0.6957,0.7093,0.6964,PROTEINS,GIN,300,gn,proteins_gin_gn_fast
gn_2.txt,gn,2,15,0.7013,0.7133,0.6875,PROTEINS,GIN,300,gn,proteins_gin_gn_fast
gn_2.txt,gn,2,16,0.7012,0.7572,0.7411,PROTEINS,GIN,300,gn,proteins_gin_gn_fast
gn_2.txt,gn,2,17,0.7032,0.7493,0.75,PROTEINS,GIN,300,gn,proteins_gin_gn_fast
gn_2.txt,gn,2,18,0.7029,0.7113,0.6696,PROTEINS,GIN,300,gn,proteins_gin_gn_fast
gn_2.txt,gn,2,19,0.7019,0.7752,0.75,PROTEINS,GIN,300,gn,proteins_gin_gn_fast
gn_2.txt,gn,2,20,0.7009,0.6364,0.5982,PROTEINS,GIN,300,gn,proteins_gin_gn_fast
gn_2.txt,gn,2,21,0.7029,0.6953,0.6875,PROTEINS,GIN,300,gn,proteins_gin_gn_fast
gn_2.txt,gn,2,22,0.7029,0.7043,0.6964,PROTEINS,GIN,300,gn,proteins_gin_gn_fast
gn_2.txt,gn,2,23,0.7042,0.7642,0.7768,PROTEINS,GIN,300,gn,proteins_gin_gn_fast
gn_2.txt,gn,2,24,0.7037,0.7702,0.7768,PROTEINS,GIN,300,gn,proteins_gin_gn_fast
gn_2.txt,gn,2,25,0.7041,0.7812,0.7768,PROTEINS,GIN,300,gn,proteins_gin_gn_fast
gn_2.txt,gn,2,26,0.7034,0.7672,0.7589,PROTEINS,GIN,300,gn,proteins_gin_gn_fast
gn_2.txt,gn,2,27,0.7024,0.7692,0.7768,PROTEINS,GIN,300,gn,proteins_gin_gn_fast
gn_2.txt,gn,2,28,0.7015,0.7433,0.75,PROTEINS,GIN,300,gn,proteins_gin_gn_fast
gn_2.txt,gn,2,29,0.7054,0.6853,0.6429,PROTEINS,GIN,300,gn,proteins_gin_gn_fast
gn_2.txt,gn,2,30,0.7048,0.7423,0.7232,PROTEINS,GIN,300,gn,proteins_gin_gn_fast
gn_2.txt,gn,2,31,0.7043,0.7133,0.7143,PROTEINS,GIN,300,gn,proteins_gin_gn_fast
gn_2.txt,gn,2,32,0.7037,0.6803,0.6786,PROTEINS,GIN,300,gn,proteins_gin_gn_fast
gn_2.txt,gn,2,33,0.7038,0.6993,0.6696,PROTEINS,GIN,300,gn,proteins_gin_gn_fast
gn_2.txt,gn,2,34,0.7049,0.7752,0.7857,PROTEINS,GIN,300,gn,proteins_gin_gn_fast
gn_2.txt,gn,2,35,0.7064,0.5355,0.5,PROTEINS,GIN,300,gn,proteins_gin_gn_fast
gn_2.txt,gn,2,36,0.7079,0.7542,0.7321,PROTEINS,GIN,300,gn,proteins_gin_gn_fast
gn_2.txt,gn,2,37,0.7083,0.5744,0.5357,PROTEINS,GIN,300,gn,proteins_gin_gn_fast
gn_2.txt,gn,2,38,0.7093,0.7273,0.7411,PROTEINS,GIN,300,gn,proteins_gin_gn_fast
gn_2.txt,gn,2,39,0.7098,0.5684,0.5268,PROTEINS,GIN,300,gn,proteins_gin_gn_fast
gn_2.txt,gn,2,40,0.7098,0.7512,0.7411,PROTEINS,GIN,300,gn,proteins_gin_gn_fast
gn_2.txt,gn,2,41,0.7092,0.7423,0.7321,PROTEINS,GIN,300,gn,proteins_gin_gn_fast
gn_2.txt,gn,2,42,0.7086,0.5365,0.5089,PROTEINS,GIN,300,gn,proteins_gin_gn_fast
gn_2.txt,gn,2,43,0.7086,0.7263,0.6875,PROTEINS,GIN,300,gn,proteins_gin_gn_fast
gn_2.txt,gn,2,44,0.7101,0.7602,0.7411,PROTEINS,GIN,300,gn,proteins_gin_gn_fast
gn_2.txt,gn,2,45,0.7135,0.6454,0.6071,PROTEINS,GIN,300,gn,proteins_gin_gn_fast
gn_2.txt,gn,2,46,0.7168,0.6953,0.6518,PROTEINS,GIN,300,gn,proteins_gin_gn_fast
gn_2.txt,gn,2,47,0.7181,0.7572,0.7411,PROTEINS,GIN,300,gn,proteins_gin_gn_fast
gn_2.txt,gn,2,48,0.7181,0.7363,0.7321,PROTEINS,GIN,300,gn,proteins_gin_gn_fast
gn_2.txt,gn,2,49,0.7173,0.7383,0.7321,PROTEINS,GIN,300,gn,proteins_gin_gn_fast
gn_2.txt,gn,2,50,0.7172,0.7822,0.7768,PROTEINS,GIN,300,gn,proteins_gin_gn_fast
gn_2.txt,gn,2,51,0.7161,0.7762,0.7679,PROTEINS,GIN,300,gn,proteins_gin_gn_fast
gn_2.txt,gn,2,52,0.7152,0.7792,0.7589,PROTEINS,GIN,300,gn,proteins_gin_gn_fast
gn_2.txt,gn,2,53,0.7147,0.7283,0.6964,PROTEINS,GIN,300,gn,proteins_gin_gn_fast
gn_2.txt,gn,2,54,0.7139,0.7672,0.7589,PROTEINS,GIN,300,gn,proteins_gin_gn_fast
gn_2.txt,gn,2,55,0.713,0.6174,0.5714,PROTEINS,GIN,300,gn,proteins_gin_gn_fast
gn_2.txt,gn,2,56,0.7119,0.6663,0.6161,PROTEINS,GIN,300,gn,proteins_gin_gn_fast
gn_2.txt,gn,2,57,0.7111,0.6184,0.5446,PROTEINS,GIN,300,gn,proteins_gin_gn_fast
gn_2.txt,gn,2,58,0.7105,0.7473,0.7321,PROTEINS,GIN,300,gn,proteins_gin_gn_fast
gn_2.txt,gn,2,59,0.7098,0.7163,0.7054,PROTEINS,GIN,300,gn,proteins_gin_gn_fast
gn_2.txt,gn,2,60,0.7093,0.6334,0.6071,PROTEINS,GIN,300,gn,proteins_gin_gn_fast
gn_2.txt,gn,2,61,0.7096,0.5814,0.5804,PROTEINS,GIN,300,gn,proteins_gin_gn_fast
gn_2.txt,gn,2,62,0.7112,0.7323,0.7321,PROTEINS,GIN,300,gn,proteins_gin_gn_fast
gn_2.txt,gn,2,63,0.7113,0.7522,0.7589,PROTEINS,GIN,300,gn,proteins_gin_gn_fast
gn_2.txt,gn,2,64,0.7118,0.7333,0.7232,PROTEINS,GIN,300,gn,proteins_gin_gn_fast
gn_2.txt,gn,2,65,0.7147,0.7253,0.6875,PROTEINS,GIN,300,gn,proteins_gin_gn_fast
gn_2.txt,gn,2,66,0.7144,0.5455,0.5446,PROTEINS,GIN,300,gn,proteins_gin_gn_fast
gn_2.txt,gn,2,67,0.7141,0.4076,0.4018,PROTEINS,GIN,300,gn,proteins_gin_gn_fast
gn_2.txt,gn,2,68,0.7137,0.6843,0.6875,PROTEINS,GIN,300,gn,proteins_gin_gn_fast
gn_2.txt,gn,2,69,0.714,0.7532,0.7321,PROTEINS,GIN,300,gn,proteins_gin_gn_fast
gn_2.txt,gn,2,70,0.7163,0.7512,0.7411,PROTEINS,GIN,300,gn,proteins_gin_gn_fast
gn_2.txt,gn,2,71,0.7162,0.7632,0.7679,PROTEINS,GIN,300,gn,proteins_gin_gn_fast
gn_2.txt,gn,2,72,0.7163,0.6673,0.6429,PROTEINS,GIN,300,gn,proteins_gin_gn_fast
gn_2.txt,gn,2,73,0.7162,0.7592,0.7589,PROTEINS,GIN,300,gn,proteins_gin_gn_fast
gn_2.txt,gn,2,74,0.7191,0.6184,0.6071,PROTEINS,GIN,300,gn,proteins_gin_gn_fast
gn_2.txt,gn,2,75,0.7218,0.7562,0.7589,PROTEINS,GIN,300,gn,proteins_gin_gn_fast
gn_2.txt,gn,2,76,0.7289,0.7023,0.6518,PROTEINS,GIN,300,gn,proteins_gin_gn_fast
gn_2.txt,gn,2,77,0.7303,0.7682,0.7411,PROTEINS,GIN,300,gn,proteins_gin_gn_fast
gn_2.txt,gn,2,78,0.7313,0.7662,0.8125,PROTEINS,GIN,300,gn,proteins_gin_gn_fast
gn_2.txt,gn,2,79,0.7312,0.7333,0.7321,PROTEINS,GIN,300,gn,proteins_gin_gn_fast
gn_2.txt,gn,2,80,0.7313,0.7742,0.7589,PROTEINS,GIN,300,gn,proteins_gin_gn_fast
gn_2.txt,gn,2,81,0.7307,0.7712,0.7411,PROTEINS,GIN,300,gn,proteins_gin_gn_fast
gn_2.txt,gn,2,82,0.73,0.7602,0.75,PROTEINS,GIN,300,gn,proteins_gin_gn_fast
gn_2.txt,gn,2,83,0.7293,0.7802,0.8214,PROTEINS,GIN,300,gn,proteins_gin_gn_fast
gn_2.txt,gn,2,84,0.7284,0.7443,0.7143,PROTEINS,GIN,300,gn,proteins_gin_gn_fast
gn_2.txt,gn,2,85,0.7285,0.6713,0.6607,PROTEINS,GIN,300,gn,proteins_gin_gn_fast
gn_2.txt,gn,2,86,0.7281,0.4535,0.4464,PROTEINS,GIN,300,gn,proteins_gin_gn_fast
gn_2.txt,gn,2,87,0.7279,0.7562,0.7768,PROTEINS,GIN,300,gn,proteins_gin_gn_fast
gn_2.txt,gn,2,88,0.7275,0.6513,0.6339,PROTEINS,GIN,300,gn,proteins_gin_gn_fast
gn_2.txt,gn,2,89,0.7272,0.7642,0.7857,PROTEINS,GIN,300,gn,proteins_gin_gn_fast
gn_2.txt,gn,2,90,0.7268,0.7642,0.75,PROTEINS,GIN,300,gn,proteins_gin_gn_fast
gn_2.txt,gn,2,91,0.7277,0.7712,0.8036,PROTEINS,GIN,300,gn,proteins_gin_gn_fast
gn_2.txt,gn,2,92,0.7283,0.7233,0.6875,PROTEINS,GIN,300,gn,proteins_gin_gn_fast
gn_2.txt,gn,2,93,0.7294,0.7712,0.8036,PROTEINS,GIN,300,gn,proteins_gin_gn_fast
gn_2.txt,gn,2,94,0.7291,0.7582,0.75,PROTEINS,GIN,300,gn,proteins_gin_gn_fast
gn_2.txt,gn,2,95,0.7298,0.7722,0.7589,PROTEINS,GIN,300,gn,proteins_gin_gn_fast
gn_2.txt,gn,2,96,0.731,0.7772,0.7857,PROTEINS,GIN,300,gn,proteins_gin_gn_fast
gn_2.txt,gn,2,97,0.7309,0.7672,0.7679,PROTEINS,GIN,300,gn,proteins_gin_gn_fast
gn_2.txt,gn,2,98,0.7306,0.7393,0.7054,PROTEINS,GIN,300,gn,proteins_gin_gn_fast
gn_2.txt,gn,2,99,0.7301,0.7692,0.7946,PROTEINS,GIN,300,gn,proteins_gin_gn_fast
gn_2.txt,gn,2,100,0.7296,0.6543,0.6518,PROTEINS,GIN,300,gn,proteins_gin_gn_fast
gn_2.txt,gn,2,101,0.7291,0.7493,0.7232,PROTEINS,GIN,300,gn,proteins_gin_gn_fast
gn_2.txt,gn,2,102,0.7284,0.7762,0.8125,PROTEINS,GIN,300,gn,proteins_gin_gn_fast
gn_2.txt,gn,2,103,0.7279,0.7443,0.7679,PROTEINS,GIN,300,gn,proteins_gin_gn_fast
gn_2.txt,gn,2,104,0.7276,0.7772,0.8304,PROTEINS,GIN,300,gn,proteins_gin_gn_fast
gn_2.txt,gn,2,105,0.727,0.7752,0.8393,PROTEINS,GIN,300,gn,proteins_gin_gn_fast
gn_2.txt,gn,2,106,0.7279,0.7493,0.7411,PROTEINS,GIN,300,gn,proteins_gin_gn_fast
gn_2.txt,gn,2,107,0.7292,0.7702,0.8125,PROTEINS,GIN,300,gn,proteins_gin_gn_fast
gn_2.txt,gn,2,108,0.73,0.7592,0.7679,PROTEINS,GIN,300,gn,proteins_gin_gn_fast
gn_2.txt,gn,2,109,0.7306,0.7542,0.7768,PROTEINS,GIN,300,gn,proteins_gin_gn_fast
gn_2.txt,gn,2,110,0.7318,0.7612,0.7768,PROTEINS,GIN,300,gn,proteins_gin_gn_fast
gn_2.txt,gn,2,111,0.7316,0.7642,0.8304,PROTEINS,GIN,300,gn,proteins_gin_gn_fast
gn_2.txt,gn,2,112,0.7317,0.7512,0.8125,PROTEINS,GIN,300,gn,proteins_gin_gn_fast
gn_2.txt,gn,2,113,0.7313,0.7642,0.8036,PROTEINS,GIN,300,gn,proteins_gin_gn_fast
gn_2.txt,gn,2,114,0.7307,0.7572,0.7946,PROTEINS,GIN,300,gn,proteins_gin_gn_fast
gn_2.txt,gn,2,115,0.7301,0.7712,0.7946,PROTEINS,GIN,300,gn,proteins_gin_gn_fast
gn_2.txt,gn,2,116,0.7296,0.7413,0.75,PROTEINS,GIN,300,gn,proteins_gin_gn_fast
gn_2.txt,gn,2,117,0.7289,0.7373,0.7143,PROTEINS,GIN,300,gn,proteins_gin_gn_fast
gn_2.txt,gn,2,118,0.7285,0.7552,0.7589,PROTEINS,GIN,300,gn,proteins_gin_gn_fast
gn_2.txt,gn,2,119,0.728,0.7692,0.8125,PROTEINS,GIN,300,gn,proteins_gin_gn_fast
gn_2.txt,gn,2,120,0.7274,0.6364,0.6161,PROTEINS,GIN,300,gn,proteins_gin_gn_fast
gn_2.txt,gn,2,121,0.7269,0.7562,0.7321,PROTEINS,GIN,300,gn,proteins_gin_gn_fast
gn_2.txt,gn,2,122,0.7264,0.7483,0.7589,PROTEINS,GIN,300,gn,proteins_gin_gn_fast
gn_2.txt,gn,2,123,0.726,0.7433,0.7857,PROTEINS,GIN,300,gn,proteins_gin_gn_fast
gn_2.txt,gn,2,124,0.7254,0.7143,0.6964,PROTEINS,GIN,300,gn,proteins_gin_gn_fast
gn_2.txt,gn,2,125,0.7249,0.6913,0.6786,PROTEINS,GIN,300,gn,proteins_gin_gn_fast
gn_2.txt,gn,2,126,0.7244,0.7732,0.8125,PROTEINS,GIN,300,gn,proteins_gin_gn_fast
gn_2.txt,gn,2,127,0.7239,0.7652,0.8304,PROTEINS,GIN,300,gn,proteins_gin_gn_fast
gn_2.txt,gn,2,128,0.7233,0.7602,0.8036,PROTEINS,GIN,300,gn,proteins_gin_gn_fast
gn_2.txt,gn,2,129,0.7228,0.7692,0.8125,PROTEINS,GIN,300,gn,proteins_gin_gn_fast
gn_2.txt,gn,2,130,0.7222,0.7762,0.8304,PROTEINS,GIN,300,gn,proteins_gin_gn_fast
gn_2.txt,gn,2,131,0.7218,0.7483,0.7321,PROTEINS,GIN,300,gn,proteins_gin_gn_fast
gn_2.txt,gn,2,132,0.7216,0.7752,0.8036,PROTEINS,GIN,300,gn,proteins_gin_gn_fast
gn_2.txt,gn,2,133,0.7231,0.7782,0.8036,PROTEINS,GIN,300,gn,proteins_gin_gn_fast
gn_2.txt,gn,2,134,0.7239,0.7303,0.6607,PROTEINS,GIN,300,gn,proteins_gin_gn_fast
gn_2.txt,gn,2,135,0.7256,0.7313,0.6786,PROTEINS,GIN,300,gn,proteins_gin_gn_fast
gn_2.txt,gn,2,136,0.7265,0.7622,0.7679,PROTEINS,GIN,300,gn,proteins_gin_gn_fast
gn_2.txt,gn,2,137,0.7272,0.6983,0.6696,PROTEINS,GIN,300,gn,proteins_gin_gn_fast
gn_2.txt,gn,2,138,0.7271,0.7592,0.7857,PROTEINS,GIN,300,gn,proteins_gin_gn_fast
gn_2.txt,gn,2,139,0.7267,0.7582,0.7679,PROTEINS,GIN,300,gn,proteins_gin_gn_fast
gn_2.txt,gn,2,140,0.7263,0.7562,0.7768,PROTEINS,GIN,300,gn,proteins_gin_gn_fast
gn_2.txt,gn,2,141,0.7259,0.7772,0.8214,PROTEINS,GIN,300,gn,proteins_gin_gn_fast
gn_2.txt,gn,2,142,0.7254,0.7712,0.8125,PROTEINS,GIN,300,gn,proteins_gin_gn_fast
gn_2.txt,gn,2,143,0.7249,0.7732,0.7857,PROTEINS,GIN,300,gn,proteins_gin_gn_fast
gn_2.txt,gn,2,144,0.7245,0.7772,0.7857,PROTEINS,GIN,300,gn,proteins_gin_gn_fast
gn_2.txt,gn,2,145,0.724,0.7742,0.7946,PROTEINS,GIN,300,gn,proteins_gin_gn_fast
gn_2.txt,gn,2,146,0.7235,0.7692,0.8125,PROTEINS,GIN,300,gn,proteins_gin_gn_fast
gn_2.txt,gn,2,147,0.723,0.7732,0.7857,PROTEINS,GIN,300,gn,proteins_gin_gn_fast
gn_2.txt,gn,2,148,0.7225,0.7642,0.8214,PROTEINS,GIN,300,gn,proteins_gin_gn_fast
gn_2.txt,gn,2,149,0.722,0.7273,0.7232,PROTEINS,GIN,300,gn,proteins_gin_gn_fast
gn_2.txt,gn,2,150,0.7215,0.7113,0.6964,PROTEINS,GIN,300,gn,proteins_gin_gn_fast
gn_2.txt,gn,2,151,0.7211,0.7642,0.7946,PROTEINS,GIN,300,gn,proteins_gin_gn_fast
gn_2.txt,gn,2,152,0.7206,0.7772,0.8304,PROTEINS,GIN,300,gn,proteins_gin_gn_fast
gn_2.txt,gn,2,153,0.7201,0.7822,0.8125,PROTEINS,GIN,300,gn,proteins_gin_gn_fast
gn_2.txt,gn,2,154,0.7196,0.6643,0.6161,PROTEINS,GIN,300,gn,proteins_gin_gn_fast
gn_2.txt,gn,2,155,0.7192,0.7423,0.7679,PROTEINS,GIN,300,gn,proteins_gin_gn_fast
gn_2.txt,gn,2,156,0.7187,0.7572,0.8393,PROTEINS,GIN,300,gn,proteins_gin_gn_fast
gn_2.txt,gn,2,157,0.7182,0.7772,0.8393,PROTEINS,GIN,300,gn,proteins_gin_gn_fast
gn_2.txt,gn,2,158,0.7177,0.7692,0.7946,PROTEINS,GIN,300,gn,proteins_gin_gn_fast
gn_2.txt,gn,2,159,0.7173,0.7632,0.7679,PROTEINS,GIN,300,gn,proteins_gin_gn_fast
gn_2.txt,gn,2,160,0.7169,0.7772,0.8393,PROTEINS,GIN,300,gn,proteins_gin_gn_fast
gn_2.txt,gn,2,161,0.7165,0.7792,0.7946,PROTEINS,GIN,300,gn,proteins_gin_gn_fast
gn_2.txt,gn,2,162,0.716,0.7562,0.7768,PROTEINS,GIN,300,gn,proteins_gin_gn_fast
gn_2.txt,gn,2,163,0.7155,0.7822,0.7768,PROTEINS,GIN,300,gn,proteins_gin_gn_fast
gn_2.txt,gn,2,164,0.7151,0.7872,0.8125,PROTEINS,GIN,300,gn,proteins_gin_gn_fast
gn_2.txt,gn,2,165,0.7149,0.7502,0.7857,PROTEINS,GIN,300,gn,proteins_gin_gn_fast
gn_2.txt,gn,2,166,0.7145,0.7473,0.7589,PROTEINS,GIN,300,gn,proteins_gin_gn_fast
gn_2.txt,gn,2,167,0.7143,0.7403,0.7232,PROTEINS,GIN,300,gn,proteins_gin_gn_fast
gn_2.txt,gn,2,168,0.7141,0.7562,0.7857,PROTEINS,GIN,300,gn,proteins_gin_gn_fast
gn_2.txt,gn,2,169,0.7136,0.7652,0.8036,PROTEINS,GIN,300,gn,proteins_gin_gn_fast
gn_2.txt,gn,2,170,0.7139,0.7742,0.8304,PROTEINS,GIN,300,gn,proteins_gin_gn_fast
gn_2.txt,gn,2,171,0.7135,0.7632,0.7857,PROTEINS,GIN,300,gn,proteins_gin_gn_fast
gn_2.txt,gn,2,172,0.7131,0.7752,0.8125,PROTEINS,GIN,300,gn,proteins_gin_gn_fast
gn_2.txt,gn,2,173,0.7126,0.7562,0.7768,PROTEINS,GIN,300,gn,proteins_gin_gn_fast
gn_2.txt,gn,2,174,0.7122,0.7512,0.7411,PROTEINS,GIN,300,gn,proteins_gin_gn_fast
gn_2.txt,gn,2,175,0.7117,0.7642,0.8036,PROTEINS,GIN,300,gn,proteins_gin_gn_fast
gn_2.txt,gn,2,176,0.7115,0.7273,0.7232,PROTEINS,GIN,300,gn,proteins_gin_gn_fast
gn_2.txt,gn,2,177,0.711,0.7453,0.7411,PROTEINS,GIN,300,gn,proteins_gin_gn_fast
gn_2.txt,gn,2,178,0.7105,0.7702,0.8125,PROTEINS,GIN,300,gn,proteins_gin_gn_fast
gn_2.txt,gn,2,179,0.71,0.7652,0.7768,PROTEINS,GIN,300,gn,proteins_gin_gn_fast
gn_2.txt,gn,2,180,0.7095,0.7652,0.7768,PROTEINS,GIN,300,gn,proteins_gin_gn_fast
gn_2.txt,gn,2,181,0.709,0.7612,0.8214,PROTEINS,GIN,300,gn,proteins_gin_gn_fast
gn_2.txt,gn,2,182,0.7086,0.7682,0.7857,PROTEINS,GIN,300,gn,proteins_gin_gn_fast
gn_2.txt,gn,2,183,0.7081,0.7423,0.7143,PROTEINS,GIN,300,gn,proteins_gin_gn_fast
gn_2.txt,gn,2,184,0.7076,0.7303,0.6875,PROTEINS,GIN,300,gn,proteins_gin_gn_fast
gn_2.txt,gn,2,185,0.7072,0.7542,0.7411,PROTEINS,GIN,300,gn,proteins_gin_gn_fast
gn_2.txt,gn,2,186,0.7068,0.7682,0.8036,PROTEINS,GIN,300,gn,proteins_gin_gn_fast
gn_2.txt,gn,2,187,0.7064,0.7143,0.6786,PROTEINS,GIN,300,gn,proteins_gin_gn_fast
gn_2.txt,gn,2,188,0.7059,0.7552,0.7589,PROTEINS,GIN,300,gn,proteins_gin_gn_fast
gn_2.txt,gn,2,189,0.7057,0.6763,0.625,PROTEINS,GIN,300,gn,proteins_gin_gn_fast
gn_2.txt,gn,2,190,0.7053,0.7692,0.7946,PROTEINS,GIN,300,gn,proteins_gin_gn_fast
gn_2.txt,gn,2,191,0.7049,0.7602,0.7589,PROTEINS,GIN,300,gn,proteins_gin_gn_fast
gn_2.txt,gn,2,192,0.7045,0.7662,0.8036,PROTEINS,GIN,300,gn,proteins_gin_gn_fast
gn_2.txt,gn,2,193,0.7041,0.7702,0.8214,PROTEINS,GIN,300,gn,proteins_gin_gn_fast
gn_2.txt,gn,2,194,0.7037,0.7542,0.7411,PROTEINS,GIN,300,gn,proteins_gin_gn_fast
gn_2.txt,gn,2,195,0.7033,0.7622,0.7857,PROTEINS,GIN,300,gn,proteins_gin_gn_fast
gn_2.txt,gn,2,196,0.7029,0.7662,0.8036,PROTEINS,GIN,300,gn,proteins_gin_gn_fast
gn_2.txt,gn,2,197,0.7025,0.7562,0.75,PROTEINS,GIN,300,gn,proteins_gin_gn_fast
gn_2.txt,gn,2,198,0.702,0.7672,0.7679,PROTEINS,GIN,300,gn,proteins_gin_gn_fast
gn_2.txt,gn,2,199,0.7016,0.7622,0.8125,PROTEINS,GIN,300,gn,proteins_gin_gn_fast
gn_2.txt,gn,2,200,0.7012,0.7493,0.7857,PROTEINS,GIN,300,gn,proteins_gin_gn_fast
gn_2.txt,gn,2,201,0.7009,0.7642,0.8214,PROTEINS,GIN,300,gn,proteins_gin_gn_fast
gn_2.txt,gn,2,202,0.7005,0.7662,0.8304,PROTEINS,GIN,300,gn,proteins_gin_gn_fast
gn_2.txt,gn,2,203,0.7002,0.7812,0.8214,PROTEINS,GIN,300,gn,proteins_gin_gn_fast
gn_2.txt,gn,2,204,0.6998,0.7652,0.7768,PROTEINS,GIN,300,gn,proteins_gin_gn_fast
gn_2.txt,gn,2,205,0.6996,0.7453,0.7589,PROTEINS,GIN,300,gn,proteins_gin_gn_fast
gn_2.txt,gn,2,206,0.6993,0.7512,0.75,PROTEINS,GIN,300,gn,proteins_gin_gn_fast
gn_2.txt,gn,2,207,0.699,0.7592,0.7679,PROTEINS,GIN,300,gn,proteins_gin_gn_fast
gn_2.txt,gn,2,208,0.6987,0.7602,0.7946,PROTEINS,GIN,300,gn,proteins_gin_gn_fast
gn_2.txt,gn,2,209,0.6985,0.7163,0.6964,PROTEINS,GIN,300,gn,proteins_gin_gn_fast
gn_2.txt,gn,2,210,0.6982,0.7712,0.8036,PROTEINS,GIN,300,gn,proteins_gin_gn_fast
gn_2.txt,gn,2,211,0.6979,0.7722,0.8125,PROTEINS,GIN,300,gn,proteins_gin_gn_fast
gn_2.txt,gn,2,212,0.6975,0.7552,0.7411,PROTEINS,GIN,300,gn,proteins_gin_gn_fast
gn_2.txt,gn,2,213,0.6973,0.7762,0.8125,PROTEINS,GIN,300,gn,proteins_gin_gn_fast
gn_2.txt,gn,2,214,0.697,0.7782,0.8304,PROTEINS,GIN,300,gn,proteins_gin_gn_fast
gn_2.txt,gn,2,215,0.6967,0.7762,0.8125,PROTEINS,GIN,300,gn,proteins_gin_gn_fast
gn_2.txt,gn,2,216,0.6964,0.7752,0.8036,PROTEINS,GIN,300,gn,proteins_gin_gn_fast
gn_2.txt,gn,2,217,0.696,0.7562,0.7321,PROTEINS,GIN,300,gn,proteins_gin_gn_fast
gn_2.txt,gn,2,218,0.6957,0.7323,0.7232,PROTEINS,GIN,300,gn,proteins_gin_gn_fast
gn_2.txt,gn,2,219,0.6954,0.7632,0.7589,PROTEINS,GIN,300,gn,proteins_gin_gn_fast
gn_2.txt,gn,2,220,0.6951,0.7542,0.7411,PROTEINS,GIN,300,gn,proteins_gin_gn_fast
gn_2.txt,gn,2,221,0.6948,0.6953,0.6607,PROTEINS,GIN,300,gn,proteins_gin_gn_fast
gn_2.txt,gn,2,222,0.6946,0.7582,0.7946,PROTEINS,GIN,300,gn,proteins_gin_gn_fast
gn_2.txt,gn,2,223,0.6943,0.7722,0.7946,PROTEINS,GIN,300,gn,proteins_gin_gn_fast
gn_2.txt,gn,2,224,0.694,0.7762,0.8125,PROTEINS,GIN,300,gn,proteins_gin_gn_fast
gn_2.txt,gn,2,225,0.6937,0.7802,0.7946,PROTEINS,GIN,300,gn,proteins_gin_gn_fast
gn_2.txt,gn,2,226,0.6934,0.7782,0.8036,PROTEINS,GIN,300,gn,proteins_gin_gn_fast
gn_2.txt,gn,2,227,0.6931,0.7732,0.8304,PROTEINS,GIN,300,gn,proteins_gin_gn_fast
gn_2.txt,gn,2,228,0.6929,0.7802,0.8036,PROTEINS,GIN,300,gn,proteins_gin_gn_fast
gn_2.txt,gn,2,229,0.6926,0.7522,0.7321,PROTEINS,GIN,300,gn,proteins_gin_gn_fast
gn_2.txt,gn,2,230,0.6923,0.7582,0.8214,PROTEINS,GIN,300,gn,proteins_gin_gn_fast
gn_2.txt,gn,2,231,0.6921,0.7772,0.8125,PROTEINS,GIN,300,gn,proteins_gin_gn_fast
gn_2.txt,gn,2,232,0.6918,0.7822,0.8125,PROTEINS,GIN,300,gn,proteins_gin_gn_fast
gn_2.txt,gn,2,233,0.6915,0.7752,0.7857,PROTEINS,GIN,300,gn,proteins_gin_gn_fast
gn_2.txt,gn,2,234,0.6913,0.7333,0.7232,PROTEINS,GIN,300,gn,proteins_gin_gn_fast
gn_2.txt,gn,2,235,0.691,0.7403,0.7054,PROTEINS,GIN,300,gn,proteins_gin_gn_fast
gn_2.txt,gn,2,236,0.6907,0.7872,0.8036,PROTEINS,GIN,300,gn,proteins_gin_gn_fast
gn_2.txt,gn,2,237,0.6904,0.7822,0.7946,PROTEINS,GIN,300,gn,proteins_gin_gn_fast
gn_2.txt,gn,2,238,0.6902,0.7702,0.8393,PROTEINS,GIN,300,gn,proteins_gin_gn_fast
gn_2.txt,gn,2,239,0.6899,0.7862,0.8036,PROTEINS,GIN,300,gn,proteins_gin_gn_fast
gn_2.txt,gn,2,240,0.6897,0.7582,0.7768,PROTEINS,GIN,300,gn,proteins_gin_gn_fast
gn_2.txt,gn,2,241,0.6896,0.7493,0.7054,PROTEINS,GIN,300,gn,proteins_gin_gn_fast
gn_2.txt,gn,2,242,0.6895,0.7233,0.6696,PROTEINS,GIN,300,gn,proteins_gin_gn_fast
gn_2.txt,gn,2,243,0.6893,0.7632,0.7946,PROTEINS,GIN,300,gn,proteins_gin_gn_fast
gn_2.txt,gn,2,244,0.6891,0.7612,0.8036,PROTEINS,GIN,300,gn,proteins_gin_gn_fast
gn_2.txt,gn,2,245,0.6889,0.7742,0.8036,PROTEINS,GIN,300,gn,proteins_gin_gn_fast
gn_2.txt,gn,2,246,0.6889,0.7642,0.7857,PROTEINS,GIN,300,gn,proteins_gin_gn_fast
gn_2.txt,gn,2,247,0.6889,0.7692,0.8036,PROTEINS,GIN,300,gn,proteins_gin_gn_fast
gn_2.txt,gn,2,248,0.6889,0.7722,0.8125,PROTEINS,GIN,300,gn,proteins_gin_gn_fast
gn_2.txt,gn,2,249,0.6887,0.7802,0.8304,PROTEINS,GIN,300,gn,proteins_gin_gn_fast
gn_2.txt,gn,2,250,0.6885,0.7692,0.7946,PROTEINS,GIN,300,gn,proteins_gin_gn_fast
gn_2.txt,gn,2,251,0.6882,0.7622,0.8214,PROTEINS,GIN,300,gn,proteins_gin_gn_fast
gn_2.txt,gn,2,252,0.6879,0.7832,0.7946,PROTEINS,GIN,300,gn,proteins_gin_gn_fast
gn_2.txt,gn,2,253,0.6877,0.7712,0.7857,PROTEINS,GIN,300,gn,proteins_gin_gn_fast
gn_2.txt,gn,2,254,0.6875,0.7812,0.8304,PROTEINS,GIN,300,gn,proteins_gin_gn_fast
gn_2.txt,gn,2,255,0.6872,0.7722,0.8214,PROTEINS,GIN,300,gn,proteins_gin_gn_fast
gn_2.txt,gn,2,256,0.6869,0.7762,0.8125,PROTEINS,GIN,300,gn,proteins_gin_gn_fast
gn_2.txt,gn,2,257,0.6867,0.7742,0.7857,PROTEINS,GIN,300,gn,proteins_gin_gn_fast
gn_2.txt,gn,2,258,0.6865,0.7812,0.8304,PROTEINS,GIN,300,gn,proteins_gin_gn_fast
gn_2.txt,gn,2,259,0.6863,0.7782,0.8214,PROTEINS,GIN,300,gn,proteins_gin_gn_fast
gn_2.txt,gn,2,260,0.686,0.7692,0.7857,PROTEINS,GIN,300,gn,proteins_gin_gn_fast
gn_2.txt,gn,2,261,0.6858,0.7842,0.8214,PROTEINS,GIN,300,gn,proteins_gin_gn_fast
gn_2.txt,gn,2,262,0.6856,0.7752,0.8125,PROTEINS,GIN,300,gn,proteins_gin_gn_fast
gn_2.txt,gn,2,263,0.6854,0.7872,0.8125,PROTEINS,GIN,300,gn,proteins_gin_gn_fast
gn_2.txt,gn,2,264,0.6852,0.7812,0.8214,PROTEINS,GIN,300,gn,proteins_gin_gn_fast
gn_2.txt,gn,2,265,0.6849,0.7562,0.8036,PROTEINS,GIN,300,gn,proteins_gin_gn_fast
gn_2.txt,gn,2,266,0.6849,0.7812,0.8036,PROTEINS,GIN,300,gn,proteins_gin_gn_fast
gn_2.txt,gn,2,267,0.6848,0.7782,0.8304,PROTEINS,GIN,300,gn,proteins_gin_gn_fast
gn_2.txt,gn,2,268,0.6846,0.7762,0.8214,PROTEINS,GIN,300,gn,proteins_gin_gn_fast
gn_2.txt,gn,2,269,0.6845,0.7782,0.7768,PROTEINS,GIN,300,gn,proteins_gin_gn_fast
gn_2.txt,gn,2,270,0.6843,0.7772,0.7946,PROTEINS,GIN,300,gn,proteins_gin_gn_fast
gn_2.txt,gn,2,271,0.6842,0.7842,0.8125,PROTEINS,GIN,300,gn,proteins_gin_gn_fast
gn_2.txt,gn,2,272,0.684,0.7852,0.8036,PROTEINS,GIN,300,gn,proteins_gin_gn_fast
gn_2.txt,gn,2,273,0.6839,0.7782,0.7946,PROTEINS,GIN,300,gn,proteins_gin_gn_fast
gn_2.txt,gn,2,274,0.6838,0.7852,0.8214,PROTEINS,GIN,300,gn,proteins_gin_gn_fast
gn_2.txt,gn,2,275,0.6837,0.7852,0.8214,PROTEINS,GIN,300,gn,proteins_gin_gn_fast
gn_2.txt,gn,2,276,0.6836,0.7862,0.8304,PROTEINS,GIN,300,gn,proteins_gin_gn_fast
gn_2.txt,gn,2,277,0.6835,0.7842,0.8304,PROTEINS,GIN,300,gn,proteins_gin_gn_fast
gn_2.txt,gn,2,278,0.6836,0.7822,0.8214,PROTEINS,GIN,300,gn,proteins_gin_gn_fast
gn_2.txt,gn,2,279,0.6837,0.7832,0.8125,PROTEINS,GIN,300,gn,proteins_gin_gn_fast
gn_2.txt,gn,2,280,0.6841,0.7802,0.8125,PROTEINS,GIN,300,gn,proteins_gin_gn_fast
gn_2.txt,gn,2,281,0.6842,0.7762,0.8036,PROTEINS,GIN,300,gn,proteins_gin_gn_fast
gn_2.txt,gn,2,282,0.6843,0.7762,0.7946,PROTEINS,GIN,300,gn,proteins_gin_gn_fast
gn_2.txt,gn,2,283,0.6843,0.7712,0.8393,PROTEINS,GIN,300,gn,proteins_gin_gn_fast
gn_2.txt,gn,2,284,0.6842,0.7852,0.8214,PROTEINS,GIN,300,gn,proteins_gin_gn_fast
gn_2.txt,gn,2,285,0.6844,0.7912,0.8125,PROTEINS,GIN,300,gn,proteins_gin_gn_fast
gn_2.txt,gn,2,286,0.6855,0.7832,0.8125,PROTEINS,GIN,300,gn,proteins_gin_gn_fast
gn_2.txt,gn,2,287,0.6886,0.7902,0.8125,PROTEINS,GIN,300,gn,proteins_gin_gn_fast
gn_2.txt,gn,2,288,0.6887,0.7882,0.8214,PROTEINS,GIN,300,gn,proteins_gin_gn_fast
gn_2.txt,gn,2,289,0.6886,0.7882,0.8125,PROTEINS,GIN,300,gn,proteins_gin_gn_fast
gn_2.txt,gn,2,290,0.6885,0.7872,0.8304,PROTEINS,GIN,300,gn,proteins_gin_gn_fast
gn_2.txt,gn,2,291,0.6884,0.7842,0.8214,PROTEINS,GIN,300,gn,proteins_gin_gn_fast
gn_2.txt,gn,2,292,0.6883,0.7862,0.8125,PROTEINS,GIN,300,gn,proteins_gin_gn_fast
gn_2.txt,gn,2,293,0.6882,0.7842,0.8214,PROTEINS,GIN,300,gn,proteins_gin_gn_fast
gn_2.txt,gn,2,294,0.6881,0.7862,0.7946,PROTEINS,GIN,300,gn,proteins_gin_gn_fast
gn_2.txt,gn,2,295,0.6882,0.7872,0.7946,PROTEINS,GIN,300,gn,proteins_gin_gn_fast
gn_2.txt,gn,2,296,0.6884,0.7882,0.8214,PROTEINS,GIN,300,gn,proteins_gin_gn_fast
gn_2.txt,gn,2,297,0.6884,0.7922,0.8393,PROTEINS,GIN,300,gn,proteins_gin_gn_fast
gn_2.txt,gn,2,298,0.6885,0.7952,0.8393,PROTEINS,GIN,300,gn,proteins_gin_gn_fast
gn_2.txt,gn,2,299,0.6885,0.7872,0.8214,PROTEINS,GIN,300,gn,proteins_gin_gn_fast
gn_2.txt,gn,2,300,0.6885,0.7872,0.8304,PROTEINS,GIN,300,gn,proteins_gin_gn_fast
gsgn_0.txt,gsgn,0,1,0.6255,0.5954,0.5982,PROTEINS,GIN,300,gsgn,proteins_gin_gn_fast
gsgn_0.txt,gsgn,0,2,0.622,0.6034,0.6161,PROTEINS,GIN,300,gsgn,proteins_gin_gn_fast
gsgn_0.txt,gsgn,0,3,0.6207,0.7273,0.75,PROTEINS,GIN,300,gsgn,proteins_gin_gn_fast
gsgn_0.txt,gsgn,0,4,0.6233,0.7393,0.75,PROTEINS,GIN,300,gsgn,proteins_gin_gn_fast
gsgn_0.txt,gsgn,0,5,0.6192,0.5514,0.4911,PROTEINS,GIN,300,gsgn,proteins_gin_gn_fast
gsgn_0.txt,gsgn,0,6,0.6192,0.7413,0.7768,PROTEINS,GIN,300,gsgn,proteins_gin_gn_fast
gsgn_0.txt,gsgn,0,7,0.6194,0.5954,0.5982,PROTEINS,GIN,300,gsgn,proteins_gin_gn_fast
gsgn_0.txt,gsgn,0,8,0.6189,0.5954,0.5982,PROTEINS,GIN,300,gsgn,proteins_gin_gn_fast
gsgn_0.txt,gsgn,0,9,0.6188,0.4046,0.4018,PROTEINS,GIN,300,gsgn,proteins_gin_gn_fast
gsgn_0.txt,gsgn,0,10,0.6192,0.4525,0.4464,PROTEINS,GIN,300,gsgn,proteins_gin_gn_fast
gsgn_0.txt,gsgn,0,11,0.6189,0.5335,0.5179,PROTEINS,GIN,300,gsgn,proteins_gin_gn_fast
gsgn_0.txt,gsgn,0,12,0.6253,0.7473,0.75,PROTEINS,GIN,300,gsgn,proteins_gin_gn_fast
gsgn_0.txt,gsgn,0,13,0.6312,0.7083,0.7232,PROTEINS,GIN,300,gsgn,proteins_gin_gn_fast
gsgn_0.txt,gsgn,0,14,0.631,0.7552,0.7589,PROTEINS,GIN,300,gsgn,proteins_gin_gn_fast
gsgn_0.txt,gsgn,0,15,0.6305,0.7502,0.7768,PROTEINS,GIN,300,gsgn,proteins_gin_gn_fast
gsgn_0.txt,gsgn,0,16,0.6294,0.5295,0.4911,PROTEINS,GIN,300,gsgn,proteins_gin_gn_fast
gsgn_0.txt,gsgn,0,17,0.6322,0.7522,0.7679,PROTEINS,GIN,300,gsgn,proteins_gin_gn_fast
gsgn_0.txt,gsgn,0,18,0.6309,0.7403,0.7411,PROTEINS,GIN,300,gsgn,proteins_gin_gn_fast
gsgn_0.txt,gsgn,0,19,0.6316,0.7542,0.7679,PROTEINS,GIN,300,gsgn,proteins_gin_gn_fast
gsgn_0.txt,gsgn,0,20,0.6335,0.7453,0.7411,PROTEINS,GIN,300,gsgn,proteins_gin_gn_fast
gsgn_0.txt,gsgn,0,21,0.6337,0.7562,0.7946,PROTEINS,GIN,300,gsgn,proteins_gin_gn_fast
gsgn_0.txt,gsgn,0,22,0.6346,0.7552,0.8125,PROTEINS,GIN,300,gsgn,proteins_gin_gn_fast
gsgn_0.txt,gsgn,0,23,0.6339,0.4545,0.4286,PROTEINS,GIN,300,gsgn,proteins_gin_gn_fast
gsgn_0.txt,gsgn,0,24,0.6328,0.7622,0.7768,PROTEINS,GIN,300,gsgn,proteins_gin_gn_fast
gsgn_0.txt,gsgn,0,25,0.6321,0.4356,0.4196,PROTEINS,GIN,300,gsgn,proteins_gin_gn_fast
gsgn_0.txt,gsgn,0,26,0.6317,0.6683,0.6964,PROTEINS,GIN,300,gsgn,proteins_gin_gn_fast
gsgn_0.txt,gsgn,0,27,0.6315,0.7592,0.7679,PROTEINS,GIN,300,gsgn,proteins_gin_gn_fast
gsgn_0.txt,gsgn,0,28,0.6309,0.5624,0.5268,PROTEINS,GIN,300,gsgn,proteins_gin_gn_fast
gsgn_0.txt,gsgn,0,29,0.6307,0.4725,0.4286,PROTEINS,GIN,300,gsgn,proteins_gin_gn_fast
gsgn_0.txt,gsgn,0,30,0.6307,0.7123,0.7143,PROTEINS,GIN,300,gsgn,proteins_gin_gn_fast
gsgn_0.txt,gsgn,0,31,0.6301,0.7532,0.7857,PROTEINS,GIN,300,gsgn,proteins_gin_gn_fast
gsgn_0.txt,gsgn,0,32,0.63,0.7063,0.7143,PROTEINS,GIN,300,gsgn,proteins_gin_gn_fast
gsgn_0.txt,gsgn,0,33,0.6297,0.7522,0.7679,PROTEINS,GIN,300,gsgn,proteins_gin_gn_fast
gsgn_0.txt,gsgn,0,34,0.6295,0.7522,0.7679,PROTEINS,GIN,300,gsgn,proteins_gin_gn_fast
gsgn_0.txt,gsgn,0,35,0.6296,0.7522,0.7857,PROTEINS,GIN,300,gsgn,proteins_gin_gn_fast
gsgn_0.txt,gsgn,0,36,0.6295,0.7233,0.7411,PROTEINS,GIN,300,gsgn,proteins_gin_gn_fast
gsgn_0.txt,gsgn,0,37,0.6292,0.7403,0.7679,PROTEINS,GIN,300,gsgn,proteins_gin_gn_fast
gsgn_0.txt,gsgn,0,38,0.6296,0.6863,0.6786,PROTEINS,GIN,300,gsgn,proteins_gin_gn_fast
gsgn_0.txt,gsgn,0,39,0.6295,0.7552,0.7946,PROTEINS,GIN,300,gsgn,proteins_gin_gn_fast
gsgn_0.txt,gsgn,0,40,0.6297,0.7522,0.7589,PROTEINS,GIN,300,gsgn,proteins_gin_gn_fast
gsgn_0.txt,gsgn,0,41,0.6296,0.6603,0.6786,PROTEINS,GIN,300,gsgn,proteins_gin_gn_fast
gsgn_0.txt,gsgn,0,42,0.6298,0.7552,0.7679,PROTEINS,GIN,300,gsgn,proteins_gin_gn_fast
gsgn_0.txt,gsgn,0,43,0.6297,0.6733,0.6607,PROTEINS,GIN,300,gsgn,proteins_gin_gn_fast
gsgn_0.txt,gsgn,0,44,0.6296,0.7433,0.75,PROTEINS,GIN,300,gsgn,proteins_gin_gn_fast
gsgn_0.txt,gsgn,0,45,0.6296,0.6803,0.7054,PROTEINS,GIN,300,gsgn,proteins_gin_gn_fast
gsgn_0.txt,gsgn,0,46,0.63,0.7393,0.75,PROTEINS,GIN,300,gsgn,proteins_gin_gn_fast
gsgn_0.txt,gsgn,0,47,0.6299,0.7283,0.7232,PROTEINS,GIN,300,gsgn,proteins_gin_gn_fast
gsgn_0.txt,gsgn,0,48,0.6311,0.7473,0.7679,PROTEINS,GIN,300,gsgn,proteins_gin_gn_fast
gsgn_0.txt,gsgn,0,49,0.6326,0.7572,0.7768,PROTEINS,GIN,300,gsgn,proteins_gin_gn_fast
gsgn_0.txt,gsgn,0,50,0.6337,0.7273,0.7321,PROTEINS,GIN,300,gsgn,proteins_gin_gn_fast
gsgn_0.txt,gsgn,0,51,0.6359,0.7592,0.7411,PROTEINS,GIN,300,gsgn,proteins_gin_gn_fast
gsgn_0.txt,gsgn,0,52,0.6372,0.7003,0.7143,PROTEINS,GIN,300,gsgn,proteins_gin_gn_fast
gsgn_0.txt,gsgn,0,53,0.6418,0.7542,0.7679,PROTEINS,GIN,300,gsgn,proteins_gin_gn_fast
gsgn_0.txt,gsgn,0,54,0.6449,0.6224,0.6161,PROTEINS,GIN,300,gsgn,proteins_gin_gn_fast
gsgn_0.txt,gsgn,0,55,0.6452,0.7592,0.7857,PROTEINS,GIN,300,gsgn,proteins_gin_gn_fast
gsgn_0.txt,gsgn,0,56,0.6452,0.7542,0.7679,PROTEINS,GIN,300,gsgn,proteins_gin_gn_fast
gsgn_0.txt,gsgn,0,57,0.6453,0.7702,0.7857,PROTEINS,GIN,300,gsgn,proteins_gin_gn_fast
gsgn_0.txt,gsgn,0,58,0.6453,0.7173,0.7143,PROTEINS,GIN,300,gsgn,proteins_gin_gn_fast
gsgn_0.txt,gsgn,0,59,0.6453,0.7642,0.7768,PROTEINS,GIN,300,gsgn,proteins_gin_gn_fast
gsgn_0.txt,gsgn,0,60,0.6451,0.7642,0.7589,PROTEINS,GIN,300,gsgn,proteins_gin_gn_fast
gsgn_0.txt,gsgn,0,61,0.6451,0.7343,0.7321,PROTEINS,GIN,300,gsgn,proteins_gin_gn_fast
gsgn_0.txt,gsgn,0,62,0.6451,0.6304,0.6518,PROTEINS,GIN,300,gsgn,proteins_gin_gn_fast
gsgn_0.txt,gsgn,0,63,0.6449,0.7243,0.7411,PROTEINS,GIN,300,gsgn,proteins_gin_gn_fast
gsgn_0.txt,gsgn,0,64,0.645,0.7223,0.7321,PROTEINS,GIN,300,gsgn,proteins_gin_gn_fast
gsgn_0.txt,gsgn,0,65,0.645,0.7592,0.7768,PROTEINS,GIN,300,gsgn,proteins_gin_gn_fast
gsgn_0.txt,gsgn,0,66,0.6452,0.7622,0.7679,PROTEINS,GIN,300,gsgn,proteins_gin_gn_fast
gsgn_0.txt,gsgn,0,67,0.6452,0.6823,0.6518,PROTEINS,GIN,300,gsgn,proteins_gin_gn_fast
gsgn_0.txt,gsgn,0,68,0.6453,0.7562,0.7679,PROTEINS,GIN,300,gsgn,proteins_gin_gn_fast
gsgn_0.txt,gsgn,0,69,0.6454,0.7263,0.7321,PROTEINS,GIN,300,gsgn,proteins_gin_gn_fast
gsgn_0.txt,gsgn,0,70,0.646,0.7013,0.6964,PROTEINS,GIN,300,gsgn,proteins_gin_gn_fast
gsgn_0.txt,gsgn,0,71,0.6463,0.6234,0.625,PROTEINS,GIN,300,gsgn,proteins_gin_gn_fast
gsgn_0.txt,gsgn,0,72,0.6465,0.7183,0.7232,PROTEINS,GIN,300,gsgn,proteins_gin_gn_fast
gsgn_0.txt,gsgn,0,73,0.6467,0.7612,0.75,PROTEINS,GIN,300,gsgn,proteins_gin_gn_fast
gsgn_0.txt,gsgn,0,74,0.6469,0.7163,0.7143,PROTEINS,GIN,300,gsgn,proteins_gin_gn_fast
gsgn_0.txt,gsgn,0,75,0.6472,0.6933,0.6607,PROTEINS,GIN,300,gsgn,proteins_gin_gn_fast
gsgn_0.txt,gsgn,0,76,0.6473,0.7562,0.7589,PROTEINS,GIN,300,gsgn,proteins_gin_gn_fast
gsgn_0.txt,gsgn,0,77,0.6473,0.7552,0.7679,PROTEINS,GIN,300,gsgn,proteins_gin_gn_fast
gsgn_0.txt,gsgn,0,78,0.6475,0.7712,0.7679,PROTEINS,GIN,300,gsgn,proteins_gin_gn_fast
gsgn_0.txt,gsgn,0,79,0.6483,0.7612,0.7768,PROTEINS,GIN,300,gsgn,proteins_gin_gn_fast
gsgn_0.txt,gsgn,0,80,0.6486,0.7493,0.7679,PROTEINS,GIN,300,gsgn,proteins_gin_gn_fast
gsgn_0.txt,gsgn,0,81,0.6497,0.7443,0.7679,PROTEINS,GIN,300,gsgn,proteins_gin_gn_fast
gsgn_0.txt,gsgn,0,82,0.6518,0.6823,0.6696,PROTEINS,GIN,300,gsgn,proteins_gin_gn_fast
gsgn_0.txt,gsgn,0,83,0.6532,0.7632,0.7768,PROTEINS,GIN,300,gsgn,proteins_gin_gn_fast
gsgn_0.txt,gsgn,0,84,0.6534,0.7712,0.7768,PROTEINS,GIN,300,gsgn,proteins_gin_gn_fast
gsgn_0.txt,gsgn,0,85,0.654,0.7453,0.7768,PROTEINS,GIN,300,gsgn,proteins_gin_gn_fast
gsgn_0.txt,gsgn,0,86,0.6549,0.7622,0.7857,PROTEINS,GIN,300,gsgn,proteins_gin_gn_fast
gsgn_0.txt,gsgn,0,87,0.6556,0.7772,0.7768,PROTEINS,GIN,300,gsgn,proteins_gin_gn_fast
gsgn_0.txt,gsgn,0,88,0.6563,0.7702,0.7768,PROTEINS,GIN,300,gsgn,proteins_gin_gn_fast
gsgn_0.txt,gsgn,0,89,0.657,0.7333,0.7589,PROTEINS,GIN,300,gsgn,proteins_gin_gn_fast
gsgn_0.txt,gsgn,0,90,0.657,0.7542,0.7679,PROTEINS,GIN,300,gsgn,proteins_gin_gn_fast
gsgn_0.txt,gsgn,0,91,0.657,0.7233,0.7232,PROTEINS,GIN,300,gsgn,proteins_gin_gn_fast
gsgn_0.txt,gsgn,0,92,0.657,0.7512,0.7768,PROTEINS,GIN,300,gsgn,proteins_gin_gn_fast
gsgn_0.txt,gsgn,0,93,0.6571,0.7343,0.7321,PROTEINS,GIN,300,gsgn,proteins_gin_gn_fast
gsgn_0.txt,gsgn,0,94,0.6572,0.7253,0.7321,PROTEINS,GIN,300,gsgn,proteins_gin_gn_fast
gsgn_0.txt,gsgn,0,95,0.6572,0.7542,0.7589,PROTEINS,GIN,300,gsgn,proteins_gin_gn_fast
gsgn_0.txt,gsgn,0,96,0.6573,0.7662,0.75,PROTEINS,GIN,300,gsgn,proteins_gin_gn_fast
gsgn_0.txt,gsgn,0,97,0.6574,0.7542,0.7768,PROTEINS,GIN,300,gsgn,proteins_gin_gn_fast
gsgn_0.txt,gsgn,0,98,0.6575,0.7552,0.7679,PROTEINS,GIN,300,gsgn,proteins_gin_gn_fast
gsgn_0.txt,gsgn,0,99,0.6575,0.7562,0.7679,PROTEINS,GIN,300,gsgn,proteins_gin_gn_fast
gsgn_0.txt,gsgn,0,100,0.6576,0.7512,0.7679,PROTEINS,GIN,300,gsgn,proteins_gin_gn_fast
gsgn_0.txt,gsgn,0,101,0.6577,0.7622,0.7232,PROTEINS,GIN,300,gsgn,proteins_gin_gn_fast
gsgn_0.txt,gsgn,0,102,0.6577,0.7552,0.7232,PROTEINS,GIN,300,gsgn,proteins_gin_gn_fast
gsgn_0.txt,gsgn,0,103,0.6578,0.7522,0.7679,PROTEINS,GIN,300,gsgn,proteins_gin_gn_fast
gsgn_0.txt,gsgn,0,104,0.658,0.7632,0.7589,PROTEINS,GIN,300,gsgn,proteins_gin_gn_fast
gsgn_0.txt,gsgn,0,105,0.658,0.7253,0.7589,PROTEINS,GIN,300,gsgn,proteins_gin_gn_fast
gsgn_0.txt,gsgn,0,106,0.6581,0.7473,0.7768,PROTEINS,GIN,300,gsgn,proteins_gin_gn_fast
gsgn_0.txt,gsgn,0,107,0.6583,0.7233,0.7232,PROTEINS,GIN,300,gsgn,proteins_gin_gn_fast
gsgn_0.txt,gsgn,0,108,0.6583,0.6503,0.6339,PROTEINS,GIN,300,gsgn,proteins_gin_gn_fast
gsgn_0.txt,gsgn,0,109,0.6585,0.7343,0.7321,PROTEINS,GIN,300,gsgn,proteins_gin_gn_fast
gsgn_0.txt,gsgn,0,110,0.6586,0.7483,0.75,PROTEINS,GIN,300,gsgn,proteins_gin_gn_fast
gsgn_0.txt,gsgn,0,111,0.659,0.7702,0.7679,PROTEINS,GIN,300,gsgn,proteins_gin_gn_fast
gsgn_0.txt,gsgn,0,112,0.6591,0.7413,0.7589,PROTEINS,GIN,300,gsgn,proteins_gin_gn_fast
gsgn_0.txt,gsgn,0,113,0.6593,0.7433,0.7589,PROTEINS,GIN,300,gsgn,proteins_gin_gn_fast
gsgn_0.txt,gsgn,0,114,0.6595,0.7712,0.7589,PROTEINS,GIN,300,gsgn,proteins_gin_gn_fast
gsgn_0.txt,gsgn,0,115,0.6597,0.7453,0.7589,PROTEINS,GIN,300,gsgn,proteins_gin_gn_fast
gsgn_0.txt,gsgn,0,116,0.6598,0.7612,0.7589,PROTEINS,GIN,300,gsgn,proteins_gin_gn_fast
gsgn_0.txt,gsgn,0,117,0.66,0.7672,0.7589,PROTEINS,GIN,300,gsgn,proteins_gin_gn_fast
gsgn_0.txt,gsgn,0,118,0.6602,0.7662,0.7589,PROTEINS,GIN,300,gsgn,proteins_gin_gn_fast
gsgn_0.txt,gsgn,0,119,0.6604,0.7612,0.7589,PROTEINS,GIN,300,gsgn,proteins_gin_gn_fast
gsgn_0.txt,gsgn,0,120,0.6606,0.7542,0.7589,PROTEINS,GIN,300,gsgn,proteins_gin_gn_fast
gsgn_0.txt,gsgn,0,121,0.6618,0.7702,0.7411,PROTEINS,GIN,300,gsgn,proteins_gin_gn_fast
gsgn_0.txt,gsgn,0,122,0.6623,0.7532,0.7768,PROTEINS,GIN,300,gsgn,proteins_gin_gn_fast
gsgn_0.txt,gsgn,0,123,0.6627,0.7742,0.75,PROTEINS,GIN,300,gsgn,proteins_gin_gn_fast
gsgn_0.txt,gsgn,0,124,0.663,0.7592,0.7589,PROTEINS,GIN,300,gsgn,proteins_gin_gn_fast
gsgn_0.txt,gsgn,0,125,0.663,0.6414,0.625,PROTEINS,GIN,300,gsgn,proteins_gin_gn_fast
gsgn_0.txt,gsgn,0,126,0.6632,0.7323,0.75,PROTEINS,GIN,300,gsgn,proteins_gin_gn_fast
gsgn_0.txt,gsgn,0,127,0.6633,0.6593,0.6161,PROTEINS,GIN,300,gsgn,proteins_gin_gn_fast
gsgn_0.txt,gsgn,0,128,0.6633,0.7682,0.7768,PROTEINS,GIN,300,gsgn,proteins_gin_gn_fast
gsgn_0.txt,gsgn,0,129,0.6634,0.7433,0.75,PROTEINS,GIN,300,gsgn,proteins_gin_gn_fast
gsgn_0.txt,gsgn,0,130,0.6634,0.7103,0.7411,PROTEINS,GIN,300,gsgn,proteins_gin_gn_fast
gsgn_0.txt,gsgn,0,131,0.6635,0.7383,0.75,PROTEINS,GIN,300,gsgn,proteins_gin_gn_fast
gsgn_0.txt,gsgn,0,132,0.6635,0.7453,0.7589,PROTEINS,GIN,300,gsgn,proteins_gin_gn_fast
gsgn_0.txt,gsgn,0,133,0.6639,0.7682,0.7589,PROTEINS,GIN,300,gsgn,proteins_gin_gn_fast
gsgn_0.txt,gsgn,0,134,0.664,0.7612,0.7411,PROTEINS,GIN,300,gsgn,proteins_gin_gn_fast
gsgn_0.txt,gsgn,0,135,0.6641,0.7403,0.7054,PROTEINS,GIN,300,gsgn,proteins_gin_gn_fast
gsgn_0.txt,gsgn,0,136,0.6642,0.7732,0.7589,PROTEINS,GIN,300,gsgn,proteins_gin_gn_fast
gsgn_0.txt,gsgn,0,137,0.6642,0.7712,0.75,PROTEINS,GIN,300,gsgn,proteins_gin_gn_fast
gsgn_0.txt,gsgn,0,138,0.6643,0.7473,0.7411,PROTEINS,GIN,300,gsgn,proteins_gin_gn_fast
gsgn_0.txt,gsgn,0,139,0.6644,0.7682,0.7679,PROTEINS,GIN,300,gsgn,proteins_gin_gn_fast
gsgn_0.txt,gsgn,0,140,0.6645,0.7622,0.7589,PROTEINS,GIN,300,gsgn,proteins_gin_gn_fast
gsgn_0.txt,gsgn,0,141,0.6647,0.7702,0.7589,PROTEINS,GIN,300,gsgn,proteins_gin_gn_fast
gsgn_0.txt,gsgn,0,142,0.6648,0.7453,0.75,PROTEINS,GIN,300,gsgn,proteins_gin_gn_fast
gsgn_0.txt,gsgn,0,143,0.6649,0.7702,0.7679,PROTEINS,GIN,300,gsgn,proteins_gin_gn_fast
gsgn_0.txt,gsgn,0,144,0.6651,0.7652,0.7589,PROTEINS,GIN,300,gsgn,proteins_gin_gn_fast
gsgn_0.txt,gsgn,0,145,0.6652,0.7463,0.7589,PROTEINS,GIN,300,gsgn,proteins_gin_gn_fast
gsgn_0.txt,gsgn,0,146,0.6653,0.7502,0.75,PROTEINS,GIN,300,gsgn,proteins_gin_gn_fast
gsgn_0.txt,gsgn,0,147,0.6654,0.7612,0.7589,PROTEINS,GIN,300,gsgn,proteins_gin_gn_fast
gsgn_0.txt,gsgn,0,148,0.6655,0.7782,0.7589,PROTEINS,GIN,300,gsgn,proteins_gin_gn_fast
gsgn_0.txt,gsgn,0,149,0.666,0.7632,0.75,PROTEINS,GIN,300,gsgn,proteins_gin_gn_fast
gsgn_0.txt,gsgn,0,150,0.6663,0.7742,0.7679,PROTEINS,GIN,300,gsgn,proteins_gin_gn_fast
gsgn_0.txt,gsgn,0,151,0.6666,0.6653,0.5804,PROTEINS,GIN,300,gsgn,proteins_gin_gn_fast
gsgn_0.txt,gsgn,0,152,0.6667,0.7622,0.7589,PROTEINS,GIN,300,gsgn,proteins_gin_gn_fast
gsgn_0.txt,gsgn,0,153,0.6668,0.7622,0.7679,PROTEINS,GIN,300,gsgn,proteins_gin_gn_fast
gsgn_0.txt,gsgn,0,154,0.6672,0.7632,0.7411,PROTEINS,GIN,300,gsgn,proteins_gin_gn_fast
gsgn_0.txt,gsgn,0,155,0.668,0.7542,0.7679,PROTEINS,GIN,300,gsgn,proteins_gin_gn_fast
gsgn_0.txt,gsgn,0,156,0.6685,0.7742,0.7589,PROTEINS,GIN,300,gsgn,proteins_gin_gn_fast
gsgn_0.txt,gsgn,0,157,0.6689,0.7592,0.7589,PROTEINS,GIN,300,gsgn,proteins_gin_gn_fast
gsgn_0.txt,gsgn,0,158,0.6692,0.7233,0.75,PROTEINS,GIN,300,gsgn,proteins_gin_gn_fast
gsgn_0.txt,gsgn,0,159,0.6694,0.6803,0.5982,PROTEINS,GIN,300,gsgn,proteins_gin_gn_fast
gsgn_0.txt,gsgn,0,160,0.6695,0.7383,0.7411,PROTEINS,GIN,300,gsgn,proteins_gin_gn_fast
gsgn_0.txt,gsgn,0,161,0.6696,0.7632,0.75,PROTEINS,GIN,300,gsgn,proteins_gin_gn_fast
gsgn_0.txt,gsgn,0,162,0.6696,0.7572,0.7589,PROTEINS,GIN,300,gsgn,proteins_gin_gn_fast
gsgn_0.txt,gsgn,0,163,0.6698,0.7562,0.7589,PROTEINS,GIN,300,gsgn,proteins_gin_gn_fast
gsgn_0.txt,gsgn,0,164,0.6699,0.7652,0.7679,PROTEINS,GIN,300,gsgn,proteins_gin_gn_fast
gsgn_0.txt,gsgn,0,165,0.67,0.7672,0.7589,PROTEINS,GIN,300,gsgn,proteins_gin_gn_fast
gsgn_0.txt,gsgn,0,166,0.6703,0.7652,0.7411,PROTEINS,GIN,300,gsgn,proteins_gin_gn_fast
gsgn_0.txt,gsgn,0,167,0.6704,0.7612,0.7411,PROTEINS,GIN,300,gsgn,proteins_gin_gn_fast
gsgn_0.txt,gsgn,0,168,0.6706,0.7662,0.7589,PROTEINS,GIN,300,gsgn,proteins_gin_gn_fast
gsgn_0.txt,gsgn,0,169,0.6707,0.7632,0.7679,PROTEINS,GIN,300,gsgn,proteins_gin_gn_fast
gsgn_0.txt,gsgn,0,170,0.6708,0.7652,0.7589,PROTEINS,GIN,300,gsgn,proteins_gin_gn_fast
gsgn_0.txt,gsgn,0,171,0.6709,0.7722,0.75,PROTEINS,GIN,300,gsgn,proteins_gin_gn_fast
gsgn_0.txt,gsgn,0,172,0.6709,0.7572,0.75,PROTEINS,GIN,300,gsgn,proteins_gin_gn_fast
gsgn_0.txt,gsgn,0,173,0.671,0.7592,0.7679,PROTEINS,GIN,300,gsgn,proteins_gin_gn_fast
gsgn_0.txt,gsgn,0,174,0.6711,0.7722,0.7589,PROTEINS,GIN,300,gsgn,proteins_gin_gn_fast
gsgn_0.txt,gsgn,0,175,0.6712,0.7652,0.7679,PROTEINS,GIN,300,gsgn,proteins_gin_gn_fast
gsgn_0.txt,gsgn,0,176,0.6713,0.7682,0.75,PROTEINS,GIN,300,gsgn,proteins_gin_gn_fast
gsgn_0.txt,gsgn,0,177,0.6714,0.7622,0.7679,PROTEINS,GIN,300,gsgn,proteins_gin_gn_fast
gsgn_0.txt,gsgn,0,178,0.6715,0.7682,0.7768,PROTEINS,GIN,300,gsgn,proteins_gin_gn_fast
gsgn_0.txt,gsgn,0,179,0.6715,0.7692,0.7679,PROTEINS,GIN,300,gsgn,proteins_gin_gn_fast
gsgn_0.txt,gsgn,0,180,0.6717,0.7702,0.7679,PROTEINS,GIN,300,gsgn,proteins_gin_gn_fast
gsgn_0.txt,gsgn,0,181,0.6718,0.7652,0.7768,PROTEINS,GIN,300,gsgn,proteins_gin_gn_fast
gsgn_0.txt,gsgn,0,182,0.6719,0.7582,0.7679,PROTEINS,GIN,300,gsgn,proteins_gin_gn_fast
gsgn_0.txt,gsgn,0,183,0.6721,0.7702,0.7589,PROTEINS,GIN,300,gsgn,proteins_gin_gn_fast
gsgn_0.txt,gsgn,0,184,0.6723,0.7672,0.7857,PROTEINS,GIN,300,gsgn,proteins_gin_gn_fast
gsgn_0.txt,gsgn,0,185,0.6724,0.7672,0.7679,PROTEINS,GIN,300,gsgn,proteins_gin_gn_fast
gsgn_0.txt,gsgn,0,186,0.6725,0.7522,0.7589,PROTEINS,GIN,300,gsgn,proteins_gin_gn_fast
gsgn_0.txt,gsgn,0,187,0.6727,0.7602,0.7679,PROTEINS,GIN,300,gsgn,proteins_gin_gn_fast
gsgn_0.txt,gsgn,0,188,0.6728,0.7562,0.75,PROTEINS,GIN,300,gsgn,proteins_gin_gn_fast
gsgn_0.txt,gsgn,0,189,0.673,0.7532,0.75,PROTEINS,GIN,300,gsgn,proteins_gin_gn_fast
gsgn_0.txt,gsgn,0,190,0.6731,0.7333,0.7411,PROTEINS,GIN,300,gsgn,proteins_gin_gn_fast
gsgn_0.txt,gsgn,0,191,0.6732,0.7353,0.7054,PROTEINS,GIN,300,gsgn,proteins_gin_gn_fast
gsgn_0.txt,gsgn,0,192,0.6734,0.7403,0.7589,PROTEINS,GIN,300,gsgn,proteins_gin_gn_fast
gsgn_0.txt,gsgn,0,193,0.6735,0.7473,0.7589,PROTEINS,GIN,300,gsgn,proteins_gin_gn_fast
gsgn_0.txt,gsgn,0,194,0.6736,0.7283,0.6786,PROTEINS,GIN,300,gsgn,proteins_gin_gn_fast
gsgn_0.txt,gsgn,0,195,0.6737,0.7632,0.7679,PROTEINS,GIN,300,gsgn,proteins_gin_gn_fast
gsgn_0.txt,gsgn,0,196,0.6739,0.7572,0.75,PROTEINS,GIN,300,gsgn,proteins_gin_gn_fast
gsgn_0.txt,gsgn,0,197,0.674,0.7692,0.7589,PROTEINS,GIN,300,gsgn,proteins_gin_gn_fast
gsgn_0.txt,gsgn,0,198,0.674,0.7642,0.7589,PROTEINS,GIN,300,gsgn,proteins_gin_gn_fast
gsgn_0.txt,gsgn,0,199,0.6741,0.7642,0.7679,PROTEINS,GIN,300,gsgn,proteins_gin_gn_fast
gsgn_0.txt,gsgn,0,200,0.6742,0.7572,0.7589,PROTEINS,GIN,300,gsgn,proteins_gin_gn_fast
gsgn_0.txt,gsgn,0,201,0.6743,0.7692,0.7679,PROTEINS,GIN,300,gsgn,proteins_gin_gn_fast
gsgn_0.txt,gsgn,0,202,0.6743,0.7692,0.7768,PROTEINS,GIN,300,gsgn,proteins_gin_gn_fast
gsgn_0.txt,gsgn,0,203,0.6745,0.7153,0.7321,PROTEINS,GIN,300,gsgn,proteins_gin_gn_fast
gsgn_0.txt,gsgn,0,204,0.6746,0.7532,0.7321,PROTEINS,GIN,300,gsgn,proteins_gin_gn_fast
gsgn_0.txt,gsgn,0,205,0.6747,0.7702,0.7679,PROTEINS,GIN,300,gsgn,proteins_gin_gn_fast
gsgn_0.txt,gsgn,0,206,0.6748,0.7682,0.7679,PROTEINS,GIN,300,gsgn,proteins_gin_gn_fast
gsgn_0.txt,gsgn,0,207,0.6749,0.7702,0.7768,PROTEINS,GIN,300,gsgn,proteins_gin_gn_fast
gsgn_0.txt,gsgn,0,208,0.675,0.7732,0.7679,PROTEINS,GIN,300,gsgn,proteins_gin_gn_fast
gsgn_0.txt,gsgn,0,209,0.6751,0.7682,0.7589,PROTEINS,GIN,300,gsgn,proteins_gin_gn_fast
gsgn_0.txt,gsgn,0,210,0.6752,0.7722,0.7857,PROTEINS,GIN,300,gsgn,proteins_gin_gn_fast
gsgn_0.txt,gsgn,0,211,0.6752,0.7662,0.7768,PROTEINS,GIN,300,gsgn,proteins_gin_gn_fast
gsgn_0.txt,gsgn,0,212,0.6754,0.7562,0.7589,PROTEINS,GIN,300,gsgn,proteins_gin_gn_fast
gsgn_0.txt,gsgn,0,213,0.6756,0.7722,0.7589,PROTEINS,GIN,300,gsgn,proteins_gin_gn_fast
gsgn_0.txt,gsgn,0,214,0.6757,0.7692,0.7679,PROTEINS,GIN,300,gsgn,proteins_gin_gn_fast
gsgn_0.txt,gsgn,0,215,0.6759,0.7672,0.7679,PROTEINS,GIN,300,gsgn,proteins_gin_gn_fast
gsgn_0.txt,gsgn,0,216,0.6759,0.7622,0.7857,PROTEINS,GIN,300,gsgn,proteins_gin_gn_fast
gsgn_0.txt,gsgn,0,217,0.6761,0.7692,0.7679,PROTEINS,GIN,300,gsgn,proteins_gin_gn_fast
gsgn_0.txt,gsgn,0,218,0.6764,0.7672,0.75,PROTEINS,GIN,300,gsgn,proteins_gin_gn_fast
gsgn_0.txt,gsgn,0,219,0.6764,0.7742,0.7679,PROTEINS,GIN,300,gsgn,proteins_gin_gn_fast
gsgn_0.txt,gsgn,0,220,0.6766,0.7682,0.7589,PROTEINS,GIN,300,gsgn,proteins_gin_gn_fast
gsgn_0.txt,gsgn,0,221,0.6766,0.7522,0.75,PROTEINS,GIN,300,gsgn,proteins_gin_gn_fast
gsgn_0.txt,gsgn,0,222,0.6768,0.7732,0.7679,PROTEINS,GIN,300,gsgn,proteins_gin_gn_fast
gsgn_0.txt,gsgn,0,223,0.6769,0.7642,0.7857,PROTEINS,GIN,300,gsgn,proteins_gin_gn_fast
gsgn_0.txt,gsgn,0,224,0.6769,0.7453,0.7411,PROTEINS,GIN,300,gsgn,proteins_gin_gn_fast
gsgn_0.txt,gsgn,0,225,0.677,0.7702,0.7679,PROTEINS,GIN,300,gsgn,proteins_gin_gn_fast
gsgn_0.txt,gsgn,0,226,0.6771,0.7672,0.7857,PROTEINS,GIN,300,gsgn,proteins_gin_gn_fast
gsgn_0.txt,gsgn,0,227,0.6772,0.7732,0.7768,PROTEINS,GIN,300,gsgn,proteins_gin_gn_fast
gsgn_0.txt,gsgn,0,228,0.6773,0.7652,0.7768,PROTEINS,GIN,300,gsgn,proteins_gin_gn_fast
gsgn_0.txt,gsgn,0,229,0.6774,0.7692,0.7768,PROTEINS,GIN,300,gsgn,proteins_gin_gn_fast
gsgn_0.txt,gsgn,0,230,0.6775,0.7712,0.7679,PROTEINS,GIN,300,gsgn,proteins_gin_gn_fast
gsgn_0.txt,gsgn,0,231,0.6775,0.7672,0.7321,PROTEINS,GIN,300,gsgn,proteins_gin_gn_fast
gsgn_0.txt,gsgn,0,232,0.6776,0.7682,0.7857,PROTEINS,GIN,300,gsgn,proteins_gin_gn_fast
gsgn_0.txt,gsgn,0,233,0.6777,0.7702,0.7768,PROTEINS,GIN,300,gsgn,proteins_gin_gn_fast
gsgn_0.txt,gsgn,0,234,0.6777,0.7662,0.7679,PROTEINS,GIN,300,gsgn,proteins_gin_gn_fast
gsgn_0.txt,gsgn,0,235,0.6778,0.7632,0.7589,PROTEINS,GIN,300,gsgn,proteins_gin_gn_fast
gsgn_0.txt,gsgn,0,236,0.6779,0.7632,0.7768,PROTEINS,GIN,300,gsgn,proteins_gin_gn_fast
gsgn_0.txt,gsgn,0,237,0.6779,0.7602,0.7589,PROTEINS,GIN,300,gsgn,proteins_gin_gn_fast
gsgn_0.txt,gsgn,0,238,0.678,0.7632,0.7768,PROTEINS,GIN,300,gsgn,proteins_gin_gn_fast
gsgn_0.txt,gsgn,0,239,0.6781,0.7602,0.7857,PROTEINS,GIN,300,gsgn,proteins_gin_gn_fast
gsgn_0.txt,gsgn,0,240,0.6782,0.7622,0.7768,PROTEINS,GIN,300,gsgn,proteins_gin_gn_fast
gsgn_0.txt,gsgn,0,241,0.6782,0.7692,0.7589,PROTEINS,GIN,300,gsgn,proteins_gin_gn_fast
gsgn_0.txt,gsgn,0,242,0.6783,0.7722,0.7679,PROTEINS,GIN,300,gsgn,proteins_gin_gn_fast
gsgn_0.txt,gsgn,0,243,0.6784,0.7712,0.7679,PROTEINS,GIN,300,gsgn,proteins_gin_gn_fast
gsgn_0.txt,gsgn,0,244,0.6786,0.7702,0.7589,PROTEINS,GIN,300,gsgn,proteins_gin_gn_fast
gsgn_0.txt,gsgn,0,245,0.6786,0.7742,0.7768,PROTEINS,GIN,300,gsgn,proteins_gin_gn_fast
gsgn_0.txt,gsgn,0,246,0.6788,0.7702,0.7768,PROTEINS,GIN,300,gsgn,proteins_gin_gn_fast
gsgn_0.txt,gsgn,0,247,0.6788,0.7622,0.7679,PROTEINS,GIN,300,gsgn,proteins_gin_gn_fast
gsgn_0.txt,gsgn,0,248,0.6789,0.7672,0.7679,PROTEINS,GIN,300,gsgn,proteins_gin_gn_fast
gsgn_0.txt,gsgn,0,249,0.679,0.7692,0.7679,PROTEINS,GIN,300,gsgn,proteins_gin_gn_fast
gsgn_0.txt,gsgn,0,250,0.679,0.7672,0.7589,PROTEINS,GIN,300,gsgn,proteins_gin_gn_fast
gsgn_0.txt,gsgn,0,251,0.6791,0.7722,0.75,PROTEINS,GIN,300,gsgn,proteins_gin_gn_fast
gsgn_0.txt,gsgn,0,252,0.6791,0.7712,0.7768,PROTEINS,GIN,300,gsgn,proteins_gin_gn_fast
gsgn_0.txt,gsgn,0,253,0.6792,0.7772,0.7768,PROTEINS,GIN,300,gsgn,proteins_gin_gn_fast
gsgn_0.txt,gsgn,0,254,0.6793,0.7692,0.7679,PROTEINS,GIN,300,gsgn,proteins_gin_gn_fast
gsgn_0.txt,gsgn,0,255,0.6793,0.7702,0.7768,PROTEINS,GIN,300,gsgn,proteins_gin_gn_fast
gsgn_0.txt,gsgn,0,256,0.6794,0.7772,0.7857,PROTEINS,GIN,300,gsgn,proteins_gin_gn_fast
gsgn_0.txt,gsgn,0,257,0.6795,0.7722,0.7857,PROTEINS,GIN,300,gsgn,proteins_gin_gn_fast
gsgn_0.txt,gsgn,0,258,0.6795,0.7702,0.7768,PROTEINS,GIN,300,gsgn,proteins_gin_gn_fast
gsgn_0.txt,gsgn,0,259,0.6796,0.7682,0.7679,PROTEINS,GIN,300,gsgn,proteins_gin_gn_fast
gsgn_0.txt,gsgn,0,260,0.6797,0.7702,0.7679,PROTEINS,GIN,300,gsgn,proteins_gin_gn_fast
gsgn_0.txt,gsgn,0,261,0.6797,0.7642,0.7589,PROTEINS,GIN,300,gsgn,proteins_gin_gn_fast
gsgn_0.txt,gsgn,0,262,0.6797,0.7722,0.7857,PROTEINS,GIN,300,gsgn,proteins_gin_gn_fast
gsgn_0.txt,gsgn,0,263,0.6798,0.7692,0.75,PROTEINS,GIN,300,gsgn,proteins_gin_gn_fast
gsgn_0.txt,gsgn,0,264,0.6798,0.7682,0.7857,PROTEINS,GIN,300,gsgn,proteins_gin_gn_fast
gsgn_0.txt,gsgn,0,265,0.6798,0.7672,0.7589,PROTEINS,GIN,300,gsgn,proteins_gin_gn_fast
gsgn_0.txt,gsgn,0,266,0.68,0.7692,0.7679,PROTEINS,GIN,300,gsgn,proteins_gin_gn_fast
gsgn_0.txt,gsgn,0,267,0.6801,0.7662,0.75,PROTEINS,GIN,300,gsgn,proteins_gin_gn_fast
gsgn_0.txt,gsgn,0,268,0.6801,0.7702,0.7679,PROTEINS,GIN,300,gsgn,proteins_gin_gn_fast
gsgn_0.txt,gsgn,0,269,0.6803,0.7742,0.7768,PROTEINS,GIN,300,gsgn,proteins_gin_gn_fast
gsgn_0.txt,gsgn,0,270,0.6803,0.7712,0.7589,PROTEINS,GIN,300,gsgn,proteins_gin_gn_fast
gsgn_0.txt,gsgn,0,271,0.6804,0.7682,0.7768,PROTEINS,GIN,300,gsgn,proteins_gin_gn_fast
gsgn_0.txt,gsgn,0,272,0.6804,0.7652,0.7857,PROTEINS,GIN,300,gsgn,proteins_gin_gn_fast
gsgn_0.txt,gsgn,0,273,0.6805,0.7692,0.7768,PROTEINS,GIN,300,gsgn,proteins_gin_gn_fast
gsgn_0.txt,gsgn,0,274,0.6805,0.7682,0.7679,PROTEINS,GIN,300,gsgn,proteins_gin_gn_fast
gsgn_0.txt,gsgn,0,275,0.6806,0.7712,0.7679,PROTEINS,GIN,300,gsgn,proteins_gin_gn_fast
gsgn_0.txt,gsgn,0,276,0.6806,0.7732,0.7857,PROTEINS,GIN,300,gsgn,proteins_gin_gn_fast
gsgn_0.txt,gsgn,0,277,0.6807,0.7712,0.7679,PROTEINS,GIN,300,gsgn,proteins_gin_gn_fast
gsgn_0.txt,gsgn,0,278,0.6808,0.7682,0.7679,PROTEINS,GIN,300,gsgn,proteins_gin_gn_fast
gsgn_0.txt,gsgn,0,279,0.6809,0.7522,0.7411,PROTEINS,GIN,300,gsgn,proteins_gin_gn_fast
gsgn_0.txt,gsgn,0,280,0.6809,0.7682,0.7679,PROTEINS,GIN,300,gsgn,proteins_gin_gn_fast
gsgn_0.txt,gsgn,0,281,0.681,0.7662,0.7679,PROTEINS,GIN,300,gsgn,proteins_gin_gn_fast
gsgn_0.txt,gsgn,0,282,0.681,0.7722,0.7679,PROTEINS,GIN,300,gsgn,proteins_gin_gn_fast
gsgn_0.txt,gsgn,0,283,0.681,0.7722,0.7768,PROTEINS,GIN,300,gsgn,proteins_gin_gn_fast
gsgn_0.txt,gsgn,0,284,0.6811,0.7722,0.7679,PROTEINS,GIN,300,gsgn,proteins_gin_gn_fast
gsgn_0.txt,gsgn,0,285,0.6811,0.7652,0.7679,PROTEINS,GIN,300,gsgn,proteins_gin_gn_fast
gsgn_0.txt,gsgn,0,286,0.6812,0.7752,0.7768,PROTEINS,GIN,300,gsgn,proteins_gin_gn_fast
gsgn_0.txt,gsgn,0,287,0.6813,0.7672,0.7679,PROTEINS,GIN,300,gsgn,proteins_gin_gn_fast
gsgn_0.txt,gsgn,0,288,0.6821,0.7742,0.7768,PROTEINS,GIN,300,gsgn,proteins_gin_gn_fast
gsgn_0.txt,gsgn,0,289,0.6822,0.7712,0.7679,PROTEINS,GIN,300,gsgn,proteins_gin_gn_fast
gsgn_0.txt,gsgn,0,290,0.6826,0.7742,0.7768,PROTEINS,GIN,300,gsgn,proteins_gin_gn_fast
gsgn_0.txt,gsgn,0,291,0.6827,0.7722,0.7768,PROTEINS,GIN,300,gsgn,proteins_gin_gn_fast
gsgn_0.txt,gsgn,0,292,0.6827,0.7692,0.7679,PROTEINS,GIN,300,gsgn,proteins_gin_gn_fast
gsgn_0.txt,gsgn,0,293,0.6829,0.7752,0.7679,PROTEINS,GIN,300,gsgn,proteins_gin_gn_fast
gsgn_0.txt,gsgn,0,294,0.683,0.7762,0.7679,PROTEINS,GIN,300,gsgn,proteins_gin_gn_fast
gsgn_0.txt,gsgn,0,295,0.6831,0.7732,0.75,PROTEINS,GIN,300,gsgn,proteins_gin_gn_fast
gsgn_0.txt,gsgn,0,296,0.6831,0.7762,0.7589,PROTEINS,GIN,300,gsgn,proteins_gin_gn_fast
gsgn_0.txt,gsgn,0,297,0.6831,0.7712,0.7679,PROTEINS,GIN,300,gsgn,proteins_gin_gn_fast
gsgn_0.txt,gsgn,0,298,0.6831,0.7732,0.7679,PROTEINS,GIN,300,gsgn,proteins_gin_gn_fast
gsgn_0.txt,gsgn,0,299,0.6832,0.7722,0.7679,PROTEINS,GIN,300,gsgn,proteins_gin_gn_fast
gsgn_0.txt,gsgn,0,300,0.6832,0.7722,0.7679,PROTEINS,GIN,300,gsgn,proteins_gin_gn_fast
gsgn_1.txt,gsgn,1,1,0.5833,0.3976,0.4018,PROTEINS,GIN,300,gsgn,proteins_gin_gn_fast
gsgn_1.txt,gsgn,1,2,0.5541,0.5954,0.5982,PROTEINS,GIN,300,gsgn,proteins_gin_gn_fast
gsgn_1.txt,gsgn,1,3,0.5426,0.6144,0.6071,PROTEINS,GIN,300,gsgn,proteins_gin_gn_fast
gsgn_1.txt,gsgn,1,4,0.5385,0.7243,0.7679,PROTEINS,GIN,300,gsgn,proteins_gin_gn_fast
gsgn_1.txt,gsgn,1,5,0.5348,0.7003,0.6875,PROTEINS,GIN,300,gsgn,proteins_gin_gn_fast
gsgn_1.txt,gsgn,1,6,0.5333,0.5934,0.5714,PROTEINS,GIN,300,gsgn,proteins_gin_gn_fast
gsgn_1.txt,gsgn,1,7,0.5341,0.7463,0.7679,PROTEINS,GIN,300,gsgn,proteins_gin_gn_fast
gsgn_1.txt,gsgn,1,8,0.535,0.6653,0.6429,PROTEINS,GIN,300,gsgn,proteins_gin_gn_fast
gsgn_1.txt,gsgn,1,9,0.5347,0.5664,0.5446,PROTEINS,GIN,300,gsgn,proteins_gin_gn_fast
gsgn_1.txt,gsgn,1,10,0.5349,0.7323,0.7857,PROTEINS,GIN,300,gsgn,proteins_gin_gn_fast
gsgn_1.txt,gsgn,1,11,0.5351,0.6733,0.6696,PROTEINS,GIN,300,gsgn,proteins_gin_gn_fast
gsgn_1.txt,gsgn,1,12,0.5345,0.7552,0.7768,PROTEINS,GIN,300,gsgn,proteins_gin_gn_fast
gsgn_1.txt,gsgn,1,13,0.5343,0.6813,0.6964,PROTEINS,GIN,300,gsgn,proteins_gin_gn_fast
gsgn_1.txt,gsgn,1,14,0.534,0.7383,0.75,PROTEINS,GIN,300,gsgn,proteins_gin_gn_fast
gsgn_1.txt,gsgn,1,15,0.5342,0.7512,0.7857,PROTEINS,GIN,300,gsgn,proteins_gin_gn_fast
gsgn_1.txt,gsgn,1,16,0.534,0.7542,0.7589,PROTEINS,GIN,300,gsgn,proteins_gin_gn_fast
gsgn_1.txt,gsgn,1,17,0.5343,0.7652,0.7679,PROTEINS,GIN,300,gsgn,proteins_gin_gn_fast
gsgn_1.txt,gsgn,1,18,0.5344,0.6883,0.6696,PROTEINS,GIN,300,gsgn,proteins_gin_gn_fast
gsgn_1.txt,gsgn,1,19,0.5349,0.7213,0.7857,PROTEINS,GIN,300,gsgn,proteins_gin_gn_fast
gsgn_1.txt,gsgn,1,20,0.5353,0.7333,0.7768,PROTEINS,GIN,300,gsgn,proteins_gin_gn_fast
gsgn_1.txt,gsgn,1,21,0.5356,0.7552,0.7679,PROTEINS,GIN,300,gsgn,proteins_gin_gn_fast
gsgn_1.txt,gsgn,1,22,0.5373,0.7453,0.7768,PROTEINS,GIN,300,gsgn,proteins_gin_gn_fast
gsgn_1.txt,gsgn,1,23,0.5374,0.7552,0.8036,PROTEINS,GIN,300,gsgn,proteins_gin_gn_fast
gsgn_1.txt,gsgn,1,24,0.5376,0.7463,0.7679,PROTEINS,GIN,300,gsgn,proteins_gin_gn_fast
gsgn_1.txt,gsgn,1,25,0.5379,0.7592,0.7321,PROTEINS,GIN,300,gsgn,proteins_gin_gn_fast
gsgn_1.txt,gsgn,1,26,0.538,0.6703,0.6339,PROTEINS,GIN,300,gsgn,proteins_gin_gn_fast
gsgn_1.txt,gsgn,1,27,0.5382,0.4356,0.4375,PROTEINS,GIN,300,gsgn,proteins_gin_gn_fast
gsgn_1.txt,gsgn,1,28,0.5386,0.7403,0.7321,PROTEINS,GIN,300,gsgn,proteins_gin_gn_fast
gsgn_1.txt,gsgn,1,29,0.5391,0.7463,0.7768,PROTEINS,GIN,300,gsgn,proteins_gin_gn_fast
gsgn_1.txt,gsgn,1,30,0.5394,0.7532,0.7679,PROTEINS,GIN,300,gsgn,proteins_gin_gn_fast
gsgn_1.txt,gsgn,1,31,0.5397,0.5974,0.5982,PROTEINS,GIN,300,gsgn,proteins_gin_gn_fast
gsgn_1.txt,gsgn,1,32,0.54,0.7033,0.6875,PROTEINS,GIN,300,gsgn,proteins_gin_gn_fast
gsgn_1.txt,gsgn,1,33,0.5405,0.7323,0.7321,PROTEINS,GIN,300,gsgn,proteins_gin_gn_fast
gsgn_1.txt,gsgn,1,34,0.5407,0.7632,0.7679,PROTEINS,GIN,300,gsgn,proteins_gin_gn_fast
gsgn_1.txt,gsgn,1,35,0.5409,0.7143,0.75,PROTEINS,GIN,300,gsgn,proteins_gin_gn_fast
gsgn_1.txt,gsgn,1,36,0.541,0.7143,0.7321,PROTEINS,GIN,300,gsgn,proteins_gin_gn_fast
gsgn_1.txt,gsgn,1,37,0.5414,0.5455,0.5,PROTEINS,GIN,300,gsgn,proteins_gin_gn_fast
gsgn_1.txt,gsgn,1,38,0.5416,0.7263,0.7143,PROTEINS,GIN,300,gsgn,proteins_gin_gn_fast
gsgn_1.txt,gsgn,1,39,0.5418,0.7622,0.8036,PROTEINS,GIN,300,gsgn,proteins_gin_gn_fast
gsgn_1.txt,gsgn,1,40,0.542,0.7333,0.7143,PROTEINS,GIN,300,gsgn,proteins_gin_gn_fast
gsgn_1.txt,gsgn,1,41,0.542,0.7033,0.7054,PROTEINS,GIN,300,gsgn,proteins_gin_gn_fast
gsgn_1.txt,gsgn,1,42,0.5423,0.6114,0.6071,PROTEINS,GIN,300,gsgn,proteins_gin_gn_fast
gsgn_1.txt,gsgn,1,43,0.543,0.7542,0.7857,PROTEINS,GIN,300,gsgn,proteins_gin_gn_fast
gsgn_1.txt,gsgn,1,44,0.5433,0.7343,0.7768,PROTEINS,GIN,300,gsgn,proteins_gin_gn_fast
gsgn_1.txt,gsgn,1,45,0.5437,0.7193,0.7411,PROTEINS,GIN,300,gsgn,proteins_gin_gn_fast
gsgn_1.txt,gsgn,1,46,0.5439,0.7702,0.7589,PROTEINS,GIN,300,gsgn,proteins_gin_gn_fast
gsgn_1.txt,gsgn,1,47,0.544,0.6244,0.6339,PROTEINS,GIN,300,gsgn,proteins_gin_gn_fast
gsgn_1.txt,gsgn,1,48,0.5442,0.7373,0.75,PROTEINS,GIN,300,gsgn,proteins_gin_gn_fast
gsgn_1.txt,gsgn,1,49,0.5447,0.7183,0.7054,PROTEINS,GIN,300,gsgn,proteins_gin_gn_fast
gsgn_1.txt,gsgn,1,50,0.5448,0.7343,0.7321,PROTEINS,GIN,300,gsgn,proteins_gin_gn_fast
gsgn_1.txt,gsgn,1,51,0.5451,0.7223,0.7143,PROTEINS,GIN,300,gsgn,proteins_gin_gn_fast
gsgn_1.txt,gsgn,1,52,0.5452,0.6893,0.6696,PROTEINS,GIN,300,gsgn,proteins_gin_gn_fast
gsgn_1.txt,gsgn,1,53,0.5454,0.7712,0.7857,PROTEINS,GIN,300,gsgn,proteins_gin_gn_fast
gsgn_1.txt,gsgn,1,54,0.5457,0.5455,0.5357,PROTEINS,GIN,300,gsgn,proteins_gin_gn_fast
gsgn_1.txt,gsgn,1,55,0.5459,0.7552,0.7411,PROTEINS,GIN,300,gsgn,proteins_gin_gn_fast
gsgn_1.txt,gsgn,1,56,0.5461,0.7612,0.7679,PROTEINS,GIN,300,gsgn,proteins_gin_gn_fast
gsgn_1.txt,gsgn,1,57,0.5462,0.7093,0.7054,PROTEINS,GIN,300,gsgn,proteins_gin_gn_fast
gsgn_1.txt,gsgn,1,58,0.5462,0.7562,0.75,PROTEINS,GIN,300,gsgn,proteins_gin_gn_fast
gsgn_1.txt,gsgn,1,59,0.5463,0.7572,0.7679,PROTEINS,GIN,300,gsgn,proteins_gin_gn_fast
gsgn_1.txt,gsgn,1,60,0.5464,0.7353,0.7679,PROTEINS,GIN,300,gsgn,proteins_gin_gn_fast
gsgn_1.txt,gsgn,1,61,0.5466,0.7672,0.7679,PROTEINS,GIN,300,gsgn,proteins_gin_gn_fast
gsgn_1.txt,gsgn,1,62,0.5467,0.7483,0.7411,PROTEINS,GIN,300,gsgn,proteins_gin_gn_fast
gsgn_1.txt,gsgn,1,63,0.547,0.7672,0.7857,PROTEINS,GIN,300,gsgn,proteins_gin_gn_fast
gsgn_1.txt,gsgn,1,64,0.5474,0.7662,0.7411,PROTEINS,GIN,300,gsgn,proteins_gin_gn_fast
gsgn_1.txt,gsgn,1,65,0.5478,0.7283,0.7411,PROTEINS,GIN,300,gsgn,proteins_gin_gn_fast
gsgn_1.txt,gsgn,1,66,0.5482,0.6444,0.6429,PROTEINS,GIN,300,gsgn,proteins_gin_gn_fast
gsgn_1.txt,gsgn,1,67,0.5484,0.7333,0.8036,PROTEINS,GIN,300,gsgn,proteins_gin_gn_fast
gsgn_1.txt,gsgn,1,68,0.5487,0.7373,0.7411,PROTEINS,GIN,300,gsgn,proteins_gin_gn_fast
gsgn_1.txt,gsgn,1,69,0.5492,0.7572,0.7768,PROTEINS,GIN,300,gsgn,proteins_gin_gn_fast
gsgn_1.txt,gsgn,1,70,0.5497,0.7343,0.7321,PROTEINS,GIN,300,gsgn,proteins_gin_gn_fast
gsgn_1.txt,gsgn,1,71,0.5502,0.7043,0.7321,PROTEINS,GIN,300,gsgn,proteins_gin_gn_fast
gsgn_1.txt,gsgn,1,72,0.5506,0.4266,0.4375,PROTEINS,GIN,300,gsgn,proteins_gin_gn_fast
gsgn_1.txt,gsgn,1,73,0.5511,0.6863,0.6518,PROTEINS,GIN,300,gsgn,proteins_gin_gn_fast
gsgn_1.txt,gsgn,1,74,0.5516,0.7622,0.7232,PROTEINS,GIN,300,gsgn,proteins_gin_gn_fast
gsgn_1.txt,gsgn,1,75,0.552,0.7363,0.7946,PROTEINS,GIN,300,gsgn,proteins_gin_gn_fast
gsgn_1.txt,gsgn,1,76,0.5524,0.7063,0.7411,PROTEINS,GIN,300,gsgn,proteins_gin_gn_fast
gsgn_1.txt,gsgn,1,77,0.553,0.7463,0.7946,PROTEINS,GIN,300,gsgn,proteins_gin_gn_fast
gsgn_1.txt,gsgn,1,78,0.5536,0.7542,0.7679,PROTEINS,GIN,300,gsgn,proteins_gin_gn_fast
gsgn_1.txt,gsgn,1,79,0.5542,0.7672,0.7946,PROTEINS,GIN,300,gsgn,proteins_gin_gn_fast
gsgn_1.txt,gsgn,1,80,0.5546,0.7383,0.7679,PROTEINS,GIN,300,gsgn,proteins_gin_gn_fast
gsgn_1.txt,gsgn,1,81,0.5551,0.7602,0.7768,PROTEINS,GIN,300,gsgn,proteins_gin_gn_fast
gsgn_1.txt,gsgn,1,82,0.5557,0.7233,0.6964,PROTEINS,GIN,300,gsgn,proteins_gin_gn_fast
gsgn_1.txt,gsgn,1,83,0.5571,0.6933,0.7321,PROTEINS,GIN,300,gsgn,proteins_gin_gn_fast
gsgn_1.txt,gsgn,1,84,0.5579,0.7602,0.7946,PROTEINS,GIN,300,gsgn,proteins_gin_gn_fast
gsgn_1.txt,gsgn,1,85,0.5585,0.7652,0.7589,PROTEINS,GIN,300,gsgn,proteins_gin_gn_fast
gsgn_1.txt,gsgn,1,86,0.5592,0.6833,0.6786,PROTEINS,GIN,300,gsgn,proteins_gin_gn_fast
gsgn_1.txt,gsgn,1,87,0.5599,0.5145,0.5,PROTEINS,GIN,300,gsgn,proteins_gin_gn_fast
gsgn_1.txt,gsgn,1,88,0.5607,0.6404,0.6161,PROTEINS,GIN,300,gsgn,proteins_gin_gn_fast
gsgn_1.txt,gsgn,1,89,0.5617,0.7293,0.7143,PROTEINS,GIN,300,gsgn,proteins_gin_gn_fast
gsgn_1.txt,gsgn,1,90,0.5624,0.7532,0.7768,PROTEINS,GIN,300,gsgn,proteins_gin_gn_fast
gsgn_1.txt,gsgn,1,91,0.5632,0.6933,0.7143,PROTEINS,GIN,300,gsgn,proteins_gin_gn_fast
gsgn_1.txt,gsgn,1,92,0.5639,0.7153,0.7321,PROTEINS,GIN,300,gsgn,proteins_gin_gn_fast
gsgn_1.txt,gsgn,1,93,0.5648,0.7562,0.7768,PROTEINS,GIN,300,gsgn,proteins_gin_gn_fast
gsgn_1.txt,gsgn,1,94,0.5656,0.7013,0.7054,PROTEINS,GIN,300,gsgn,proteins_gin_gn_fast
gsgn_1.txt,gsgn,1,95,0.5665,0.7632,0.7679,PROTEINS,GIN,300,gsgn,proteins_gin_gn_fast
gsgn_1.txt,gsgn,1,96,0.5674,0.7552,0.75,PROTEINS,GIN,300,gsgn,proteins_gin_gn_fast
gsgn_1.txt,gsgn,1,97,0.5683,0.7562,0.75,PROTEINS,GIN,300,gsgn,proteins_gin_gn_fast
gsgn_1.txt,gsgn,1,98,0.5693,0.7463,0.7857,PROTEINS,GIN,300,gsgn,proteins_gin_gn_fast
gsgn_1.txt,gsgn,1,99,0.5701,0.7672,0.7768,PROTEINS,GIN,300,gsgn,proteins_gin_gn_fast
gsgn_1.txt,gsgn,1,100,0.571,0.7532,0.7946,PROTEINS,GIN,300,gsgn,proteins_gin_gn_fast
gsgn_1.txt,gsgn,1,101,0.5719,0.7682,0.75,PROTEINS,GIN,300,gsgn,proteins_gin_gn_fast
gsgn_1.txt,gsgn,1,102,0.5727,0.7473,0.7768,PROTEINS,GIN,300,gsgn,proteins_gin_gn_fast
gsgn_1.txt,gsgn,1,103,0.5735,0.7512,0.7589,PROTEINS,GIN,300,gsgn,proteins_gin_gn_fast
gsgn_1.txt,gsgn,1,104,0.5743,0.7493,0.7679,PROTEINS,GIN,300,gsgn,proteins_gin_gn_fast
gsgn_1.txt,gsgn,1,105,0.5751,0.7562,0.7768,PROTEINS,GIN,300,gsgn,proteins_gin_gn_fast
gsgn_1.txt,gsgn,1,106,0.5759,0.7562,0.7768,PROTEINS,GIN,300,gsgn,proteins_gin_gn_fast
gsgn_1.txt,gsgn,1,107,0.5767,0.7173,0.7232,PROTEINS,GIN,300,gsgn,proteins_gin_gn_fast
gsgn_1.txt,gsgn,1,108,0.5776,0.7323,0.7589,PROTEINS,GIN,300,gsgn,proteins_gin_gn_fast
gsgn_1.txt,gsgn,1,109,0.5784,0.7622,0.75,PROTEINS,GIN,300,gsgn,proteins_gin_gn_fast
gsgn_1.txt,gsgn,1,110,0.5793,0.7612,0.7857,PROTEINS,GIN,300,gsgn,proteins_gin_gn_fast
gsgn_1.txt,gsgn,1,111,0.5804,0.7572,0.7679,PROTEINS,GIN,300,gsgn,proteins_gin_gn_fast
gsgn_1.txt,gsgn,1,112,0.5813,0.7552,0.7857,PROTEINS,GIN,300,gsgn,proteins_gin_gn_fast
gsgn_1.txt,gsgn,1,113,0.5822,0.7572,0.7679,PROTEINS,GIN,300,gsgn,proteins_gin_gn_fast
gsgn_1.txt,gsgn,1,114,0.5831,0.7313,0.7321,PROTEINS,GIN,300,gsgn,proteins_gin_gn_fast
gsgn_1.txt,gsgn,1,115,0.5841,0.7572,0.7411,PROTEINS,GIN,300,gsgn,proteins_gin_gn_fast
gsgn_1.txt,gsgn,1,116,0.5857,0.7542,0.7679,PROTEINS,GIN,300,gsgn,proteins_gin_gn_fast
gsgn_1.txt,gsgn,1,117,0.5867,0.7522,0.75,PROTEINS,GIN,300,gsgn,proteins_gin_gn_fast
gsgn_1.txt,gsgn,1,118,0.5876,0.7552,0.7411,PROTEINS,GIN,300,gsgn,proteins_gin_gn_fast
gsgn_1.txt,gsgn,1,119,0.5886,0.7493,0.8036,PROTEINS,GIN,300,gsgn,proteins_gin_gn_fast
gsgn_1.txt,gsgn,1,120,0.5895,0.7592,0.7857,PROTEINS,GIN,300,gsgn,proteins_gin_gn_fast
gsgn_1.txt,gsgn,1,121,0.5904,0.7552,0.7857,PROTEINS,GIN,300,gsgn,proteins_gin_gn_fast
gsgn_1.txt,gsgn,1,122,0.5913,0.7333,0.7589,PROTEINS,GIN,300,gsgn,proteins_gin_gn_fast
gsgn_1.txt,gsgn,1,123,0.5922,0.7263,0.7232,PROTEINS,GIN,300,gsgn,proteins_gin_gn_fast
gsgn_1.txt,gsgn,1,124,0.5931,0.7562,0.7232,PROTEINS,GIN,300,gsgn,proteins_gin_gn_fast
gsgn_1.txt,gsgn,1,125,0.5941,0.7313,0.7321,PROTEINS,GIN,300,gsgn,proteins_gin_gn_fast
gsgn_1.txt,gsgn,1,126,0.595,0.7493,0.7768,PROTEINS,GIN,300,gsgn,proteins_gin_gn_fast
gsgn_1.txt,gsgn,1,127,0.5959,0.7453,0.75,PROTEINS,GIN,300,gsgn,proteins_gin_gn_fast
gsgn_1.txt,gsgn,1,128,0.5969,0.7612,0.7411,PROTEINS,GIN,300,gsgn,proteins_gin_gn_fast
gsgn_1.txt,gsgn,1,129,0.5978,0.7532,0.7946,PROTEINS,GIN,300,gsgn,proteins_gin_gn_fast
gsgn_1.txt,gsgn,1,130,0.5987,0.7083,0.7054,PROTEINS,GIN,300,gsgn,proteins_gin_gn_fast
gsgn_1.txt,gsgn,1,131,0.5996,0.7113,0.7321,PROTEINS,GIN,300,gsgn,proteins_gin_gn_fast
gsgn_1.txt,gsgn,1,132,0.6005,0.7522,0.7679,PROTEINS,GIN,300,gsgn,proteins_gin_gn_fast
gsgn_1.txt,gsgn,1,133,0.6017,0.7273,0.7411,PROTEINS,GIN,300,gsgn,proteins_gin_gn_fast
gsgn_1.txt,gsgn,1,134,0.6027,0.7293,0.7054,PROTEINS,GIN,300,gsgn,proteins_gin_gn_fast
gsgn_1.txt,gsgn,1,135,0.6037,0.7093,0.7232,PROTEINS,GIN,300,gsgn,proteins_gin_gn_fast
gsgn_1.txt,gsgn,1,136,0.6047,0.7652,0.7589,PROTEINS,GIN,300,gsgn,proteins_gin_gn_fast
gsgn_1.txt,gsgn,1,137,0.6056,0.7592,0.7768,PROTEINS,GIN,300,gsgn,proteins_gin_gn_fast
gsgn_1.txt,gsgn,1,138,0.6067,0.7512,0.7857,PROTEINS,GIN,300,gsgn,proteins_gin_gn_fast
gsgn_1.txt,gsgn,1,139,0.6076,0.7682,0.8036,PROTEINS,GIN,300,gsgn,proteins_gin_gn_fast
gsgn_1.txt,gsgn,1,140,0.6085,0.7662,0.7589,PROTEINS,GIN,300,gsgn,proteins_gin_gn_fast
gsgn_1.txt,gsgn,1,141,0.6095,0.7612,0.7143,PROTEINS,GIN,300,gsgn,proteins_gin_gn_fast
gsgn_1.txt,gsgn,1,142,0.6105,0.7233,0.7411,PROTEINS,GIN,300,gsgn,proteins_gin_gn_fast
gsgn_1.txt,gsgn,1,143,0.6116,0.7702,0.75,PROTEINS,GIN,300,gsgn,proteins_gin_gn_fast
gsgn_1.txt,gsgn,1,144,0.6126,0.7393,0.7321,PROTEINS,GIN,300,gsgn,proteins_gin_gn_fast
gsgn_1.txt,gsgn,1,145,0.6136,0.7642,0.7946,PROTEINS,GIN,300,gsgn,proteins_gin_gn_fast
gsgn_1.txt,gsgn,1,146,0.6146,0.7552,0.7946,PROTEINS,GIN,300,gsgn,proteins_gin_gn_fast
gsgn_1.txt,gsgn,1,147,0.6156,0.7403,0.7321,PROTEINS,GIN,300,gsgn,proteins_gin_gn_fast
gsgn_1.txt,gsgn,1,148,0.6168,0.7263,0.7589,PROTEINS,GIN,300,gsgn,proteins_gin_gn_fast
gsgn_1.txt,gsgn,1,149,0.6179,0.7363,0.7679,PROTEINS,GIN,300,gsgn,proteins_gin_gn_fast
gsgn_1.txt,gsgn,1,150,0.619,0.7532,0.7321,PROTEINS,GIN,300,gsgn,proteins_gin_gn_fast
gsgn_1.txt,gsgn,1,151,0.6199,0.7433,0.75,PROTEINS,GIN,300,gsgn,proteins_gin_gn_fast
gsgn_1.txt,gsgn,1,152,0.6209,0.7532,0.7679,PROTEINS,GIN,300,gsgn,proteins_gin_gn_fast
gsgn_1.txt,gsgn,1,153,0.6219,0.7592,0.7589,PROTEINS,GIN,300,gsgn,proteins_gin_gn_fast
gsgn_1.txt,gsgn,1,154,0.6228,0.7053,0.7232,PROTEINS,GIN,300,gsgn,proteins_gin_gn_fast
gsgn_1.txt,gsgn,1,155,0.6239,0.7582,0.8125,PROTEINS,GIN,300,gsgn,proteins_gin_gn_fast
gsgn_1.txt,gsgn,1,156,0.6249,0.7572,0.7589,PROTEINS,GIN,300,gsgn,proteins_gin_gn_fast
gsgn_1.txt,gsgn,1,157,0.6257,0.7562,0.8036,PROTEINS,GIN,300,gsgn,proteins_gin_gn_fast
gsgn_1.txt,gsgn,1,158,0.6267,0.7532,0.7589,PROTEINS,GIN,300,gsgn,proteins_gin_gn_fast
gsgn_1.txt,gsgn,1,159,0.6276,0.7153,0.7411,PROTEINS,GIN,300,gsgn,proteins_gin_gn_fast
gsgn_1.txt,gsgn,1,160,0.6285,0.7672,0.7589,PROTEINS,GIN,300,gsgn,proteins_gin_gn_fast
gsgn_1.txt,gsgn,1,161,0.6294,0.7273,0.7589,PROTEINS,GIN,300,gsgn,proteins_gin_gn_fast
gsgn_1.txt,gsgn,1,162,0.6303,0.7473,0.7946,PROTEINS,GIN,300,gsgn,proteins_gin_gn_fast
gsgn_1.txt,gsgn,1,163,0.6312,0.7473,0.7768,PROTEINS,GIN,300,gsgn,proteins_gin_gn_fast
gsgn_1.txt,gsgn,1,164,0.632,0.7512,0.7946,PROTEINS,GIN,300,gsgn,proteins_gin_gn_fast
gsgn_1.txt,gsgn,1,165,0.6328,0.7612,0.7589,PROTEINS,GIN,300,gsgn,proteins_gin_gn_fast
gsgn_1.txt,gsgn,1,166,0.6337,0.7572,0.7411,PROTEINS,GIN,300,gsgn,proteins_gin_gn_fast
gsgn_1.txt,gsgn,1,167,0.6345,0.7043,0.7143,PROTEINS,GIN,300,gsgn,proteins_gin_gn_fast
gsgn_1.txt,gsgn,1,168,0.6353,0.7542,0.7589,PROTEINS,GIN,300,gsgn,proteins_gin_gn_fast
gsgn_1.txt,gsgn,1,169,0.6361,0.7562,0.7768,PROTEINS,GIN,300,gsgn,proteins_gin_gn_fast
gsgn_1.txt,gsgn,1,170,0.6369,0.7642,0.7679,PROTEINS,GIN,300,gsgn,proteins_gin_gn_fast
gsgn_1.txt,gsgn,1,171,0.6376,0.7642,0.7768,PROTEINS,GIN,300,gsgn,proteins_gin_gn_fast
gsgn_1.txt,gsgn,1,172,0.6383,0.7632,0.7679,PROTEINS,GIN,300,gsgn,proteins_gin_gn_fast
gsgn_1.txt,gsgn,1,173,0.639,0.7642,0.75,PROTEINS,GIN,300,gsgn,proteins_gin_gn_fast
gsgn_1.txt,gsgn,1,174,0.6396,0.7283,0.7143,PROTEINS,GIN,300,gsgn,proteins_gin_gn_fast
gsgn_1.txt,gsgn,1,175,0.6403,0.7522,0.7768,PROTEINS,GIN,300,gsgn,proteins_gin_gn_fast
gsgn_1.txt,gsgn,1,176,0.641,0.7662,0.7589,PROTEINS,GIN,300,gsgn,proteins_gin_gn_fast
gsgn_1.txt,gsgn,1,177,0.6417,0.7363,0.7143,PROTEINS,GIN,300,gsgn,proteins_gin_gn_fast
gsgn_1.txt,gsgn,1,178,0.6424,0.7682,0.7589,PROTEINS,GIN,300,gsgn,proteins_gin_gn_fast
gsgn_1.txt,gsgn,1,179,0.643,0.7682,0.7589,PROTEINS,GIN,300,gsgn,proteins_gin_gn_fast
gsgn_1.txt,gsgn,1,180,0.6436,0.7562,0.7768,PROTEINS,GIN,300,gsgn,proteins_gin_gn_fast
gsgn_1.txt,gsgn,1,181,0.6443,0.7542,0.7589,PROTEINS,GIN,300,gsgn,proteins_gin_gn_fast
gsgn_1.txt,gsgn,1,182,0.6449,0.7592,0.7679,PROTEINS,GIN,300,gsgn,proteins_gin_gn_fast
gsgn_1.txt,gsgn,1,183,0.6454,0.7473,0.7321,PROTEINS,GIN,300,gsgn,proteins_gin_gn_fast
gsgn_1.txt,gsgn,1,184,0.646,0.7473,0.75,PROTEINS,GIN,300,gsgn,proteins_gin_gn_fast
gsgn_1.txt,gsgn,1,185,0.6465,0.7712,0.7768,PROTEINS,GIN,300,gsgn,proteins_gin_gn_fast
gsgn_1.txt,gsgn,1,186,0.647,0.7552,0.7411,PROTEINS,GIN,300,gsgn,proteins_gin_gn_fast
gsgn_1.txt,gsgn,1,187,0.6475,0.7672,0.7679,PROTEINS,GIN,300,gsgn,proteins_gin_gn_fast
gsgn_1.txt,gsgn,1,188,0.648,0.7602,0.75,PROTEINS,GIN,300,gsgn,proteins_gin_gn_fast
gsgn_1.txt,gsgn,1,189,0.6486,0.7542,0.7946,PROTEINS,GIN,300,gsgn,proteins_gin_gn_fast
gsgn_1.txt,gsgn,1,190,0.6492,0.7073,0.7411,PROTEINS,GIN,300,gsgn,proteins_gin_gn_fast
gsgn_1.txt,gsgn,1,191,0.6498,0.7473,0.75,PROTEINS,GIN,300,gsgn,proteins_gin_gn_fast
gsgn_1.txt,gsgn,1,192,0.6503,0.7622,0.7857,PROTEINS,GIN,300,gsgn,proteins_gin_gn_fast
gsgn_1.txt,gsgn,1,193,0.6508,0.7562,0.7679,PROTEINS,GIN,300,gsgn,proteins_gin_gn_fast
gsgn_1.txt,gsgn,1,194,0.6513,0.7672,0.75,PROTEINS,GIN,300,gsgn,proteins_gin_gn_fast
gsgn_1.txt,gsgn,1,195,0.6517,0.7642,0.75,PROTEINS,GIN,300,gsgn,proteins_gin_gn_fast
gsgn_1.txt,gsgn,1,196,0.6521,0.7582,0.7679,PROTEINS,GIN,300,gsgn,proteins_gin_gn_fast
gsgn_1.txt,gsgn,1,197,0.6525,0.7762,0.7589,PROTEINS,GIN,300,gsgn,proteins_gin_gn_fast
gsgn_1.txt,gsgn,1,198,0.6534,0.7632,0.7589,PROTEINS,GIN,300,gsgn,proteins_gin_gn_fast
gsgn_1.txt,gsgn,1,199,0.6541,0.7542,0.7679,PROTEINS,GIN,300,gsgn,proteins_gin_gn_fast
gsgn_1.txt,gsgn,1,200,0.6552,0.7483,0.8036,PROTEINS,GIN,300,gsgn,proteins_gin_gn_fast
gsgn_1.txt,gsgn,1,201,0.6558,0.7453,0.7411,PROTEINS,GIN,300,gsgn,proteins_gin_gn_fast
gsgn_1.txt,gsgn,1,202,0.6563,0.7483,0.7411,PROTEINS,GIN,300,gsgn,proteins_gin_gn_fast
gsgn_1.txt,gsgn,1,203,0.6569,0.7373,0.7946,PROTEINS,GIN,300,gsgn,proteins_gin_gn_fast
gsgn_1.txt,gsgn,1,204,0.6575,0.7473,0.7411,PROTEINS,GIN,300,gsgn,proteins_gin_gn_fast
gsgn_1.txt,gsgn,1,205,0.6584,0.7662,0.75,PROTEINS,GIN,300,gsgn,proteins_gin_gn_fast
gsgn_1.txt,gsgn,1,206,0.6614,0.7672,0.7411,PROTEINS,GIN,300,gsgn,proteins_gin_gn_fast
gsgn_1.txt,gsgn,1,207,0.664,0.7493,0.7589,PROTEINS,GIN,300,gsgn,proteins_gin_gn_fast
gsgn_1.txt,gsgn,1,208,0.6651,0.7682,0.75,PROTEINS,GIN,300,gsgn,proteins_gin_gn_fast
gsgn_1.txt,gsgn,1,209,0.6657,0.7572,0.7589,PROTEINS,GIN,300,gsgn,proteins_gin_gn_fast
gsgn_1.txt,gsgn,1,210,0.6666,0.7582,0.7768,PROTEINS,GIN,300,gsgn,proteins_gin_gn_fast
gsgn_1.txt,gsgn,1,211,0.6675,0.7622,0.7679,PROTEINS,GIN,300,gsgn,proteins_gin_gn_fast
gsgn_1.txt,gsgn,1,212,0.6683,0.7522,0.7857,PROTEINS,GIN,300,gsgn,proteins_gin_gn_fast
gsgn_1.txt,gsgn,1,213,0.6688,0.7512,0.7232,PROTEINS,GIN,300,gsgn,proteins_gin_gn_fast
gsgn_1.txt,gsgn,1,214,0.6694,0.7632,0.75,PROTEINS,GIN,300,gsgn,proteins_gin_gn_fast
gsgn_1.txt,gsgn,1,215,0.6698,0.7662,0.7679,PROTEINS,GIN,300,gsgn,proteins_gin_gn_fast
gsgn_1.txt,gsgn,1,216,0.6702,0.7602,0.7589,PROTEINS,GIN,300,gsgn,proteins_gin_gn_fast
gsgn_1.txt,gsgn,1,217,0.6704,0.7483,0.7589,PROTEINS,GIN,300,gsgn,proteins_gin_gn_fast
gsgn_1.txt,gsgn,1,218,0.6706,0.7592,0.7589,PROTEINS,GIN,300,gsgn,proteins_gin_gn_fast
gsgn_1.txt,gsgn,1,219,0.6709,0.7672,0.75,PROTEINS,GIN,300,gsgn,proteins_gin_gn_fast
gsgn_1.txt,gsgn,1,220,0.6714,0.7512,0.7679,PROTEINS,GIN,300,gsgn,proteins_gin_gn_fast
gsgn_1.txt,gsgn,1,221,0.6727,0.7502,0.7768,PROTEINS,GIN,300,gsgn,proteins_gin_gn_fast
gsgn_1.txt,gsgn,1,222,0.6735,0.7652,0.7589,PROTEINS,GIN,300,gsgn,proteins_gin_gn_fast
gsgn_1.txt,gsgn,1,223,0.6738,0.7642,0.7679,PROTEINS,GIN,300,gsgn,proteins_gin_gn_fast
gsgn_1.txt,gsgn,1,224,0.6741,0.7552,0.75,PROTEINS,GIN,300,gsgn,proteins_gin_gn_fast
gsgn_1.txt,gsgn,1,225,0.6743,0.7662,0.7411,PROTEINS,GIN,300,gsgn,proteins_gin_gn_fast
gsgn_1.txt,gsgn,1,226,0.6745,0.7702,0.7589,PROTEINS,GIN,300,gsgn,proteins_gin_gn_fast
gsgn_1.txt,gsgn,1,227,0.6747,0.7622,0.7589,PROTEINS,GIN,300,gsgn,proteins_gin_gn_fast
gsgn_1.txt,gsgn,1,228,0.675,0.7742,0.7589,PROTEINS,GIN,300,gsgn,proteins_gin_gn_fast
gsgn_1.txt,gsgn,1,229,0.6752,0.7522,0.7589,PROTEINS,GIN,300,gsgn,proteins_gin_gn_fast
gsgn_1.txt,gsgn,1,230,0.6754,0.7532,0.7679,PROTEINS,GIN,300,gsgn,proteins_gin_gn_fast
gsgn_1.txt,gsgn,1,231,0.6756,0.7652,0.75,PROTEINS,GIN,300,gsgn,proteins_gin_gn_fast
gsgn_1.txt,gsgn,1,232,0.6758,0.7602,0.7679,PROTEINS,GIN,300,gsgn,proteins_gin_gn_fast
gsgn_1.txt,gsgn,1,233,0.6764,0.7682,0.7768,PROTEINS,GIN,300,gsgn,proteins_gin_gn_fast
gsgn_1.txt,gsgn,1,234,0.6766,0.7453,0.75,PROTEINS,GIN,300,gsgn,proteins_gin_gn_fast
gsgn_1.txt,gsgn,1,235,0.677,0.7453,0.7589,PROTEINS,GIN,300,gsgn,proteins_gin_gn_fast
gsgn_1.txt,gsgn,1,236,0.6771,0.7622,0.75,PROTEINS,GIN,300,gsgn,proteins_gin_gn_fast
gsgn_1.txt,gsgn,1,237,0.6773,0.7652,0.7589,PROTEINS,GIN,300,gsgn,proteins_gin_gn_fast
gsgn_1.txt,gsgn,1,238,0.6778,0.7682,0.7589,PROTEINS,GIN,300,gsgn,proteins_gin_gn_fast
gsgn_1.txt,gsgn,1,239,0.678,0.7742,0.7589,PROTEINS,GIN,300,gsgn,proteins_gin_gn_fast
gsgn_1.txt,gsgn,1,240,0.6782,0.7642,0.7679,PROTEINS,GIN,300,gsgn,proteins_gin_gn_fast
gsgn_1.txt,gsgn,1,241,0.6787,0.7652,0.75,PROTEINS,GIN,300,gsgn,proteins_gin_gn_fast
gsgn_1.txt,gsgn,1,242,0.6792,0.7383,0.7232,PROTEINS,GIN,300,gsgn,proteins_gin_gn_fast
gsgn_1.txt,gsgn,1,243,0.6794,0.7702,0.7679,PROTEINS,GIN,300,gsgn,proteins_gin_gn_fast
gsgn_1.txt,gsgn,1,244,0.6798,0.7483,0.7679,PROTEINS,GIN,300,gsgn,proteins_gin_gn_fast
gsgn_1.txt,gsgn,1,245,0.6799,0.7642,0.7679,PROTEINS,GIN,300,gsgn,proteins_gin_gn_fast
gsgn_1.txt,gsgn,1,246,0.6801,0.7632,0.75,PROTEINS,GIN,300,gsgn,proteins_gin_gn_fast
gsgn_1.txt,gsgn,1,247,0.6802,0.7722,0.75,PROTEINS,GIN,300,gsgn,proteins_gin_gn_fast
gsgn_1.txt,gsgn,1,248,0.6803,0.7393,0.7679,PROTEINS,GIN,300,gsgn,proteins_gin_gn_fast
gsgn_1.txt,gsgn,1,249,0.6804,0.7632,0.7768,PROTEINS,GIN,300,gsgn,proteins_gin_gn_fast
gsgn_1.txt,gsgn,1,250,0.6805,0.7542,0.7589,PROTEINS,GIN,300,gsgn,proteins_gin_gn_fast
gsgn_1.txt,gsgn,1,251,0.6806,0.7702,0.7589,PROTEINS,GIN,300,gsgn,proteins_gin_gn_fast
gsgn_1.txt,gsgn,1,252,0.6807,0.7692,0.7679,PROTEINS,GIN,300,gsgn,proteins_gin_gn_fast
gsgn_1.txt,gsgn,1,253,0.6809,0.7463,0.7679,PROTEINS,GIN,300,gsgn,proteins_gin_gn_fast
gsgn_1.txt,gsgn,1,254,0.6809,0.7652,0.7857,PROTEINS,GIN,300,gsgn,proteins_gin_gn_fast
gsgn_1.txt,gsgn,1,255,0.6811,0.7662,0.75,PROTEINS,GIN,300,gsgn,proteins_gin_gn_fast
gsgn_1.txt,gsgn,1,256,0.6812,0.7562,0.75,PROTEINS,GIN,300,gsgn,proteins_gin_gn_fast
gsgn_1.txt,gsgn,1,257,0.6814,0.7572,0.7679,PROTEINS,GIN,300,gsgn,proteins_gin_gn_fast
gsgn_1.txt,gsgn,1,258,0.6815,0.7672,0.75,PROTEINS,GIN,300,gsgn,proteins_gin_gn_fast
gsgn_1.txt,gsgn,1,259,0.6816,0.7602,0.7589,PROTEINS,GIN,300,gsgn,proteins_gin_gn_fast
gsgn_1.txt,gsgn,1,260,0.6818,0.7632,0.75,PROTEINS,GIN,300,gsgn,proteins_gin_gn_fast
gsgn_1.txt,gsgn,1,261,0.6819,0.7572,0.7679,PROTEINS,GIN,300,gsgn,proteins_gin_gn_fast
gsgn_1.txt,gsgn,1,262,0.6819,0.7732,0.75,PROTEINS,GIN,300,gsgn,proteins_gin_gn_fast
gsgn_1.txt,gsgn,1,263,0.682,0.7532,0.7589,PROTEINS,GIN,300,gsgn,proteins_gin_gn_fast
gsgn_1.txt,gsgn,1,264,0.6821,0.7712,0.7589,PROTEINS,GIN,300,gsgn,proteins_gin_gn_fast
gsgn_1.txt,gsgn,1,265,0.6822,0.7512,0.7679,PROTEINS,GIN,300,gsgn,proteins_gin_gn_fast
gsgn_1.txt,gsgn,1,266,0.6823,0.7602,0.7411,PROTEINS,GIN,300,gsgn,proteins_gin_gn_fast
gsgn_1.txt,gsgn,1,267,0.6824,0.7652,0.7589,PROTEINS,GIN,300,gsgn,proteins_gin_gn_fast
gsgn_1.txt,gsgn,1,268,0.6825,0.7662,0.75,PROTEINS,GIN,300,gsgn,proteins_gin_gn_fast
gsgn_1.txt,gsgn,1,269,0.6826,0.7612,0.75,PROTEINS,GIN,300,gsgn,proteins_gin_gn_fast
gsgn_1.txt,gsgn,1,270,0.6827,0.7692,0.7679,PROTEINS,GIN,300,gsgn,proteins_gin_gn_fast
gsgn_1.txt,gsgn,1,271,0.6827,0.7562,0.7589,PROTEINS,GIN,300,gsgn,proteins_gin_gn_fast
gsgn_1.txt,gsgn,1,272,0.6828,0.7692,0.75,PROTEINS,GIN,300,gsgn,proteins_gin_gn_fast
gsgn_1.txt,gsgn,1,273,0.6829,0.7612,0.7589,PROTEINS,GIN,300,gsgn,proteins_gin_gn_fast
gsgn_1.txt,gsgn,1,274,0.683,0.7702,0.7589,PROTEINS,GIN,300,gsgn,proteins_gin_gn_fast
gsgn_1.txt,gsgn,1,275,0.683,0.7602,0.7768,PROTEINS,GIN,300,gsgn,proteins_gin_gn_fast
gsgn_1.txt,gsgn,1,276,0.683,0.7642,0.75,PROTEINS,GIN,300,gsgn,proteins_gin_gn_fast
gsgn_1.txt,gsgn,1,277,0.6831,0.7612,0.7589,PROTEINS,GIN,300,gsgn,proteins_gin_gn_fast
gsgn_1.txt,gsgn,1,278,0.6831,0.7682,0.7589,PROTEINS,GIN,300,gsgn,proteins_gin_gn_fast
gsgn_1.txt,gsgn,1,279,0.6833,0.7662,0.7589,PROTEINS,GIN,300,gsgn,proteins_gin_gn_fast
gsgn_1.txt,gsgn,1,280,0.6834,0.7692,0.7589,PROTEINS,GIN,300,gsgn,proteins_gin_gn_fast
gsgn_1.txt,gsgn,1,281,0.6834,0.7702,0.7679,PROTEINS,GIN,300,gsgn,proteins_gin_gn_fast
gsgn_1.txt,gsgn,1,282,0.6835,0.7702,0.7589,PROTEINS,GIN,300,gsgn,proteins_gin_gn_fast
gsgn_1.txt,gsgn,1,283,0.6835,0.7592,0.7679,PROTEINS,GIN,300,gsgn,proteins_gin_gn_fast
gsgn_1.txt,gsgn,1,284,0.6834,0.7682,0.7589,PROTEINS,GIN,300,gsgn,proteins_gin_gn_fast
gsgn_1.txt,gsgn,1,285,0.6834,0.7722,0.7589,PROTEINS,GIN,300,gsgn,proteins_gin_gn_fast
gsgn_1.txt,gsgn,1,286,0.6834,0.7732,0.7589,PROTEINS,GIN,300,gsgn,proteins_gin_gn_fast
gsgn_1.txt,gsgn,1,287,0.6834,0.7682,0.7589,PROTEINS,GIN,300,gsgn,proteins_gin_gn_fast
gsgn_1.txt,gsgn,1,288,0.6836,0.7612,0.7768,PROTEINS,GIN,300,gsgn,proteins_gin_gn_fast
gsgn_1.txt,gsgn,1,289,0.6836,0.7682,0.75,PROTEINS,GIN,300,gsgn,proteins_gin_gn_fast
gsgn_1.txt,gsgn,1,290,0.6837,0.7622,0.7589,PROTEINS,GIN,300,gsgn,proteins_gin_gn_fast
gsgn_1.txt,gsgn,1,291,0.6837,0.7652,0.7679,PROTEINS,GIN,300,gsgn,proteins_gin_gn_fast
gsgn_1.txt,gsgn,1,292,0.6837,0.7742,0.7589,PROTEINS,GIN,300,gsgn,proteins_gin_gn_fast
gsgn_1.txt,gsgn,1,293,0.6837,0.7752,0.7589,PROTEINS,GIN,300,gsgn,proteins_gin_gn_fast
gsgn_1.txt,gsgn,1,294,0.6837,0.7562,0.7768,PROTEINS,GIN,300,gsgn,proteins_gin_gn_fast
gsgn_1.txt,gsgn,1,295,0.6837,0.7662,0.7679,PROTEINS,GIN,300,gsgn,proteins_gin_gn_fast
gsgn_1.txt,gsgn,1,296,0.6837,0.7702,0.75,PROTEINS,GIN,300,gsgn,proteins_gin_gn_fast
gsgn_1.txt,gsgn,1,297,0.6837,0.7662,0.7589,PROTEINS,GIN,300,gsgn,proteins_gin_gn_fast
gsgn_1.txt,gsgn,1,298,0.6837,0.7662,0.7589,PROTEINS,GIN,300,gsgn,proteins_gin_gn_fast
gsgn_1.txt,gsgn,1,299,0.6837,0.7652,0.7679,PROTEINS,GIN,300,gsgn,proteins_gin_gn_fast
gsgn_1.txt,gsgn,1,300,0.6837,0.7652,0.7679,PROTEINS,GIN,300,gsgn,proteins_gin_gn_fast
gsgn_2.txt,gsgn,2,1,0.5965,0.5954,0.5982,PROTEINS,GIN,300,gsgn,proteins_gin_gn_fast
gsgn_2.txt,gsgn,2,2,0.5672,0.5954,0.5982,PROTEINS,GIN,300,gsgn,proteins_gin_gn_fast
gsgn_2.txt,gsgn,2,3,0.558,0.6733,0.6429,PROTEINS,GIN,300,gsgn,proteins_gin_gn_fast
gsgn_2.txt,gsgn,2,4,0.5545,0.6703,0.625,PROTEINS,GIN,300,gsgn,proteins_gin_gn_fast
gsgn_2.txt,gsgn,2,5,0.5533,0.7033,0.6518,PROTEINS,GIN,300,gsgn,proteins_gin_gn_fast
gsgn_2.txt,gsgn,2,6,0.5533,0.7373,0.75,PROTEINS,GIN,300,gsgn,proteins_gin_gn_fast
gsgn_2.txt,gsgn,2,7,0.5538,0.6513,0.6071,PROTEINS,GIN,300,gsgn,proteins_gin_gn_fast
gsgn_2.txt,gsgn,2,8,0.5551,0.7343,0.7321,PROTEINS,GIN,300,gsgn,proteins_gin_gn_fast
gsgn_2.txt,gsgn,2,9,0.5564,0.7562,0.7411,PROTEINS,GIN,300,gsgn,proteins_gin_gn_fast
gsgn_2.txt,gsgn,2,10,0.5575,0.6733,0.6875,PROTEINS,GIN,300,gsgn,proteins_gin_gn_fast
gsgn_2.txt,gsgn,2,11,0.5588,0.6723,0.6339,PROTEINS,GIN,300,gsgn,proteins_gin_gn_fast
gsgn_2.txt,gsgn,2,12,0.56,0.7642,0.8125,PROTEINS,GIN,300,gsgn,proteins_gin_gn_fast
gsgn_2.txt,gsgn,2,13,0.5608,0.5954,0.5982,PROTEINS,GIN,300,gsgn,proteins_gin_gn_fast
gsgn_2.txt,gsgn,2,14,0.562,0.7123,0.6607,PROTEINS,GIN,300,gsgn,proteins_gin_gn_fast
gsgn_2.txt,gsgn,2,15,0.5628,0.7283,0.7232,PROTEINS,GIN,300,gsgn,proteins_gin_gn_fast
gsgn_2.txt,gsgn,2,16,0.5635,0.6543,0.6696,PROTEINS,GIN,300,gsgn,proteins_gin_gn_fast
gsgn_2.txt,gsgn,2,17,0.5643,0.7692,0.7946,PROTEINS,GIN,300,gsgn,proteins_gin_gn_fast
gsgn_2.txt,gsgn,2,18,0.5647,0.4935,0.4643,PROTEINS,GIN,300,gsgn,proteins_gin_gn_fast
gsgn_2.txt,gsgn,2,19,0.5651,0.6693,0.625,PROTEINS,GIN,300,gsgn,proteins_gin_gn_fast
gsgn_2.txt,gsgn,2,20,0.5659,0.7502,0.7679,PROTEINS,GIN,300,gsgn,proteins_gin_gn_fast
gsgn_2.txt,gsgn,2,21,0.5658,0.7582,0.7589,PROTEINS,GIN,300,gsgn,proteins_gin_gn_fast
gsgn_2.txt,gsgn,2,22,0.5681,0.4206,0.4107,PROTEINS,GIN,300,gsgn,proteins_gin_gn_fast
gsgn_2.txt,gsgn,2,23,0.5687,0.7433,0.8125,PROTEINS,GIN,300,gsgn,proteins_gin_gn_fast
gsgn_2.txt,gsgn,2,24,0.569,0.7223,0.7679,PROTEINS,GIN,300,gsgn,proteins_gin_gn_fast
gsgn_2.txt,gsgn,2,25,0.5691,0.7373,0.6875,PROTEINS,GIN,300,gsgn,proteins_gin_gn_fast
gsgn_2.txt,gsgn,2,26,0.5698,0.6284,0.5982,PROTEINS,GIN,300,gsgn,proteins_gin_gn_fast
gsgn_2.txt,gsgn,2,27,0.5702,0.7532,0.7321,PROTEINS,GIN,300,gsgn,proteins_gin_gn_fast
gsgn_2.txt,gsgn,2,28,0.5707,0.7622,0.7589,PROTEINS,GIN,300,gsgn,proteins_gin_gn_fast
gsgn_2.txt,gsgn,2,29,0.5714,0.5844,0.5982,PROTEINS,GIN,300,gsgn,proteins_gin_gn_fast
gsgn_2.txt,gsgn,2,30,0.572,0.7772,0.7768,PROTEINS,GIN,300,gsgn,proteins_gin_gn_fast
gsgn_2.txt,gsgn,2,31,0.5726,0.7592,0.7857,PROTEINS,GIN,300,gsgn,proteins_gin_gn_fast
gsgn_2.txt,gsgn,2,32,0.573,0.6414,0.6071,PROTEINS,GIN,300,gsgn,proteins_gin_gn_fast
gsgn_2.txt,gsgn,2,33,0.5736,0.4116,0.4018,PROTEINS,GIN,300,gsgn,proteins_gin_gn_fast
gsgn_2.txt,gsgn,2,34,0.5741,0.4216,0.4107,PROTEINS,GIN,300,gsgn,proteins_gin_gn_fast
gsgn_2.txt,gsgn,2,35,0.5748,0.6773,0.7321,PROTEINS,GIN,300,gsgn,proteins_gin_gn_fast
gsgn_2.txt,gsgn,2,36,0.5756,0.6474,0.6429,PROTEINS,GIN,300,gsgn,proteins_gin_gn_fast
gsgn_2.txt,gsgn,2,37,0.5761,0.7303,0.8125,PROTEINS,GIN,300,gsgn,proteins_gin_gn_fast
gsgn_2.txt,gsgn,2,38,0.5769,0.7572,0.7946,PROTEINS,GIN,300,gsgn,proteins_gin_gn_fast
gsgn_2.txt,gsgn,2,39,0.5773,0.7483,0.8214,PROTEINS,GIN,300,gsgn,proteins_gin_gn_fast
gsgn_2.txt,gsgn,2,40,0.578,0.7433,0.7232,PROTEINS,GIN,300,gsgn,proteins_gin_gn_fast
gsgn_2.txt,gsgn,2,41,0.5786,0.7383,0.7054,PROTEINS,GIN,300,gsgn,proteins_gin_gn_fast
gsgn_2.txt,gsgn,2,42,0.5792,0.7522,0.7589,PROTEINS,GIN,300,gsgn,proteins_gin_gn_fast
gsgn_2.txt,gsgn,2,43,0.58,0.6404,0.6518,PROTEINS,GIN,300,gsgn,proteins_gin_gn_fast
gsgn_2.txt,gsgn,2,44,0.5806,0.7103,0.7768,PROTEINS,GIN,300,gsgn,proteins_gin_gn_fast
gsgn_2.txt,gsgn,2,45,0.5811,0.7453,0.7321,PROTEINS,GIN,300,gsgn,proteins_gin_gn_fast
gsgn_2.txt,gsgn,2,46,0.5816,0.7123,0.7946,PROTEINS,GIN,300,gsgn,proteins_gin_gn_fast
gsgn_2.txt,gsgn,2,47,0.5836,0.7343,0.7232,PROTEINS,GIN,300,gsgn,proteins_gin_gn_fast
gsgn_2.txt,gsgn,2,48,0.5844,0.6843,0.7589,PROTEINS,GIN,300,gsgn,proteins_gin_gn_fast
gsgn_2.txt,gsgn,2,49,0.5851,0.7512,0.7232,PROTEINS,GIN,300,gsgn,proteins_gin_gn_fast
gsgn_2.txt,gsgn,2,50,0.5857,0.7393,0.7143,PROTEINS,GIN,300,gsgn,proteins_gin_gn_fast
gsgn_2.txt,gsgn,2,51,0.5888,0.6434,0.6696,PROTEINS,GIN,300,gsgn,proteins_gin_gn_fast
gsgn_2.txt,gsgn,2,52,0.5908,0.7173,0.7054,PROTEINS,GIN,300,gsgn,proteins_gin_gn_fast
gsgn_2.txt,gsgn,2,53,0.5915,0.7373,0.7768,PROTEINS,GIN,300,gsgn,proteins_gin_gn_fast
gsgn_2.txt,gsgn,2,54,0.5919,0.6394,0.6518,PROTEINS,GIN,300,gsgn,proteins_gin_gn_fast
gsgn_2.txt,gsgn,2,55,0.5922,0.7433,0.75,PROTEINS,GIN,300,gsgn,proteins_gin_gn_fast
gsgn_2.txt,gsgn,2,56,0.5929,0.7552,0.8036,PROTEINS,GIN,300,gsgn,proteins_gin_gn_fast
gsgn_2.txt,gsgn,2,57,0.5934,0.7063,0.7679,PROTEINS,GIN,300,gsgn,proteins_gin_gn_fast
gsgn_2.txt,gsgn,2,58,0.5938,0.6893,0.6607,PROTEINS,GIN,300,gsgn,proteins_gin_gn_fast
gsgn_2.txt,gsgn,2,59,0.5942,0.7373,0.7232,PROTEINS,GIN,300,gsgn,proteins_gin_gn_fast
gsgn_2.txt,gsgn,2,60,0.5946,0.7093,0.7679,PROTEINS,GIN,300,gsgn,proteins_gin_gn_fast
gsgn_2.txt,gsgn,2,61,0.5951,0.7632,0.8214,PROTEINS,GIN,300,gsgn,proteins_gin_gn_fast
gsgn_2.txt,gsgn,2,62,0.5957,0.6613,0.6161,PROTEINS,GIN,300,gsgn,proteins_gin_gn_fast
gsgn_2.txt,gsgn,2,63,0.5963,0.7403,0.7321,PROTEINS,GIN,300,gsgn,proteins_gin_gn_fast
gsgn_2.txt,gsgn,2,64,0.5967,0.5954,0.5982,PROTEINS,GIN,300,gsgn,proteins_gin_gn_fast
gsgn_2.txt,gsgn,2,65,0.5973,0.5954,0.6429,PROTEINS,GIN,300,gsgn,proteins_gin_gn_fast
gsgn_2.txt,gsgn,2,66,0.5978,0.7323,0.7679,PROTEINS,GIN,300,gsgn,proteins_gin_gn_fast
gsgn_2.txt,gsgn,2,67,0.5982,0.7542,0.7768,PROTEINS,GIN,300,gsgn,proteins_gin_gn_fast
gsgn_2.txt,gsgn,2,68,0.5989,0.7532,0.8036,PROTEINS,GIN,300,gsgn,proteins_gin_gn_fast
gsgn_2.txt,gsgn,2,69,0.5992,0.7602,0.7946,PROTEINS,GIN,300,gsgn,proteins_gin_gn_fast
gsgn_2.txt,gsgn,2,70,0.5998,0.7163,0.7857,PROTEINS,GIN,300,gsgn,proteins_gin_gn_fast
gsgn_2.txt,gsgn,2,71,0.6003,0.7602,0.8036,PROTEINS,GIN,300,gsgn,proteins_gin_gn_fast
gsgn_2.txt,gsgn,2,72,0.6008,0.7602,0.7679,PROTEINS,GIN,300,gsgn,proteins_gin_gn_fast
gsgn_2.txt,gsgn,2,73,0.6015,0.7323,0.8036,PROTEINS,GIN,300,gsgn,proteins_gin_gn_fast
gsgn_2.txt,gsgn,2,74,0.6021,0.7562,0.7946,PROTEINS,GIN,300,gsgn,proteins_gin_gn_fast
gsgn_2.txt,gsgn,2,75,0.6037,0.7453,0.7054,PROTEINS,GIN,300,gsgn,proteins_gin_gn_fast
gsgn_2.txt,gsgn,2,76,0.6049,0.7602,0.8214,PROTEINS,GIN,300,gsgn,proteins_gin_gn_fast
gsgn_2.txt,gsgn,2,77,0.6061,0.7512,0.8214,PROTEINS,GIN,300,gsgn,proteins_gin_gn_fast
gsgn_2.txt,gsgn,2,78,0.6072,0.7552,0.8214,PROTEINS,GIN,300,gsgn,proteins_gin_gn_fast
gsgn_2.txt,gsgn,2,79,0.6082,0.7602,0.7946,PROTEINS,GIN,300,gsgn,proteins_gin_gn_fast
gsgn_2.txt,gsgn,2,80,0.6092,0.7413,0.7768,PROTEINS,GIN,300,gsgn,proteins_gin_gn_fast
gsgn_2.txt,gsgn,2,81,0.6102,0.7562,0.8125,PROTEINS,GIN,300,gsgn,proteins_gin_gn_fast
gsgn_2.txt,gsgn,2,82,0.6112,0.7013,0.7768,PROTEINS,GIN,300,gsgn,proteins_gin_gn_fast
gsgn_2.txt,gsgn,2,83,0.6121,0.7303,0.6786,PROTEINS,GIN,300,gsgn,proteins_gin_gn_fast
gsgn_2.txt,gsgn,2,84,0.6132,0.7213,0.6875,PROTEINS,GIN,300,gsgn,proteins_gin_gn_fast
gsgn_2.txt,gsgn,2,85,0.6142,0.7672,0.8304,PROTEINS,GIN,300,gsgn,proteins_gin_gn_fast
gsgn_2.txt,gsgn,2,86,0.6153,0.6603,0.7321,PROTEINS,GIN,300,gsgn,proteins_gin_gn_fast
gsgn_2.txt,gsgn,2,87,0.6163,0.7562,0.8125,PROTEINS,GIN,300,gsgn,proteins_gin_gn_fast
gsgn_2.txt,gsgn,2,88,0.6181,0.7133,0.6786,PROTEINS,GIN,300,gsgn,proteins_gin_gn_fast
gsgn_2.txt,gsgn,2,89,0.6195,0.7542,0.8036,PROTEINS,GIN,300,gsgn,proteins_gin_gn_fast
gsgn_2.txt,gsgn,2,90,0.6207,0.7592,0.8304,PROTEINS,GIN,300,gsgn,proteins_gin_gn_fast
gsgn_2.txt,gsgn,2,91,0.6216,0.7582,0.7768,PROTEINS,GIN,300,gsgn,proteins_gin_gn_fast
gsgn_2.txt,gsgn,2,92,0.6226,0.6923,0.6607,PROTEINS,GIN,300,gsgn,proteins_gin_gn_fast
gsgn_2.txt,gsgn,2,93,0.6237,0.7532,0.7768,PROTEINS,GIN,300,gsgn,proteins_gin_gn_fast
gsgn_2.txt,gsgn,2,94,0.6246,0.7582,0.7411,PROTEINS,GIN,300,gsgn,proteins_gin_gn_fast
gsgn_2.txt,gsgn,2,95,0.6256,0.7173,0.7589,PROTEINS,GIN,300,gsgn,proteins_gin_gn_fast
gsgn_2.txt,gsgn,2,96,0.6266,0.7542,0.8393,PROTEINS,GIN,300,gsgn,proteins_gin_gn_fast
gsgn_2.txt,gsgn,2,97,0.6277,0.7502,0.7321,PROTEINS,GIN,300,gsgn,proteins_gin_gn_fast
gsgn_2.txt,gsgn,2,98,0.6286,0.7373,0.7232,PROTEINS,GIN,300,gsgn,proteins_gin_gn_fast
gsgn_2.txt,gsgn,2,99,0.6296,0.6923,0.7589,PROTEINS,GIN,300,gsgn,proteins_gin_gn_fast
gsgn_2.txt,gsgn,2,100,0.6311,0.6853,0.7589,PROTEINS,GIN,300,gsgn,proteins_gin_gn_fast
gsgn_2.txt,gsgn,2,101,0.632,0.7562,0.7679,PROTEINS,GIN,300,gsgn,proteins_gin_gn_fast
gsgn_2.txt,gsgn,2,102,0.6328,0.7493,0.7411,PROTEINS,GIN,300,gsgn,proteins_gin_gn_fast
gsgn_2.txt,gsgn,2,103,0.6336,0.6873,0.7232,PROTEINS,GIN,300,gsgn,proteins_gin_gn_fast
gsgn_2.txt,gsgn,2,104,0.6343,0.7572,0.7768,PROTEINS,GIN,300,gsgn,proteins_gin_gn_fast
gsgn_2.txt,gsgn,2,105,0.6351,0.7483,0.8125,PROTEINS,GIN,300,gsgn,proteins_gin_gn_fast
gsgn_2.txt,gsgn,2,106,0.6358,0.7223,0.7857,PROTEINS,GIN,300,gsgn,proteins_gin_gn_fast
gsgn_2.txt,gsgn,2,107,0.6367,0.5944,0.6071,PROTEINS,GIN,300,gsgn,proteins_gin_gn_fast
gsgn_2.txt,gsgn,2,108,0.6377,0.7443,0.8036,PROTEINS,GIN,300,gsgn,proteins_gin_gn_fast
gsgn_2.txt,gsgn,2,109,0.6385,0.7572,0.7857,PROTEINS,GIN,300,gsgn,proteins_gin_gn_fast
gsgn_2.txt,gsgn,2,110,0.6394,0.7582,0.8304,PROTEINS,GIN,300,gsgn,proteins_gin_gn_fast
gsgn_2.txt,gsgn,2,111,0.6403,0.7423,0.7143,PROTEINS,GIN,300,gsgn,proteins_gin_gn_fast
gsgn_2.txt,gsgn,2,112,0.6413,0.7243,0.6875,PROTEINS,GIN,300,gsgn,proteins_gin_gn_fast
gsgn_2.txt,gsgn,2,113,0.6422,0.7273,0.7143,PROTEINS,GIN,300,gsgn,proteins_gin_gn_fast
gsgn_2.txt,gsgn,2,114,0.6429,0.7532,0.7857,PROTEINS,GIN,300,gsgn,proteins_gin_gn_fast
gsgn_2.txt,gsgn,2,115,0.6439,0.7562,0.7589,PROTEINS,GIN,300,gsgn,proteins_gin_gn_fast
gsgn_2.txt,gsgn,2,116,0.6446,0.7532,0.8036,PROTEINS,GIN,300,gsgn,proteins_gin_gn_fast
gsgn_2.txt,gsgn,2,117,0.6455,0.7602,0.8125,PROTEINS,GIN,300,gsgn,proteins_gin_gn_fast
gsgn_2.txt,gsgn,2,118,0.6463,0.7562,0.7768,PROTEINS,GIN,300,gsgn,proteins_gin_gn_fast
gsgn_2.txt,gsgn,2,119,0.647,0.7592,0.7857,PROTEINS,GIN,300,gsgn,proteins_gin_gn_fast
gsgn_2.txt,gsgn,2,120,0.6478,0.7632,0.8304,PROTEINS,GIN,300,gsgn,proteins_gin_gn_fast
gsgn_2.txt,gsgn,2,121,0.6487,0.7602,0.8125,PROTEINS,GIN,300,gsgn,proteins_gin_gn_fast
gsgn_2.txt,gsgn,2,122,0.6495,0.7443,0.8393,PROTEINS,GIN,300,gsgn,proteins_gin_gn_fast
gsgn_2.txt,gsgn,2,123,0.6513,0.7522,0.7946,PROTEINS,GIN,300,gsgn,proteins_gin_gn_fast
gsgn_2.txt,gsgn,2,124,0.6526,0.7592,0.8214,PROTEINS,GIN,300,gsgn,proteins_gin_gn_fast
gsgn_2.txt,gsgn,2,125,0.6557,0.6993,0.7679,PROTEINS,GIN,300,gsgn,proteins_gin_gn_fast
gsgn_2.txt,gsgn,2,126,0.658,0.7532,0.7679,PROTEINS,GIN,300,gsgn,proteins_gin_gn_fast
gsgn_2.txt,gsgn,2,127,0.6596,0.7493,0.7589,PROTEINS,GIN,300,gsgn,proteins_gin_gn_fast
gsgn_2.txt,gsgn,2,128,0.6611,0.7512,0.7321,PROTEINS,GIN,300,gsgn,proteins_gin_gn_fast
gsgn_2.txt,gsgn,2,129,0.6618,0.7483,0.7411,PROTEINS,GIN,300,gsgn,proteins_gin_gn_fast
gsgn_2.txt,gsgn,2,130,0.6625,0.7473,0.7679,PROTEINS,GIN,300,gsgn,proteins_gin_gn_fast
gsgn_2.txt,gsgn,2,131,0.6632,0.7243,0.6786,PROTEINS,GIN,300,gsgn,proteins_gin_gn_fast
gsgn_2.txt,gsgn,2,132,0.6638,0.7582,0.8214,PROTEINS,GIN,300,gsgn,proteins_gin_gn_fast
gsgn_2.txt,gsgn,2,133,0.6648,0.7532,0.7679,PROTEINS,GIN,300,gsgn,proteins_gin_gn_fast
gsgn_2.txt,gsgn,2,134,0.6657,0.7592,0.7946,PROTEINS,GIN,300,gsgn,proteins_gin_gn_fast
gsgn_2.txt,gsgn,2,135,0.6664,0.6394,0.6518,PROTEINS,GIN,300,gsgn,proteins_gin_gn_fast
gsgn_2.txt,gsgn,2,136,0.6671,0.7532,0.8214,PROTEINS,GIN,300,gsgn,proteins_gin_gn_fast
gsgn_2.txt,gsgn,2,137,0.6677,0.7463,0.7946,PROTEINS,GIN,300,gsgn,proteins_gin_gn_fast
gsgn_2.txt,gsgn,2,138,0.6683,0.7622,0.8125,PROTEINS,GIN,300,gsgn,proteins_gin_gn_fast
gsgn_2.txt,gsgn,2,139,0.6689,0.7662,0.7857,PROTEINS,GIN,300,gsgn,proteins_gin_gn_fast
gsgn_2.txt,gsgn,2,140,0.6696,0.7483,0.8036,PROTEINS,GIN,300,gsgn,proteins_gin_gn_fast
gsgn_2.txt,gsgn,2,141,0.6702,0.7572,0.8125,PROTEINS,GIN,300,gsgn,proteins_gin_gn_fast
gsgn_2.txt,gsgn,2,142,0.6708,0.7213,0.6875,PROTEINS,GIN,300,gsgn,proteins_gin_gn_fast
gsgn_2.txt,gsgn,2,143,0.6715,0.7283,0.7857,PROTEINS,GIN,300,gsgn,proteins_gin_gn_fast
gsgn_2.txt,gsgn,2,144,0.6722,0.7383,0.7946,PROTEINS,GIN,300,gsgn,proteins_gin_gn_fast
gsgn_2.txt,gsgn,2,145,0.6734,0.7502,0.7768,PROTEINS,GIN,300,gsgn,proteins_gin_gn_fast
gsgn_2.txt,gsgn,2,146,0.6753,0.7502,0.7321,PROTEINS,GIN,300,gsgn,proteins_gin_gn_fast
gsgn_2.txt,gsgn,2,147,0.6774,0.7552,0.7946,PROTEINS,GIN,300,gsgn,proteins_gin_gn_fast
gsgn_2.txt,gsgn,2,148,0.6789,0.7463,0.8036,PROTEINS,GIN,300,gsgn,proteins_gin_gn_fast
gsgn_2.txt,gsgn,2,149,0.6807,0.7672,0.7946,PROTEINS,GIN,300,gsgn,proteins_gin_gn_fast
gsgn_2.txt,gsgn,2,150,0.682,0.7293,0.7946,PROTEINS,GIN,300,gsgn,proteins_gin_gn_fast
gsgn_2.txt,gsgn,2,151,0.6833,0.7612,0.7946,PROTEINS,GIN,300,gsgn,proteins_gin_gn_fast
gsgn_2.txt,gsgn,2,152,0.6849,0.7592,0.7768,PROTEINS,GIN,300,gsgn,proteins_gin_gn_fast
gsgn_2.txt,gsgn,2,153,0.6864,0.7602,0.8036,PROTEINS,GIN,300,gsgn,proteins_gin_gn_fast
gsgn_2.txt,gsgn,2,154,0.6881,0.7562,0.7768,PROTEINS,GIN,300,gsgn,proteins_gin_gn_fast
gsgn_2.txt,gsgn,2,155,0.6899,0.7622,0.8125,PROTEINS,GIN,300,gsgn,proteins_gin_gn_fast
gsgn_2.txt,gsgn,2,156,0.6915,0.7552,0.8036,PROTEINS,GIN,300,gsgn,proteins_gin_gn_fast
gsgn_2.txt,gsgn,2,157,0.6928,0.7413,0.7589,PROTEINS,GIN,300,gsgn,proteins_gin_gn_fast
gsgn_2.txt,gsgn,2,158,0.6943,0.7572,0.8125,PROTEINS,GIN,300,gsgn,proteins_gin_gn_fast
gsgn_2.txt,gsgn,2,159,0.6956,0.7582,0.8036,PROTEINS,GIN,300,gsgn,proteins_gin_gn_fast
gsgn_2.txt,gsgn,2,160,0.697,0.7542,0.8036,PROTEINS,GIN,300,gsgn,proteins_gin_gn_fast
gsgn_2.txt,gsgn,2,161,0.6989,0.7572,0.8125,PROTEINS,GIN,300,gsgn,proteins_gin_gn_fast
gsgn_2.txt,gsgn,2,162,0.7009,0.7193,0.7857,PROTEINS,GIN,300,gsgn,proteins_gin_gn_fast
gsgn_2.txt,gsgn,2,163,0.7024,0.7602,0.8036,PROTEINS,GIN,300,gsgn,proteins_gin_gn_fast
gsgn_2.txt,gsgn,2,164,0.7036,0.7542,0.8125,PROTEINS,GIN,300,gsgn,proteins_gin_gn_fast
gsgn_2.txt,gsgn,2,165,0.7051,0.7672,0.7857,PROTEINS,GIN,300,gsgn,proteins_gin_gn_fast
gsgn_2.txt,gsgn,2,166,0.707,0.7682,0.7946,PROTEINS,GIN,300,gsgn,proteins_gin_gn_fast
gsgn_2.txt,gsgn,2,167,0.7085,0.7612,0.8393,PROTEINS,GIN,300,gsgn,proteins_gin_gn_fast
gsgn_2.txt,gsgn,2,168,0.7101,0.7692,0.7857,PROTEINS,GIN,300,gsgn,proteins_gin_gn_fast
gsgn_2.txt,gsgn,2,169,0.711,0.7662,0.8393,PROTEINS,GIN,300,gsgn,proteins_gin_gn_fast
gsgn_2.txt,gsgn,2,170,0.7116,0.7562,0.8393,PROTEINS,GIN,300,gsgn,proteins_gin_gn_fast
gsgn_2.txt,gsgn,2,171,0.7119,0.7572,0.8125,PROTEINS,GIN,300,gsgn,proteins_gin_gn_fast
gsgn_2.txt,gsgn,2,172,0.7128,0.7343,0.8214,PROTEINS,GIN,300,gsgn,proteins_gin_gn_fast
gsgn_2.txt,gsgn,2,173,0.7136,0.7373,0.7946,PROTEINS,GIN,300,gsgn,proteins_gin_gn_fast
gsgn_2.txt,gsgn,2,174,0.7146,0.7373,0.8214,PROTEINS,GIN,300,gsgn,proteins_gin_gn_fast
gsgn_2.txt,gsgn,2,175,0.7158,0.7502,0.7857,PROTEINS,GIN,300,gsgn,proteins_gin_gn_fast
gsgn_2.txt,gsgn,2,176,0.7162,0.7512,0.8304,PROTEINS,GIN,300,gsgn,proteins_gin_gn_fast
gsgn_2.txt,gsgn,2,177,0.717,0.6883,0.6964,PROTEINS,GIN,300,gsgn,proteins_gin_gn_fast
gsgn_2.txt,gsgn,2,178,0.7172,0.7522,0.7857,PROTEINS,GIN,300,gsgn,proteins_gin_gn_fast
gsgn_2.txt,gsgn,2,179,0.7174,0.7502,0.7589,PROTEINS,GIN,300,gsgn,proteins_gin_gn_fast
gsgn_2.txt,gsgn,2,180,0.7175,0.7463,0.8125,PROTEINS,GIN,300,gsgn,proteins_gin_gn_fast
gsgn_2.txt,gsgn,2,181,0.7177,0.7013,0.7679,PROTEINS,GIN,300,gsgn,proteins_gin_gn_fast
gsgn_2.txt,gsgn,2,182,0.7178,0.7542,0.7411,PROTEINS,GIN,300,gsgn,proteins_gin_gn_fast
gsgn_2.txt,gsgn,2,183,0.718,0.7612,0.7857,PROTEINS,GIN,300,gsgn,proteins_gin_gn_fast
gsgn_2.txt,gsgn,2,184,0.7183,0.7283,0.8036,PROTEINS,GIN,300,gsgn,proteins_gin_gn_fast
gsgn_2.txt,gsgn,2,185,0.7184,0.7512,0.7946,PROTEINS,GIN,300,gsgn,proteins_gin_gn_fast
gsgn_2.txt,gsgn,2,186,0.7185,0.7652,0.8125,PROTEINS,GIN,300,gsgn,proteins_gin_gn_fast
gsgn_2.txt,gsgn,2,187,0.7186,0.7612,0.7857,PROTEINS,GIN,300,gsgn,proteins_gin_gn_fast
gsgn_2.txt,gsgn,2,188,0.7188,0.7642,0.7946,PROTEINS,GIN,300,gsgn,proteins_gin_gn_fast
gsgn_2.txt,gsgn,2,189,0.719,0.7592,0.7589,PROTEINS,GIN,300,gsgn,proteins_gin_gn_fast
gsgn_2.txt,gsgn,2,190,0.7192,0.7532,0.8304,PROTEINS,GIN,300,gsgn,proteins_gin_gn_fast
gsgn_2.txt,gsgn,2,191,0.7194,0.7582,0.7679,PROTEINS,GIN,300,gsgn,proteins_gin_gn_fast
gsgn_2.txt,gsgn,2,192,0.7195,0.7582,0.7768,PROTEINS,GIN,300,gsgn,proteins_gin_gn_fast
gsgn_2.txt,gsgn,2,193,0.7196,0.7642,0.7857,PROTEINS,GIN,300,gsgn,proteins_gin_gn_fast
gsgn_2.txt,gsgn,2,194,0.7199,0.7672,0.8036,PROTEINS,GIN,300,gsgn,proteins_gin_gn_fast
gsgn_2.txt,gsgn,2,195,0.72,0.7413,0.8036,PROTEINS,GIN,300,gsgn,proteins_gin_gn_fast
gsgn_2.txt,gsgn,2,196,0.7202,0.6963,0.7321,PROTEINS,GIN,300,gsgn,proteins_gin_gn_fast
gsgn_2.txt,gsgn,2,197,0.7204,0.7552,0.7411,PROTEINS,GIN,300,gsgn,proteins_gin_gn_fast
gsgn_2.txt,gsgn,2,198,0.7205,0.7592,0.7946,PROTEINS,GIN,300,gsgn,proteins_gin_gn_fast
gsgn_2.txt,gsgn,2,199,0.7207,0.7463,0.8304,PROTEINS,GIN,300,gsgn,proteins_gin_gn_fast
gsgn_2.txt,gsgn,2,200,0.7209,0.7632,0.7946,PROTEINS,GIN,300,gsgn,proteins_gin_gn_fast
gsgn_2.txt,gsgn,2,201,0.721,0.7483,0.8214,PROTEINS,GIN,300,gsgn,proteins_gin_gn_fast
gsgn_2.txt,gsgn,2,202,0.7211,0.7592,0.8125,PROTEINS,GIN,300,gsgn,proteins_gin_gn_fast
gsgn_2.txt,gsgn,2,203,0.7213,0.7622,0.8125,PROTEINS,GIN,300,gsgn,proteins_gin_gn_fast
gsgn_2.txt,gsgn,2,204,0.7214,0.7662,0.8036,PROTEINS,GIN,300,gsgn,proteins_gin_gn_fast
gsgn_2.txt,gsgn,2,205,0.7215,0.7682,0.7768,PROTEINS,GIN,300,gsgn,proteins_gin_gn_fast
gsgn_2.txt,gsgn,2,206,0.7216,0.7622,0.7768,PROTEINS,GIN,300,gsgn,proteins_gin_gn_fast
gsgn_2.txt,gsgn,2,207,0.7217,0.7672,0.8036,PROTEINS,GIN,300,gsgn,proteins_gin_gn_fast
gsgn_2.txt,gsgn,2,208,0.7219,0.6953,0.75,PROTEINS,GIN,300,gsgn,proteins_gin_gn_fast
gsgn_2.txt,gsgn,2,209,0.722,0.7602,0.7946,PROTEINS,GIN,300,gsgn,proteins_gin_gn_fast
gsgn_2.txt,gsgn,2,210,0.7221,0.7602,0.7857,PROTEINS,GIN,300,gsgn,proteins_gin_gn_fast
gsgn_2.txt,gsgn,2,211,0.7223,0.7373,0.8304,PROTEINS,GIN,300,gsgn,proteins_gin_gn_fast
gsgn_2.txt,gsgn,2,212,0.7224,0.7572,0.7411,PROTEINS,GIN,300,gsgn,proteins_gin_gn_fast
gsgn_2.txt,gsgn,2,213,0.7225,0.7143,0.7857,PROTEINS,GIN,300,gsgn,proteins_gin_gn_fast
gsgn_2.txt,gsgn,2,214,0.7226,0.7612,0.8036,PROTEINS,GIN,300,gsgn,proteins_gin_gn_fast
gsgn_2.txt,gsgn,2,215,0.7228,0.7552,0.8214,PROTEINS,GIN,300,gsgn,proteins_gin_gn_fast
gsgn_2.txt,gsgn,2,216,0.7229,0.7592,0.8214,PROTEINS,GIN,300,gsgn,proteins_gin_gn_fast
gsgn_2.txt,gsgn,2,217,0.7231,0.7622,0.7946,PROTEINS,GIN,300,gsgn,proteins_gin_gn_fast
gsgn_2.txt,gsgn,2,218,0.7232,0.7502,0.8125,PROTEINS,GIN,300,gsgn,proteins_gin_gn_fast
gsgn_2.txt,gsgn,2,219,0.7233,0.7672,0.8036,PROTEINS,GIN,300,gsgn,proteins_gin_gn_fast
gsgn_2.txt,gsgn,2,220,0.7234,0.7532,0.8214,PROTEINS,GIN,300,gsgn,proteins_gin_gn_fast
gsgn_2.txt,gsgn,2,221,0.7235,0.7682,0.7946,PROTEINS,GIN,300,gsgn,proteins_gin_gn_fast
gsgn_2.txt,gsgn,2,222,0.7238,0.7632,0.8036,PROTEINS,GIN,300,gsgn,proteins_gin_gn_fast
gsgn_2.txt,gsgn,2,223,0.7239,0.7672,0.7857,PROTEINS,GIN,300,gsgn,proteins_gin_gn_fast
gsgn_2.txt,gsgn,2,224,0.7243,0.7213,0.8036,PROTEINS,GIN,300,gsgn,proteins_gin_gn_fast
gsgn_2.txt,gsgn,2,225,0.7243,0.7632,0.7768,PROTEINS,GIN,300,gsgn,proteins_gin_gn_fast
gsgn_2.txt,gsgn,2,226,0.7245,0.7473,0.8304,PROTEINS,GIN,300,gsgn,proteins_gin_gn_fast
gsgn_2.txt,gsgn,2,227,0.7246,0.7582,0.7768,PROTEINS,GIN,300,gsgn,proteins_gin_gn_fast
gsgn_2.txt,gsgn,2,228,0.7248,0.7662,0.8125,PROTEINS,GIN,300,gsgn,proteins_gin_gn_fast
gsgn_2.txt,gsgn,2,229,0.7249,0.7642,0.8393,PROTEINS,GIN,300,gsgn,proteins_gin_gn_fast
gsgn_2.txt,gsgn,2,230,0.7251,0.7642,0.8214,PROTEINS,GIN,300,gsgn,proteins_gin_gn_fast
gsgn_2.txt,gsgn,2,231,0.7252,0.7493,0.7679,PROTEINS,GIN,300,gsgn,proteins_gin_gn_fast
gsgn_2.txt,gsgn,2,232,0.7254,0.7662,0.8036,PROTEINS,GIN,300,gsgn,proteins_gin_gn_fast
gsgn_2.txt,gsgn,2,233,0.7254,0.7642,0.8036,PROTEINS,GIN,300,gsgn,proteins_gin_gn_fast
gsgn_2.txt,gsgn,2,234,0.7255,0.7642,0.8036,PROTEINS,GIN,300,gsgn,proteins_gin_gn_fast
gsgn_2.txt,gsgn,2,235,0.7256,0.7522,0.7589,PROTEINS,GIN,300,gsgn,proteins_gin_gn_fast
gsgn_2.txt,gsgn,2,236,0.7257,0.7343,0.8393,PROTEINS,GIN,300,gsgn,proteins_gin_gn_fast
gsgn_2.txt,gsgn,2,237,0.7258,0.7493,0.7232,PROTEINS,GIN,300,gsgn,proteins_gin_gn_fast
gsgn_2.txt,gsgn,2,238,0.7259,0.7493,0.8393,PROTEINS,GIN,300,gsgn,proteins_gin_gn_fast
gsgn_2.txt,gsgn,2,239,0.726,0.7493,0.7411,PROTEINS,GIN,300,gsgn,proteins_gin_gn_fast
gsgn_2.txt,gsgn,2,240,0.7261,0.7483,0.8393,PROTEINS,GIN,300,gsgn,proteins_gin_gn_fast
gsgn_2.txt,gsgn,2,241,0.7262,0.7672,0.8036,PROTEINS,GIN,300,gsgn,proteins_gin_gn_fast
gsgn_2.txt,gsgn,2,242,0.7262,0.7582,0.8393,PROTEINS,GIN,300,gsgn,proteins_gin_gn_fast
gsgn_2.txt,gsgn,2,243,0.7263,0.7582,0.8036,PROTEINS,GIN,300,gsgn,proteins_gin_gn_fast
gsgn_2.txt,gsgn,2,244,0.7266,0.7592,0.8125,PROTEINS,GIN,300,gsgn,proteins_gin_gn_fast
gsgn_2.txt,gsgn,2,245,0.7266,0.7582,0.8214,PROTEINS,GIN,300,gsgn,proteins_gin_gn_fast
gsgn_2.txt,gsgn,2,246,0.7267,0.7622,0.8214,PROTEINS,GIN,300,gsgn,proteins_gin_gn_fast
gsgn_2.txt,gsgn,2,247,0.7268,0.7592,0.8304,PROTEINS,GIN,300,gsgn,proteins_gin_gn_fast
gsgn_2.txt,gsgn,2,248,0.7268,0.7542,0.8214,PROTEINS,GIN,300,gsgn,proteins_gin_gn_fast
gsgn_2.txt,gsgn,2,249,0.7269,0.7652,0.8036,PROTEINS,GIN,300,gsgn,proteins_gin_gn_fast
gsgn_2.txt,gsgn,2,250,0.7269,0.7632,0.8214,PROTEINS,GIN,300,gsgn,proteins_gin_gn_fast
gsgn_2.txt,gsgn,2,251,0.727,0.7652,0.8214,PROTEINS,GIN,300,gsgn,proteins_gin_gn_fast
gsgn_2.txt,gsgn,2,252,0.727,0.7662,0.7946,PROTEINS,GIN,300,gsgn,proteins_gin_gn_fast
gsgn_2.txt,gsgn,2,253,0.7271,0.7652,0.8125,PROTEINS,GIN,300,gsgn,proteins_gin_gn_fast
gsgn_2.txt,gsgn,2,254,0.7272,0.7632,0.8036,PROTEINS,GIN,300,gsgn,proteins_gin_gn_fast
gsgn_2.txt,gsgn,2,255,0.7273,0.7622,0.7857,PROTEINS,GIN,300,gsgn,proteins_gin_gn_fast
gsgn_2.txt,gsgn,2,256,0.7274,0.7692,0.7857,PROTEINS,GIN,300,gsgn,proteins_gin_gn_fast
gsgn_2.txt,gsgn,2,257,0.7274,0.7572,0.8304,PROTEINS,GIN,300,gsgn,proteins_gin_gn_fast
gsgn_2.txt,gsgn,2,258,0.7275,0.7702,0.7857,PROTEINS,GIN,300,gsgn,proteins_gin_gn_fast
gsgn_2.txt,gsgn,2,259,0.7276,0.7672,0.7946,PROTEINS,GIN,300,gsgn,proteins_gin_gn_fast
gsgn_2.txt,gsgn,2,260,0.7277,0.7522,0.8214,PROTEINS,GIN,300,gsgn,proteins_gin_gn_fast
gsgn_2.txt,gsgn,2,261,0.7277,0.7702,0.7946,PROTEINS,GIN,300,gsgn,proteins_gin_gn_fast
gsgn_2.txt,gsgn,2,262,0.7278,0.7592,0.8304,PROTEINS,GIN,300,gsgn,proteins_gin_gn_fast
gsgn_2.txt,gsgn,2,263,0.7279,0.7652,0.7946,PROTEINS,GIN,300,gsgn,proteins_gin_gn_fast
gsgn_2.txt,gsgn,2,264,0.7279,0.7702,0.8036,PROTEINS,GIN,300,gsgn,proteins_gin_gn_fast
gsgn_2.txt,gsgn,2,265,0.728,0.7622,0.7946,PROTEINS,GIN,300,gsgn,proteins_gin_gn_fast
gsgn_2.txt,gsgn,2,266,0.7281,0.7562,0.8393,PROTEINS,GIN,300,gsgn,proteins_gin_gn_fast
gsgn_2.txt,gsgn,2,267,0.7282,0.7682,0.8036,PROTEINS,GIN,300,gsgn,proteins_gin_gn_fast
gsgn_2.txt,gsgn,2,268,0.7283,0.7582,0.8393,PROTEINS,GIN,300,gsgn,proteins_gin_gn_fast
gsgn_2.txt,gsgn,2,269,0.7283,0.7672,0.8125,PROTEINS,GIN,300,gsgn,proteins_gin_gn_fast
gsgn_2.txt,gsgn,2,270,0.7284,0.7672,0.8036,PROTEINS,GIN,300,gsgn,proteins_gin_gn_fast
gsgn_2.txt,gsgn,2,271,0.7284,0.7632,0.8393,PROTEINS,GIN,300,gsgn,proteins_gin_gn_fast
gsgn_2.txt,gsgn,2,272,0.7285,0.7532,0.8304,PROTEINS,GIN,300,gsgn,proteins_gin_gn_fast
gsgn_2.txt,gsgn,2,273,0.7286,0.7682,0.8125,PROTEINS,GIN,300,gsgn,proteins_gin_gn_fast
gsgn_2.txt,gsgn,2,274,0.7286,0.7702,0.7946,PROTEINS,GIN,300,gsgn,proteins_gin_gn_fast
gsgn_2.txt,gsgn,2,275,0.7286,0.7602,0.8304,PROTEINS,GIN,300,gsgn,proteins_gin_gn_fast
gsgn_2.txt,gsgn,2,276,0.7287,0.7672,0.7946,PROTEINS,GIN,300,gsgn,proteins_gin_gn_fast
gsgn_2.txt,gsgn,2,277,0.7288,0.7602,0.8393,PROTEINS,GIN,300,gsgn,proteins_gin_gn_fast
gsgn_2.txt,gsgn,2,278,0.7289,0.7692,0.8036,PROTEINS,GIN,300,gsgn,proteins_gin_gn_fast
gsgn_2.txt,gsgn,2,279,0.7289,0.7592,0.8393,PROTEINS,GIN,300,gsgn,proteins_gin_gn_fast
gsgn_2.txt,gsgn,2,280,0.7289,0.7732,0.8036,PROTEINS,GIN,300,gsgn,proteins_gin_gn_fast
gsgn_2.txt,gsgn,2,281,0.7289,0.7682,0.7946,PROTEINS,GIN,300,gsgn,proteins_gin_gn_fast
gsgn_2.txt,gsgn,2,282,0.729,0.7632,0.8214,PROTEINS,GIN,300,gsgn,proteins_gin_gn_fast
gsgn_2.txt,gsgn,2,283,0.729,0.7672,0.8036,PROTEINS,GIN,300,gsgn,proteins_gin_gn_fast
gsgn_2.txt,gsgn,2,284,0.7291,0.7702,0.8036,PROTEINS,GIN,300,gsgn,proteins_gin_gn_fast
gsgn_2.txt,gsgn,2,285,0.7291,0.7692,0.7946,PROTEINS,GIN,300,gsgn,proteins_gin_gn_fast
gsgn_2.txt,gsgn,2,286,0.7292,0.7712,0.8036,PROTEINS,GIN,300,gsgn,proteins_gin_gn_fast
gsgn_2.txt,gsgn,2,287,0.7292,0.7682,0.8036,PROTEINS,GIN,300,gsgn,proteins_gin_gn_fast
gsgn_2.txt,gsgn,2,288,0.7295,0.7642,0.8482,PROTEINS,GIN,300,gsgn,proteins_gin_gn_fast
gsgn_2.txt,gsgn,2,289,0.7295,0.7702,0.7946,PROTEINS,GIN,300,gsgn,proteins_gin_gn_fast
gsgn_2.txt,gsgn,2,290,0.7296,0.7632,0.8393,PROTEINS,GIN,300,gsgn,proteins_gin_gn_fast
gsgn_2.txt,gsgn,2,291,0.7296,0.7622,0.8393,PROTEINS,GIN,300,gsgn,proteins_gin_gn_fast
gsgn_2.txt,gsgn,2,292,0.7296,0.7662,0.8125,PROTEINS,GIN,300,gsgn,proteins_gin_gn_fast
gsgn_2.txt,gsgn,2,293,0.7297,0.7702,0.7946,PROTEINS,GIN,300,gsgn,proteins_gin_gn_fast
gsgn_2.txt,gsgn,2,294,0.7297,0.7662,0.8125,PROTEINS,GIN,300,gsgn,proteins_gin_gn_fast
gsgn_2.txt,gsgn,2,295,0.7298,0.7642,0.8125,PROTEINS,GIN,300,gsgn,proteins_gin_gn_fast
gsgn_2.txt,gsgn,2,296,0.7298,0.7652,0.8304,PROTEINS,GIN,300,gsgn,proteins_gin_gn_fast
gsgn_2.txt,gsgn,2,297,0.7299,0.7652,0.8125,PROTEINS,GIN,300,gsgn,proteins_gin_gn_fast
gsgn_2.txt,gsgn,2,298,0.7299,0.7692,0.7946,PROTEINS,GIN,300,gsgn,proteins_gin_gn_fast
gsgn_2.txt,gsgn,2,299,0.7299,0.7682,0.7946,PROTEINS,GIN,300,gsgn,proteins_gin_gn_fast
gsgn_2.txt,gsgn,2,300,0.7299,0.7662,0.7946,PROTEINS,GIN,300,gsgn,proteins_gin_gn_fast
